CPU Reset (CPU 0)
EAX=00000000 EBX=00000000 ECX=00000000 EDX=00060fb1
ESI=00000000 EDI=00000000 EBP=00000000 ESP=00000000
EIP=0000fff0 EFL=00000002 [-------] CPL=0 II=0 A20=1 SMM=0 HLT=0
ES =0000 00000000 0000ffff 00009300
CS =f000 ffff0000 0000ffff 00009b00
SS =0000 00000000 0000ffff 00009300
DS =0000 00000000 0000ffff 00009300
FS =0000 00000000 0000ffff 00009300
GS =0000 00000000 0000ffff 00009300
LDT=0000 00000000 0000ffff 00008200
TR =0000 00000000 0000ffff 00008b00
GDT=     00000000 0000ffff
IDT=     00000000 0000ffff
CR0=60000010 CR2=00000000 CR3=00000000 CR4=00000000
DR0=0000000000000000 DR1=0000000000000000 DR2=0000000000000000 DR3=0000000000000000 
DR6=00000000ffff0ff0 DR7=0000000000000400
CCS=00000000 CCD=00000000 CCO=EFLAGS
EFER=0000000000000000
FCW=037f FSW=0000 [ST=0] FTW=00 MXCSR=00001f80
FPR0=0000000000000000 0000 FPR1=0000000000000000 0000
FPR2=0000000000000000 0000 FPR3=0000000000000000 0000
FPR4=0000000000000000 0000 FPR5=0000000000000000 0000
FPR6=0000000000000000 0000 FPR7=0000000000000000 0000
XMM00=0000000000000000 0000000000000000 XMM01=0000000000000000 0000000000000000
XMM02=0000000000000000 0000000000000000 XMM03=0000000000000000 0000000000000000
XMM04=0000000000000000 0000000000000000 XMM05=0000000000000000 0000000000000000
XMM06=0000000000000000 0000000000000000 XMM07=0000000000000000 0000000000000000
CPU Reset (CPU 0)
EAX=00000000 EBX=00000000 ECX=00000000 EDX=00060fb1
ESI=00000000 EDI=00000000 EBP=00000000 ESP=00000000
EIP=0000fff0 EFL=00000002 [-------] CPL=0 II=0 A20=1 SMM=0 HLT=0
ES =0000 00000000 0000ffff 00009300
CS =f000 ffff0000 0000ffff 00009b00
SS =0000 00000000 0000ffff 00009300
DS =0000 00000000 0000ffff 00009300
FS =0000 00000000 0000ffff 00009300
GS =0000 00000000 0000ffff 00009300
LDT=0000 00000000 0000ffff 00008200
TR =0000 00000000 0000ffff 00008b00
GDT=     00000000 0000ffff
IDT=     00000000 0000ffff
CR0=60000010 CR2=00000000 CR3=00000000 CR4=00000000
DR0=0000000000000000 DR1=0000000000000000 DR2=0000000000000000 DR3=0000000000000000 
DR6=00000000ffff0ff0 DR7=0000000000000400
CCS=00000000 CCD=00000000 CCO=EFLAGS
EFER=0000000000000000
FCW=037f FSW=0000 [ST=0] FTW=00 MXCSR=00001f80
FPR0=0000000000000000 0000 FPR1=0000000000000000 0000
FPR2=0000000000000000 0000 FPR3=0000000000000000 0000
FPR4=0000000000000000 0000 FPR5=0000000000000000 0000
FPR6=0000000000000000 0000 FPR7=0000000000000000 0000
XMM00=0000000000000000 0000000000000000 XMM01=0000000000000000 0000000000000000
XMM02=0000000000000000 0000000000000000 XMM03=0000000000000000 0000000000000000
XMM04=0000000000000000 0000000000000000 XMM05=0000000000000000 0000000000000000
XMM06=0000000000000000 0000000000000000 XMM07=0000000000000000 0000000000000000
Servicing hardware INT=0x20
     0: v=20 e=0000 i=0 cpl=0 IP=0038:000000001efa8d17 pc=000000001efa8d17 SP=0030:000000001fe65220 env->regs[R_EAX]=000000001efc3398
RAX=000000001efc3398 RBX=000000001f4e7920 RCX=0000000000000007 RDX=000000001f4e7a3c
RSI=0000000008000160 RDI=000000001f4e7920 RBP=000000001fe65290 RSP=000000001fe65220
R8 =000000000000001f R9 =000000001eb72397 R10=0000000000000000 R11=0000000000000008
R12=000000001fe65358 R13=0000000000000007 R14=0000000000000008 R15=000000001fe65354
RIP=000000001efa8d17 RFL=00000206 [-----P-] CPL=0 II=0 A20=1 SMM=0 HLT=0
ES =0030 0000000000000000 ffffffff 00cf9300 DPL=0 DS   [-WA]
CS =0038 0000000000000000 ffffffff 00af9a00 DPL=0 CS64 [-R-]
SS =0030 0000000000000000 ffffffff 00cf9300 DPL=0 DS   [-WA]
DS =0030 0000000000000000 ffffffff 00cf9300 DPL=0 DS   [-WA]
FS =0030 0000000000000000 ffffffff 00cf9300 DPL=0 DS   [-WA]
GS =0030 0000000000000000 ffffffff 00cf9300 DPL=0 DS   [-WA]
LDT=0000 0000000000000000 0000ffff 00008200 DPL=0 LDT
TR =0000 0000000000000000 0000ffff 00008b00 DPL=0 TSS64-busy
GDT=     000000001f5dc000 00000047
IDT=     000000001efa4018 00000fff
CR0=80000033 CR2=0000000000000000 CR3=000000001f801000 CR4=00000660
DR0=0000000000000000 DR1=0000000000000000 DR2=0000000000000000 DR3=0000000000000000 
DR6=00000000ffff0ff0 DR7=0000000000000400
CCS=0000000000000004 CCD=000000001f4e7a3c CCO=EFLAGS
EFER=0000000000000d00
Servicing hardware INT=0x20
     1: v=20 e=0000 i=0 cpl=0 IP=0038:000000001efa8fff pc=000000001efa8fff SP=0030:000000001fe652a0 env->regs[R_EAX]=000000001efa8ff1
RAX=000000001efa8ff1 RBX=000000c434600000 RCX=0000000000000007 RDX=000fffffc0000000
RSI=0000000000000008 RDI=0000000000000007 RBP=000000001fe652b0 RSP=000000001fe652a0
R8 =000000000000001f R9 =000000001eb72397 R10=0000000000000000 R11=0000000000000008
R12=000000001fe65358 R13=0000000000000001 R14=0000000000000000 R15=000000001fe65354
RIP=000000001efa8fff RFL=00000202 [-------] CPL=0 II=0 A20=1 SMM=0 HLT=0
ES =0030 0000000000000000 ffffffff 00cf9300 DPL=0 DS   [-WA]
CS =0038 0000000000000000 ffffffff 00af9a00 DPL=0 CS64 [-R-]
SS =0030 0000000000000000 ffffffff 00cf9300 DPL=0 DS   [-WA]
DS =0030 0000000000000000 ffffffff 00cf9300 DPL=0 DS   [-WA]
FS =0030 0000000000000000 ffffffff 00cf9300 DPL=0 DS   [-WA]
GS =0030 0000000000000000 ffffffff 00cf9300 DPL=0 DS   [-WA]
LDT=0000 0000000000000000 0000ffff 00008200 DPL=0 LDT
TR =0000 0000000000000000 0000ffff 00008b00 DPL=0 TSS64-busy
GDT=     000000001f5dc000 00000047
IDT=     000000001efa4018 00000fff
CR0=80000033 CR2=0000000000000000 CR3=000000001f801000 CR4=00000668
DR0=0000000000000000 DR1=0000000000000000 DR2=0000000000000000 DR3=0000000000000000 
DR6=00000000ffff0ff0 DR7=0000000000000400
CCS=0000000000000000 CCD=000000001efab940 CCO=EFLAGS
EFER=0000000000000d00
Servicing hardware INT=0x20
     2: v=20 e=0000 i=0 cpl=0 IP=0038:000000001efa8fff pc=000000001efa8fff SP=0030:000000001fe652a0 env->regs[R_EAX]=000000001efa8ff1
RAX=000000001efa8ff1 RBX=000000c8ddc00000 RCX=0000000000000007 RDX=000fffffc0000000
RSI=0000000000000008 RDI=0000000000000007 RBP=000000001fe652b0 RSP=000000001fe652a0
R8 =000000000000001f R9 =000000001eb72397 R10=0000000000000000 R11=0000000000000008
R12=000000001fe65358 R13=0000000000000001 R14=0000000000000000 R15=000000001fe65354
RIP=000000001efa8fff RFL=00000202 [-------] CPL=0 II=0 A20=1 SMM=0 HLT=0
ES =0030 0000000000000000 ffffffff 00cf9300 DPL=0 DS   [-WA]
CS =0038 0000000000000000 ffffffff 00af9a00 DPL=0 CS64 [-R-]
SS =0030 0000000000000000 ffffffff 00cf9300 DPL=0 DS   [-WA]
DS =0030 0000000000000000 ffffffff 00cf9300 DPL=0 DS   [-WA]
FS =0030 0000000000000000 ffffffff 00cf9300 DPL=0 DS   [-WA]
GS =0030 0000000000000000 ffffffff 00cf9300 DPL=0 DS   [-WA]
LDT=0000 0000000000000000 0000ffff 00008200 DPL=0 LDT
TR =0000 0000000000000000 0000ffff 00008b00 DPL=0 TSS64-busy
GDT=     000000001f5dc000 00000047
IDT=     000000001efa4018 00000fff
CR0=80000033 CR2=0000000000000000 CR3=000000001f801000 CR4=00000668
DR0=0000000000000000 DR1=0000000000000000 DR2=0000000000000000 DR3=0000000000000000 
DR6=00000000ffff0ff0 DR7=0000000000000400
CCS=0000000000000000 CCD=000000001efab940 CCO=EFLAGS
EFER=0000000000000d00
Servicing hardware INT=0x20
     3: v=20 e=0000 i=0 cpl=0 IP=0038:000000001efa8fff pc=000000001efa8fff SP=0030:000000001fe652a0 env->regs[R_EAX]=000000001efa8ff1
RAX=000000001efa8ff1 RBX=000000cd82000000 RCX=0000000000000007 RDX=000fffffc0000000
RSI=0000000000000008 RDI=0000000000000007 RBP=000000001fe652b0 RSP=000000001fe652a0
R8 =000000000000001f R9 =000000001eb72397 R10=0000000000000000 R11=0000000000000008
R12=000000001fe65358 R13=0000000000000001 R14=0000000000000000 R15=000000001fe65354
RIP=000000001efa8fff RFL=00000202 [-------] CPL=0 II=0 A20=1 SMM=0 HLT=0
ES =0030 0000000000000000 ffffffff 00cf9300 DPL=0 DS   [-WA]
CS =0038 0000000000000000 ffffffff 00af9a00 DPL=0 CS64 [-R-]
SS =0030 0000000000000000 ffffffff 00cf9300 DPL=0 DS   [-WA]
DS =0030 0000000000000000 ffffffff 00cf9300 DPL=0 DS   [-WA]
FS =0030 0000000000000000 ffffffff 00cf9300 DPL=0 DS   [-WA]
GS =0030 0000000000000000 ffffffff 00cf9300 DPL=0 DS   [-WA]
LDT=0000 0000000000000000 0000ffff 00008200 DPL=0 LDT
TR =0000 0000000000000000 0000ffff 00008b00 DPL=0 TSS64-busy
GDT=     000000001f5dc000 00000047
IDT=     000000001efa4018 00000fff
CR0=80000033 CR2=0000000000000000 CR3=000000001f801000 CR4=00000668
DR0=0000000000000000 DR1=0000000000000000 DR2=0000000000000000 DR3=0000000000000000 
DR6=00000000ffff0ff0 DR7=0000000000000400
CCS=0000000000000000 CCD=000000001efab940 CCO=EFLAGS
EFER=0000000000000d00
Servicing hardware INT=0x20
     4: v=20 e=0000 i=0 cpl=0 IP=0038:000000001efa8fff pc=000000001efa8fff SP=0030:000000001fe652a0 env->regs[R_EAX]=000000001efa8ff1
RAX=000000001efa8ff1 RBX=000000d243800000 RCX=0000000000000005 RDX=0000000000000027
RSI=0000000000000008 RDI=0000000000000005 RBP=000000001fe652b0 RSP=000000001fe652a0
R8 =000000d243600083 R9 =000000001eb72397 R10=0000000000000000 R11=0000000000000008
R12=000000001fe65358 R13=0000000000000001 R14=0000000000000000 R15=000000001fe65354
RIP=000000001efa8fff RFL=00000202 [-------] CPL=0 II=0 A20=1 SMM=0 HLT=0
ES =0030 0000000000000000 ffffffff 00cf9300 DPL=0 DS   [-WA]
CS =0038 0000000000000000 ffffffff 00af9a00 DPL=0 CS64 [-R-]
SS =0030 0000000000000000 ffffffff 00cf9300 DPL=0 DS   [-WA]
DS =0030 0000000000000000 ffffffff 00cf9300 DPL=0 DS   [-WA]
FS =0030 0000000000000000 ffffffff 00cf9300 DPL=0 DS   [-WA]
GS =0030 0000000000000000 ffffffff 00cf9300 DPL=0 DS   [-WA]
LDT=0000 0000000000000000 0000ffff 00008200 DPL=0 LDT
TR =0000 0000000000000000 0000ffff 00008b00 DPL=0 TSS64-busy
GDT=     000000001f5dc000 00000047
IDT=     000000001efa4018 00000fff
CR0=80000033 CR2=0000000000000000 CR3=000000001f801000 CR4=00000668
DR0=0000000000000000 DR1=0000000000000000 DR2=0000000000000000 DR3=0000000000000000 
DR6=00000000ffff0ff0 DR7=0000000000000400
CCS=0000000000000000 CCD=000000001efab940 CCO=EFLAGS
EFER=0000000000000d00
Servicing hardware INT=0x20
     5: v=20 e=0000 i=0 cpl=0 IP=0038:000000001efa8fff pc=000000001efa8fff SP=0030:000000001fe652a0 env->regs[R_EAX]=000000001efa8ff1
RAX=000000001efa8ff1 RBX=000000d6e1a00000 RCX=0000000000000005 RDX=0000000000000027
RSI=0000000000000008 RDI=0000000000000005 RBP=000000001fe652b0 RSP=000000001fe652a0
R8 =000000d6e1800083 R9 =000000001eb72397 R10=0000000000000000 R11=0000000000000008
R12=000000001fe65358 R13=0000000000000001 R14=0000000000000000 R15=000000001fe65354
RIP=000000001efa8fff RFL=00000202 [-------] CPL=0 II=0 A20=1 SMM=0 HLT=0
ES =0030 0000000000000000 ffffffff 00cf9300 DPL=0 DS   [-WA]
CS =0038 0000000000000000 ffffffff 00af9a00 DPL=0 CS64 [-R-]
SS =0030 0000000000000000 ffffffff 00cf9300 DPL=0 DS   [-WA]
DS =0030 0000000000000000 ffffffff 00cf9300 DPL=0 DS   [-WA]
FS =0030 0000000000000000 ffffffff 00cf9300 DPL=0 DS   [-WA]
GS =0030 0000000000000000 ffffffff 00cf9300 DPL=0 DS   [-WA]
LDT=0000 0000000000000000 0000ffff 00008200 DPL=0 LDT
TR =0000 0000000000000000 0000ffff 00008b00 DPL=0 TSS64-busy
GDT=     000000001f5dc000 00000047
IDT=     000000001efa4018 00000fff
CR0=80000033 CR2=0000000000000000 CR3=000000001f801000 CR4=00000668
DR0=0000000000000000 DR1=0000000000000000 DR2=0000000000000000 DR3=0000000000000000 
DR6=00000000ffff0ff0 DR7=0000000000000400
CCS=0000000000000000 CCD=000000001efab940 CCO=EFLAGS
EFER=0000000000000d00
Servicing hardware INT=0x20
     6: v=20 e=0000 i=0 cpl=0 IP=0038:000000001efa8fff pc=000000001efa8fff SP=0030:000000001fe652a0 env->regs[R_EAX]=000000001efa8ff1
RAX=000000001efa8ff1 RBX=000000dbcfc00000 RCX=0000000000000005 RDX=0000000000000027
RSI=0000000000000008 RDI=0000000000000005 RBP=000000001fe652b0 RSP=000000001fe652a0
R8 =000000dbcfa00083 R9 =000000001eb72397 R10=0000000000000000 R11=0000000000000008
R12=000000001fe65358 R13=0000000000000001 R14=0000000000000000 R15=000000001fe65354
RIP=000000001efa8fff RFL=00000202 [-------] CPL=0 II=0 A20=1 SMM=0 HLT=0
ES =0030 0000000000000000 ffffffff 00cf9300 DPL=0 DS   [-WA]
CS =0038 0000000000000000 ffffffff 00af9a00 DPL=0 CS64 [-R-]
SS =0030 0000000000000000 ffffffff 00cf9300 DPL=0 DS   [-WA]
DS =0030 0000000000000000 ffffffff 00cf9300 DPL=0 DS   [-WA]
FS =0030 0000000000000000 ffffffff 00cf9300 DPL=0 DS   [-WA]
GS =0030 0000000000000000 ffffffff 00cf9300 DPL=0 DS   [-WA]
LDT=0000 0000000000000000 0000ffff 00008200 DPL=0 LDT
TR =0000 0000000000000000 0000ffff 00008b00 DPL=0 TSS64-busy
GDT=     000000001f5dc000 00000047
IDT=     000000001efa4018 00000fff
CR0=80000033 CR2=0000000000000000 CR3=000000001f801000 CR4=00000668
DR0=0000000000000000 DR1=0000000000000000 DR2=0000000000000000 DR3=0000000000000000 
DR6=00000000ffff0ff0 DR7=0000000000000400
CCS=0000000000000000 CCD=000000001efab940 CCO=EFLAGS
EFER=0000000000000d00
Servicing hardware INT=0x20
     7: v=20 e=0000 i=0 cpl=0 IP=0038:000000001ea31e5b pc=000000001ea31e5b SP=0030:000000001fe65aa0 env->regs[R_EAX]=000000001eb50b00
RAX=000000001eb50b00 RBX=000000001eb50ba0 RCX=000000001eb50028 RDX=000000001eb50ba0
RSI=000000001ea32936 RDI=000000001ea34eb0 RBP=000000001fe65cc0 RSP=000000001fe65aa0
R8 =0000000000000004 R9 =000000001eb50a98 R10=0000000000000000 R11=0000000000000008
R12=000000001ea32f76 R13=000000001eb51938 R14=0000000000000000 R15=000000001eb50018
RIP=000000001ea31e5b RFL=00000246 [---Z-P-] CPL=0 II=0 A20=1 SMM=0 HLT=0
ES =0030 0000000000000000 ffffffff 00cf9300 DPL=0 DS   [-WA]
CS =0038 0000000000000000 ffffffff 00af9a00 DPL=0 CS64 [-R-]
SS =0030 0000000000000000 ffffffff 00cf9300 DPL=0 DS   [-WA]
DS =0030 0000000000000000 ffffffff 00cf9300 DPL=0 DS   [-WA]
FS =0030 0000000000000000 ffffffff 00cf9300 DPL=0 DS   [-WA]
GS =0030 0000000000000000 ffffffff 00cf9300 DPL=0 DS   [-WA]
LDT=0000 0000000000000000 0000ffff 00008200 DPL=0 LDT
TR =0000 0000000000000000 0000ffff 00008b00 DPL=0 TSS64-busy
GDT=     000000001f5dc000 00000047
IDT=     000000001efa4018 00000fff
CR0=80010033 CR2=0000000000000000 CR3=000000001f801000 CR4=00000668
DR0=0000000000000000 DR1=0000000000000000 DR2=0000000000000000 DR3=0000000000000000 
DR6=00000000ffff0ff0 DR7=0000000000000400
CCS=0000000000000044 CCD=000000001eb50b00 CCO=EFLAGS
EFER=0000000000000d00
Servicing hardware INT=0x20
     8: v=20 e=0000 i=0 cpl=0 IP=0038:000000001fe773f6 pc=000000001fe773f6 SP=0030:000000001fe65a00 env->regs[R_EAX]=e030db4ff623078c
RAX=e030db4ff623078c RBX=000000001ea38b90 RCX=000000001ea38b98 RDX=000000001ea38b90
RSI=3876db53e01e91a8 RDI=437c9e24cd3d0a05 RBP=000000001fe65a40 RSP=000000001fe65a00
R8 =0000000000000004 R9 =000000001eb43f98 R10=000000000000000e R11=0000000000000000
R12=40c02bc153cd299f R13=0000000000000000 R14=000000001fe8a0e0 R15=000000001fe844d1
RIP=000000001fe773f6 RFL=00000206 [-----P-] CPL=0 II=0 A20=1 SMM=0 HLT=0
ES =0030 0000000000000000 ffffffff 00cf9300 DPL=0 DS   [-WA]
CS =0038 0000000000000000 ffffffff 00af9a00 DPL=0 CS64 [-R-]
SS =0030 0000000000000000 ffffffff 00cf9300 DPL=0 DS   [-WA]
DS =0030 0000000000000000 ffffffff 00cf9300 DPL=0 DS   [-WA]
FS =0030 0000000000000000 ffffffff 00cf9300 DPL=0 DS   [-WA]
GS =0030 0000000000000000 ffffffff 00cf9300 DPL=0 DS   [-WA]
LDT=0000 0000000000000000 0000ffff 00008200 DPL=0 LDT
TR =0000 0000000000000000 0000ffff 00008b00 DPL=0 TSS64-busy
GDT=     000000001f5dc000 00000047
IDT=     000000001efa4018 00000fff
CR0=80010033 CR2=0000000000000000 CR3=000000001f801000 CR4=00000668
DR0=0000000000000000 DR1=0000000000000000 DR2=0000000000000000 DR3=0000000000000000 
DR6=00000000ffff0ff0 DR7=0000000000000400
CCS=0000000000000004 CCD=000000001fe659e8 CCO=EFLAGS
EFER=0000000000000d00
Servicing hardware INT=0x20
     9: v=20 e=0000 i=0 cpl=0 IP=0038:000000001fe82e8c pc=000000001fe82e8c SP=0030:000000001fe65b10 env->regs[R_EAX]=00000000000000af
RAX=00000000000000af RBX=000000001ea19000 RCX=0000000000000000 RDX=000000001ea19000
RSI=000000001fe8bb60 RDI=000000001ea1e000 RBP=000000001fe65ba0 RSP=000000001fe65b10
R8 =00000000000000af R9 =000000001ea1dfff R10=0000000000000010 R11=0000000000000000
R12=000000001ea1dfff R13=000000001ea1e000 R14=000000001f7ff180 R15=000000001ea1dfff
RIP=000000001fe82e8c RFL=00000202 [-------] CPL=0 II=0 A20=1 SMM=0 HLT=0
ES =0030 0000000000000000 ffffffff 00cf9300 DPL=0 DS   [-WA]
CS =0038 0000000000000000 ffffffff 00af9a00 DPL=0 CS64 [-R-]
SS =0030 0000000000000000 ffffffff 00cf9300 DPL=0 DS   [-WA]
DS =0030 0000000000000000 ffffffff 00cf9300 DPL=0 DS   [-WA]
FS =0030 0000000000000000 ffffffff 00cf9300 DPL=0 DS   [-WA]
GS =0030 0000000000000000 ffffffff 00cf9300 DPL=0 DS   [-WA]
LDT=0000 0000000000000000 0000ffff 00008200 DPL=0 LDT
TR =0000 0000000000000000 0000ffff 00008b00 DPL=0 TSS64-busy
GDT=     000000001f5dc000 00000047
IDT=     000000001efa4018 00000fff
CR0=80010033 CR2=0000000000000000 CR3=000000001f801000 CR4=00000668
DR0=0000000000000000 DR1=0000000000000000 DR2=0000000000000000 DR3=0000000000000000 
DR6=00000000ffff0ff0 DR7=0000000000000400
CCS=0000000000000000 CCD=000000001fe65af8 CCO=EFLAGS
EFER=0000000000000d00
Servicing hardware INT=0x20
    10: v=20 e=0000 i=0 cpl=0 IP=0038:000000001fe6abe1 pc=000000001fe6abe1 SP=0030:000000001fe65ba0 env->regs[R_EAX]=000000001eb7b9b0
RAX=000000001eb7b9b0 RBX=000000001eb43398 RCX=0000000000000010 RDX=000000001fe65c78
RSI=000000001eb7b9b0 RDI=0000000000000002 RBP=000000001fe65c00 RSP=000000001fe65ba0
R8 =000000001fe65c70 R9 =0000000000000038 R10=0000000000000014 R11=0000000000000000
R12=0000000000000000 R13=000000001eb7b998 R14=000000001fe65c78 R15=000000001fe65c70
RIP=000000001fe6abe1 RFL=00000202 [-------] CPL=0 II=0 A20=1 SMM=0 HLT=0
ES =0030 0000000000000000 ffffffff 00cf9300 DPL=0 DS   [-WA]
CS =0038 0000000000000000 ffffffff 00af9a00 DPL=0 CS64 [-R-]
SS =0030 0000000000000000 ffffffff 00cf9300 DPL=0 DS   [-WA]
DS =0030 0000000000000000 ffffffff 00cf9300 DPL=0 DS   [-WA]
FS =0030 0000000000000000 ffffffff 00cf9300 DPL=0 DS   [-WA]
GS =0030 0000000000000000 ffffffff 00cf9300 DPL=0 DS   [-WA]
LDT=0000 0000000000000000 0000ffff 00008200 DPL=0 LDT
TR =0000 0000000000000000 0000ffff 00008b00 DPL=0 TSS64-busy
GDT=     000000001f5dc000 00000047
IDT=     000000001efa4018 00000fff
CR0=80010033 CR2=0000000000000000 CR3=000000001f801000 CR4=00000668
DR0=0000000000000000 DR1=0000000000000000 DR2=0000000000000000 DR3=0000000000000000 
DR6=00000000ffff0ff0 DR7=0000000000000400
CCS=0000000000000000 CCD=0000000000000002 CCO=EFLAGS
EFER=0000000000000d00
Servicing hardware INT=0x20
    11: v=20 e=0000 i=0 cpl=0 IP=0038:000000001eb56266 pc=000000001eb56266 SP=0030:000000001fe65a98 env->regs[R_EAX]=000000001eb6ba80
RAX=000000001eb6ba80 RBX=0000000000000004 RCX=000000001eb6ba80 RDX=000000001fe85f28
RSI=000000001eb7b9b0 RDI=0000000000000001 RBP=000000001fe65ad0 RSP=000000001fe65a98
R8 =0000000000000004 R9 =000000001ea40f98 R10=0000000000000016 R11=0000000000000000
R12=0000000000000010 R13=000000001eb7b9b0 R14=000000001fe65c78 R15=000000001fe65c70
RIP=000000001eb56266 RFL=00000206 [-----P-] CPL=0 II=0 A20=1 SMM=0 HLT=0
ES =0030 0000000000000000 ffffffff 00cf9300 DPL=0 DS   [-WA]
CS =0038 0000000000000000 ffffffff 00af9a00 DPL=0 CS64 [-R-]
SS =0030 0000000000000000 ffffffff 00cf9300 DPL=0 DS   [-WA]
DS =0030 0000000000000000 ffffffff 00cf9300 DPL=0 DS   [-WA]
FS =0030 0000000000000000 ffffffff 00cf9300 DPL=0 DS   [-WA]
GS =0030 0000000000000000 ffffffff 00cf9300 DPL=0 DS   [-WA]
LDT=0000 0000000000000000 0000ffff 00008200 DPL=0 LDT
TR =0000 0000000000000000 0000ffff 00008b00 DPL=0 TSS64-busy
GDT=     000000001f5dc000 00000047
IDT=     000000001efa4018 00000fff
CR0=80010033 CR2=0000000000000000 CR3=000000001f801000 CR4=00000668
DR0=0000000000000000 DR1=0000000000000000 DR2=0000000000000000 DR3=0000000000000000 
DR6=00000000ffff0ff0 DR7=0000000000000400
CCS=0000000000000004 CCD=000000001fe65aa0 CCO=EFLAGS
EFER=0000000000000d00
Servicing hardware INT=0x20
    12: v=20 e=0000 i=0 cpl=0 IP=0038:000000001fe82e8c pc=000000001fe82e8c SP=0030:000000001fe65b10 env->regs[R_EAX]=00000000000000af
RAX=00000000000000af RBX=000000001e7be000 RCX=0000000000000000 RDX=000000001e7be000
RSI=000000001fe8bb60 RDI=000000001e7cf000 RBP=000000001fe65ba0 RSP=000000001fe65b10
R8 =00000000000000af R9 =000000001e7cefff R10=0000000000000016 R11=0000000000000000
R12=000000001e7cefff R13=000000001e7cf000 R14=000000001eb42180 R15=000000001e7cefff
RIP=000000001fe82e8c RFL=00000202 [-------] CPL=0 II=0 A20=1 SMM=0 HLT=0
ES =0030 0000000000000000 ffffffff 00cf9300 DPL=0 DS   [-WA]
CS =0038 0000000000000000 ffffffff 00af9a00 DPL=0 CS64 [-R-]
SS =0030 0000000000000000 ffffffff 00cf9300 DPL=0 DS   [-WA]
DS =0030 0000000000000000 ffffffff 00cf9300 DPL=0 DS   [-WA]
FS =0030 0000000000000000 ffffffff 00cf9300 DPL=0 DS   [-WA]
GS =0030 0000000000000000 ffffffff 00cf9300 DPL=0 DS   [-WA]
LDT=0000 0000000000000000 0000ffff 00008200 DPL=0 LDT
TR =0000 0000000000000000 0000ffff 00008b00 DPL=0 TSS64-busy
GDT=     000000001f5dc000 00000047
IDT=     000000001efa4018 00000fff
CR0=80010033 CR2=0000000000000000 CR3=000000001f801000 CR4=00000668
DR0=0000000000000000 DR1=0000000000000000 DR2=0000000000000000 DR3=0000000000000000 
DR6=00000000ffff0ff0 DR7=0000000000000400
CCS=0000000000000000 CCD=000000001fe65af8 CCO=EFLAGS
EFER=0000000000000d00
Servicing hardware INT=0x20
    13: v=20 e=0000 i=0 cpl=0 IP=0038:000000001fe773ea pc=000000001fe773ea SP=0030:000000001fe65c40 env->regs[R_EAX]=4dc13f279000389a
RAX=4dc13f279000389a RBX=000000001fe65dd0 RCX=000000001f4e4f38 RDX=000000001fe65dd0
RSI=000000001f4e4f30 RDI=11d446cc665e3ff6 RBP=000000001fe65c80 RSP=000000001fe65c40
R8 =000000001fe65dc8 R9 =000000001f24ec28 R10=000000000000001b R11=0000000000000000
R12=4b0fd9484e939de9 R13=0000000000000000 R14=000000001fe8a0e0 R15=000000001fe844d1
RIP=000000001fe773ea RFL=00000206 [-----P-] CPL=0 II=0 A20=1 SMM=0 HLT=0
ES =0030 0000000000000000 ffffffff 00cf9300 DPL=0 DS   [-WA]
CS =0038 0000000000000000 ffffffff 00af9a00 DPL=0 CS64 [-R-]
SS =0030 0000000000000000 ffffffff 00cf9300 DPL=0 DS   [-WA]
DS =0030 0000000000000000 ffffffff 00cf9300 DPL=0 DS   [-WA]
FS =0030 0000000000000000 ffffffff 00cf9300 DPL=0 DS   [-WA]
GS =0030 0000000000000000 ffffffff 00cf9300 DPL=0 DS   [-WA]
LDT=0000 0000000000000000 0000ffff 00008200 DPL=0 LDT
TR =0000 0000000000000000 0000ffff 00008b00 DPL=0 TSS64-busy
GDT=     000000001f5dc000 00000047
IDT=     000000001efa4018 00000fff
CR0=80010033 CR2=0000000000000000 CR3=000000001f801000 CR4=00000668
DR0=0000000000000000 DR1=0000000000000000 DR2=0000000000000000 DR3=0000000000000000 
DR6=00000000ffff0ff0 DR7=0000000000000400
CCS=0000000000000004 CCD=000000001fe65c28 CCO=EFLAGS
EFER=0000000000000d00
Servicing hardware INT=0x20
    14: v=20 e=0000 i=0 cpl=0 IP=0038:000000001f6e6d66 pc=000000001f6e6d66 SP=0030:000000001fe65930 env->regs[R_EAX]=0000000000000048
RAX=0000000000000048 RBX=00000000ffc00064 RCX=0000000000000101 RDX=0000000000000000
RSI=0000000000000000 RDI=00000000ffc000ab RBP=000000001fe65960 RSP=000000001fe65930
R8 =0000000000000064 R9 =000000001fe659e8 R10=000000001f58a07c R11=000000001f6e6d92
R12=000000001eac1018 R13=00000000ffc000ac R14=0000000000000048 R15=000000001fe659e8
RIP=000000001f6e6d66 RFL=00000246 [---Z-P-] CPL=0 II=0 A20=1 SMM=0 HLT=0
ES =0030 0000000000000000 ffffffff 00cf9300 DPL=0 DS   [-WA]
CS =0038 0000000000000000 ffffffff 00af9a00 DPL=0 CS64 [-R-]
SS =0030 0000000000000000 ffffffff 00cf9300 DPL=0 DS   [-WA]
DS =0030 0000000000000000 ffffffff 00cf9300 DPL=0 DS   [-WA]
FS =0030 0000000000000000 ffffffff 00cf9300 DPL=0 DS   [-WA]
GS =0030 0000000000000000 ffffffff 00cf9300 DPL=0 DS   [-WA]
LDT=0000 0000000000000000 0000ffff 00008200 DPL=0 LDT
TR =0000 0000000000000000 0000ffff 00008b00 DPL=0 TSS64-busy
GDT=     000000001f5dc000 00000047
IDT=     000000001efa4018 00000fff
CR0=80010033 CR2=0000000000000000 CR3=000000001f801000 CR4=00000668
DR0=0000000000000000 DR1=0000000000000000 DR2=0000000000000000 DR3=0000000000000000 
DR6=00000000ffff0ff0 DR7=0000000000000400
CCS=0000000000000044 CCD=0000000000000000 CCO=EFLAGS
EFER=0000000000000d00
Servicing hardware INT=0x20
    15: v=20 e=0000 i=0 cpl=0 IP=0038:000000001e7ac591 pc=000000001e7ac591 SP=0030:000000001fe65b60 env->regs[R_EAX]=00000000000000f9
RAX=00000000000000f9 RBX=000000001ea1102c RCX=000000001ea1102c RDX=000000001e7b4a04
RSI=000000001ea1102c RDI=00000000000000f5 RBP=000000001fe65ba0 RSP=000000001fe65b60
R8 =00000000000000f5 R9 =000000001ea11018 R10=0000000000000000 R11=0000000000000000
R12=000000001ea1b918 R13=000000001fe65c30 R14=000000001e7b5460 R15=000000001fe8a8a0
RIP=000000001e7ac591 RFL=00000206 [-----P-] CPL=0 II=0 A20=1 SMM=0 HLT=0
ES =0030 0000000000000000 ffffffff 00cf9300 DPL=0 DS   [-WA]
CS =0038 0000000000000000 ffffffff 00af9a00 DPL=0 CS64 [-R-]
SS =0030 0000000000000000 ffffffff 00cf9300 DPL=0 DS   [-WA]
DS =0030 0000000000000000 ffffffff 00cf9300 DPL=0 DS   [-WA]
FS =0030 0000000000000000 ffffffff 00cf9300 DPL=0 DS   [-WA]
GS =0030 0000000000000000 ffffffff 00cf9300 DPL=0 DS   [-WA]
LDT=0000 0000000000000000 0000ffff 00008200 DPL=0 LDT
TR =0000 0000000000000000 0000ffff 00008b00 DPL=0 TSS64-busy
GDT=     000000001f5dc000 00000047
IDT=     000000001efa4018 00000fff
CR0=80010033 CR2=0000000000000000 CR3=000000001f801000 CR4=00000668
DR0=0000000000000000 DR1=0000000000000000 DR2=0000000000000000 DR3=0000000000000000 
DR6=00000000ffff0ff0 DR7=0000000000000400
CCS=0000000000000004 CCD=00000000000000f5 CCO=EFLAGS
EFER=0000000000000d00
Servicing hardware INT=0x20
    16: v=20 e=0000 i=0 cpl=0 IP=0038:000000001eb106a7 pc=000000001eb106a7 SP=0030:000000001fe65970 env->regs[R_EAX]=000000001eb10067
RAX=000000001eb10067 RBX=0000000000000026 RCX=000000001ea0a646 RDX=000000001fe65a08
RSI=000000001ea0a622 RDI=0000000000000000 RBP=000000001fe659a0 RSP=000000001fe65970
R8 =000000001fe65aa8 R9 =000000001fe65aa0 R10=000000001ea0e398 R11=0000000000000000
R12=000000001fe65a08 R13=000000001ea0a622 R14=0000000000000000 R15=000000001ea0a620
RIP=000000001eb106a7 RFL=00000202 [-------] CPL=0 II=0 A20=1 SMM=0 HLT=0
ES =0030 0000000000000000 ffffffff 00cf9300 DPL=0 DS   [-WA]
CS =0038 0000000000000000 ffffffff 00af9a00 DPL=0 CS64 [-R-]
SS =0030 0000000000000000 ffffffff 00cf9300 DPL=0 DS   [-WA]
DS =0030 0000000000000000 ffffffff 00cf9300 DPL=0 DS   [-WA]
FS =0030 0000000000000000 ffffffff 00cf9300 DPL=0 DS   [-WA]
GS =0030 0000000000000000 ffffffff 00cf9300 DPL=0 DS   [-WA]
LDT=0000 0000000000000000 0000ffff 00008200 DPL=0 LDT
TR =0000 0000000000000000 0000ffff 00008b00 DPL=0 TSS64-busy
GDT=     000000001f5dc000 00000047
IDT=     000000001efa4018 00000fff
CR0=80010033 CR2=0000000000000000 CR3=000000001f801000 CR4=00000668
DR0=0000000000000000 DR1=0000000000000000 DR2=0000000000000000 DR3=0000000000000000 
DR6=00000000ffff0ff0 DR7=0000000000000400
CCS=0000000000000000 CCD=000000001eb10067 CCO=EFLAGS
EFER=0000000000000d00
Servicing hardware INT=0x20
    17: v=20 e=0000 i=0 cpl=0 IP=0038:000000001eb56266 pc=000000001eb56266 SP=0030:000000001fe65ad8 env->regs[R_EAX]=000000001eb6ba80
RAX=000000001eb6ba80 RBX=0000000000000004 RCX=000000001eb6ba80 RDX=000000001e7bdbb8
RSI=0000000000000000 RDI=0000000000000001 RBP=000000001fe65b10 RSP=000000001fe65ad8
R8 =0000000000000004 R9 =000000001e7bdb98 R10=000000001f58a0c4 R11=0000000000000000
R12=0000000000000010 R13=0000000000000000 R14=000000001e780a90 R15=000000001fe65c58
RIP=000000001eb56266 RFL=00000202 [-------] CPL=0 II=0 A20=1 SMM=0 HLT=0
ES =0030 0000000000000000 ffffffff 00cf9300 DPL=0 DS   [-WA]
CS =0038 0000000000000000 ffffffff 00af9a00 DPL=0 CS64 [-R-]
SS =0030 0000000000000000 ffffffff 00cf9300 DPL=0 DS   [-WA]
DS =0030 0000000000000000 ffffffff 00cf9300 DPL=0 DS   [-WA]
FS =0030 0000000000000000 ffffffff 00cf9300 DPL=0 DS   [-WA]
GS =0030 0000000000000000 ffffffff 00cf9300 DPL=0 DS   [-WA]
LDT=0000 0000000000000000 0000ffff 00008200 DPL=0 LDT
TR =0000 0000000000000000 0000ffff 00008b00 DPL=0 TSS64-busy
GDT=     000000001f5dc000 00000047
IDT=     000000001efa4018 00000fff
CR0=80010033 CR2=0000000000000000 CR3=000000001f801000 CR4=00000668
DR0=0000000000000000 DR1=0000000000000000 DR2=0000000000000000 DR3=0000000000000000 
DR6=00000000ffff0ff0 DR7=0000000000000400
CCS=0000000000000000 CCD=000000001fe65ae0 CCO=EFLAGS
EFER=0000000000000d00
Servicing hardware INT=0x20
    18: v=20 e=0000 i=0 cpl=0 IP=0038:000000001fe773bb pc=000000001fe773bb SP=0030:000000001fe659e8 env->regs[R_EAX]=00000000ab75da00
RAX=00000000ab75da00 RBX=000000001f4e4ea0 RCX=000000001f4e4eb0 RDX=000000001e725e10
RSI=0000000000000001 RDI=000000001e725e10 RBP=000000001fe65a50 RSP=000000001fe659e8
R8 =000000001fe65a88 R9 =000000001f4ecf98 R10=0000000000000040 R11=000000001e741ec0
R12=000000001f4e4e98 R13=0000000000000001 R14=000000001fe8a0e0 R15=000000001fe844d1
RIP=000000001fe773bb RFL=00000206 [-----P-] CPL=0 II=0 A20=1 SMM=0 HLT=0
ES =0030 0000000000000000 ffffffff 00cf9300 DPL=0 DS   [-WA]
CS =0038 0000000000000000 ffffffff 00af9a00 DPL=0 CS64 [-R-]
SS =0030 0000000000000000 ffffffff 00cf9300 DPL=0 DS   [-WA]
DS =0030 0000000000000000 ffffffff 00cf9300 DPL=0 DS   [-WA]
FS =0030 0000000000000000 ffffffff 00cf9300 DPL=0 DS   [-WA]
GS =0030 0000000000000000 ffffffff 00cf9300 DPL=0 DS   [-WA]
LDT=0000 0000000000000000 0000ffff 00008200 DPL=0 LDT
TR =0000 0000000000000000 0000ffff 00008b00 DPL=0 TSS64-busy
GDT=     000000001f5dc000 00000047
IDT=     000000001efa4018 00000fff
CR0=80010033 CR2=0000000000000000 CR3=000000001f801000 CR4=00000668
DR0=0000000000000000 DR1=0000000000000000 DR2=0000000000000000 DR3=0000000000000000 
DR6=00000000ffff0ff0 DR7=0000000000000400
CCS=0000000000000004 CCD=000000001fe659f0 CCO=EFLAGS
EFER=0000000000000d00
Servicing hardware INT=0x20
    19: v=20 e=0000 i=0 cpl=0 IP=0038:000000001eb56266 pc=000000001eb56266 SP=0030:000000001fe65a88 env->regs[R_EAX]=000000001eb6ba80
RAX=000000001eb6ba80 RBX=0000000000000004 RCX=000000001eb6ba80 RDX=0000000000000003
RSI=000000001e776930 RDI=0000000000000001 RBP=000000001fe65ac0 RSP=000000001fe65a88
R8 =0000000000000004 R9 =000000001e776918 R10=000000001f6ba260 R11=0000000000000000
R12=0000000000000010 R13=000000001fe65c60 R14=000000001fe65c68 R15=0000000000000001
RIP=000000001eb56266 RFL=00000206 [-----P-] CPL=0 II=0 A20=1 SMM=0 HLT=0
ES =0030 0000000000000000 ffffffff 00cf9300 DPL=0 DS   [-WA]
CS =0038 0000000000000000 ffffffff 00af9a00 DPL=0 CS64 [-R-]
SS =0030 0000000000000000 ffffffff 00cf9300 DPL=0 DS   [-WA]
DS =0030 0000000000000000 ffffffff 00cf9300 DPL=0 DS   [-WA]
FS =0030 0000000000000000 ffffffff 00cf9300 DPL=0 DS   [-WA]
GS =0030 0000000000000000 ffffffff 00cf9300 DPL=0 DS   [-WA]
LDT=0000 0000000000000000 0000ffff 00008200 DPL=0 LDT
TR =0000 0000000000000000 0000ffff 00008b00 DPL=0 TSS64-busy
GDT=     000000001f5dc000 00000047
IDT=     000000001efa4018 00000fff
CR0=80010033 CR2=0000000000000000 CR3=000000001f801000 CR4=00000668
DR0=0000000000000000 DR1=0000000000000000 DR2=0000000000000000 DR3=0000000000000000 
DR6=00000000ffff0ff0 DR7=0000000000000400
CCS=0000000000000004 CCD=000000001fe65a90 CCO=EFLAGS
EFER=0000000000000d00
Servicing hardware INT=0x20
    20: v=20 e=0000 i=0 cpl=0 IP=0038:000000001fe773de pc=000000001fe773de SP=0030:000000001fe656f0 env->regs[R_EAX]=4954a62ef541796d
RAX=4954a62ef541796d RBX=000000001ef9e4b0 RCX=000000001ef9e4b0 RDX=000000001ef9e4b0
RSI=000000001eb7b430 RDI=4e466bdf31a6406a RBP=000000001fe65730 RSP=000000001fe656f0
R8 =000000001fe658c0 R9 =0000000000004080 R10=000000001fe65a78 R11=0000000000000000
R12=000000001eb7b418 R13=0000000000000000 R14=000000001fe8a0e0 R15=000000001fe844d1
RIP=000000001fe773de RFL=00000206 [-----P-] CPL=0 II=0 A20=1 SMM=0 HLT=0
ES =0030 0000000000000000 ffffffff 00cf9300 DPL=0 DS   [-WA]
CS =0038 0000000000000000 ffffffff 00af9a00 DPL=0 CS64 [-R-]
SS =0030 0000000000000000 ffffffff 00cf9300 DPL=0 DS   [-WA]
DS =0030 0000000000000000 ffffffff 00cf9300 DPL=0 DS   [-WA]
FS =0030 0000000000000000 ffffffff 00cf9300 DPL=0 DS   [-WA]
GS =0030 0000000000000000 ffffffff 00cf9300 DPL=0 DS   [-WA]
LDT=0000 0000000000000000 0000ffff 00008200 DPL=0 LDT
TR =0000 0000000000000000 0000ffff 00008b00 DPL=0 TSS64-busy
GDT=     000000001f5dc000 00000047
IDT=     000000001efa4018 00000fff
CR0=80010033 CR2=0000000000000000 CR3=000000001f801000 CR4=00000668
DR0=0000000000000000 DR1=0000000000000000 DR2=0000000000000000 DR3=0000000000000000 
DR6=00000000ffff0ff0 DR7=0000000000000400
CCS=0000000000000004 CCD=000000001fe656d8 CCO=EFLAGS
EFER=0000000000000d00
Servicing hardware INT=0x20
    21: v=20 e=0000 i=0 cpl=0 IP=0038:000000001fe6e63c pc=000000001fe6e63c SP=0030:000000001fe65848 env->regs[R_EAX]=800000000000000f
RAX=800000000000000f RBX=000000001fe8ab90 RCX=0000000000000010 RDX=0000000000000000
RSI=0000000000000000 RDI=000000001fe8ab90 RBP=000000001fe65880 RSP=000000001fe65848
R8 =000000001fe65948 R9 =00000000000000d0 R10=000000000000001a R11=000000001e6e2be0
R12=0000000000000000 R13=0000000000000004 R14=000000001fe8ab90 R15=000000001e7273b0
RIP=000000001fe6e63c RFL=00000206 [-----P-] CPL=0 II=0 A20=1 SMM=0 HLT=0
ES =0030 0000000000000000 ffffffff 00cf9300 DPL=0 DS   [-WA]
CS =0038 0000000000000000 ffffffff 00af9a00 DPL=0 CS64 [-R-]
SS =0030 0000000000000000 ffffffff 00cf9300 DPL=0 DS   [-WA]
DS =0030 0000000000000000 ffffffff 00cf9300 DPL=0 DS   [-WA]
FS =0030 0000000000000000 ffffffff 00cf9300 DPL=0 DS   [-WA]
GS =0030 0000000000000000 ffffffff 00cf9300 DPL=0 DS   [-WA]
LDT=0000 0000000000000000 0000ffff 00008200 DPL=0 LDT
TR =0000 0000000000000000 0000ffff 00008b00 DPL=0 TSS64-busy
GDT=     000000001f5dc000 00000047
IDT=     000000001efa4018 00000fff
CR0=80010033 CR2=0000000000000000 CR3=000000001f801000 CR4=00000668
DR0=0000000000000000 DR1=0000000000000000 DR2=0000000000000000 DR3=0000000000000000 
DR6=00000000ffff0ff0 DR7=0000000000000400
CCS=0000000000000004 CCD=000000001fe65850 CCO=EFLAGS
EFER=0000000000000d00
Servicing hardware INT=0x20
    22: v=20 e=0000 i=0 cpl=0 IP=0038:000000001fe80828 pc=000000001fe80828 SP=0030:000000001fe65b10 env->regs[R_EAX]=000000001e59f000
RAX=000000001e59f000 RBX=000000001e713c98 RCX=000000001e5b1dbf RDX=0000000000000000
RSI=00000000000cd000 RDI=000000001e713d88 RBP=000000001fe65d30 RSP=000000001fe65b10
R8 =000000001e4d2000 R9 =000000001e5b0c34 R10=00000000000dc1b8 R11=0000000000000000
R12=000000001e4d2130 R13=0000000000000000 R14=000000001e5b0c2c R15=000000001e5ae240
RIP=000000001fe80828 RFL=00000206 [-----P-] CPL=0 II=0 A20=1 SMM=0 HLT=0
ES =0030 0000000000000000 ffffffff 00cf9300 DPL=0 DS   [-WA]
CS =0038 0000000000000000 ffffffff 00af9a00 DPL=0 CS64 [-R-]
SS =0030 0000000000000000 ffffffff 00cf9300 DPL=0 DS   [-WA]
DS =0030 0000000000000000 ffffffff 00cf9300 DPL=0 DS   [-WA]
FS =0030 0000000000000000 ffffffff 00cf9300 DPL=0 DS   [-WA]
GS =0030 0000000000000000 ffffffff 00cf9300 DPL=0 DS   [-WA]
LDT=0000 0000000000000000 0000ffff 00008200 DPL=0 LDT
TR =0000 0000000000000000 0000ffff 00008b00 DPL=0 TSS64-busy
GDT=     000000001f5dc000 00000047
IDT=     000000001efa4018 00000fff
CR0=80010033 CR2=0000000000000000 CR3=000000001f801000 CR4=00000668
DR0=0000000000000000 DR1=0000000000000000 DR2=0000000000000000 DR3=0000000000000000 
DR6=00000000ffff0ff0 DR7=0000000000000400
CCS=0000000000000004 CCD=000000001e59f000 CCO=EFLAGS
EFER=0000000000000d00
Servicing hardware INT=0x20
    23: v=20 e=0000 i=0 cpl=0 IP=0038:000000001e54de6c pc=000000001e54de6c SP=0030:000000001fe65ab0 env->regs[R_EAX]=00000000ffffffff
RAX=00000000ffffffff RBX=0000000000000050 RCX=000000001e5347c2 RDX=0000000003001305
RSI=000000001e5a5680 RDI=000000001e5a5540 RBP=000000001fe65b10 RSP=000000001fe65ab0
R8 =000000001e6e4828 R9 =000000001e6e4818 R10=0000000000000900 R11=000000001e7263e0
R12=000000001e5a5540 R13=0000000000000004 R14=0000000000000000 R15=0000000000000000
RIP=000000001e54de6c RFL=00000286 [--S--P-] CPL=0 II=0 A20=1 SMM=0 HLT=0
ES =0030 0000000000000000 ffffffff 00cf9300 DPL=0 DS   [-WA]
CS =0038 0000000000000000 ffffffff 00af9a00 DPL=0 CS64 [-R-]
SS =0030 0000000000000000 ffffffff 00cf9300 DPL=0 DS   [-WA]
DS =0030 0000000000000000 ffffffff 00cf9300 DPL=0 DS   [-WA]
FS =0030 0000000000000000 ffffffff 00cf9300 DPL=0 DS   [-WA]
GS =0030 0000000000000000 ffffffff 00cf9300 DPL=0 DS   [-WA]
LDT=0000 0000000000000000 0000ffff 00008200 DPL=0 LDT
TR =0000 0000000000000000 0000ffff 00008b00 DPL=0 TSS64-busy
GDT=     000000001f5dc000 00000047
IDT=     000000001efa4018 00000fff
CR0=80010033 CR2=0000000000000000 CR3=000000001f801000 CR4=00000668
DR0=0000000000000000 DR1=0000000000000000 DR2=0000000000000000 DR3=0000000000000000 
DR6=00000000ffff0ff0 DR7=0000000000000400
CCS=0000000000000084 CCD=ffffffffffffffff CCO=EFLAGS
EFER=0000000000000d00
Servicing hardware INT=0x20
    24: v=20 e=0000 i=0 cpl=0 IP=0038:000000001e54e219 pc=000000001e54e219 SP=0030:000000001fe65810 env->regs[R_EAX]=000000001e68c8a8
RAX=000000001e68c8a8 RBX=0000000000000000 RCX=000000001e5710f4 RDX=0000000000000000
RSI=000000001e5710f4 RDI=000000001e68c8a8 RBP=000000001fe65850 RSP=000000001fe65810
R8 =0000000000000012 R9 =000000001e68c898 R10=000000001e4fff84 R11=0000000000000000
R12=0000000000000000 R13=000000001fe65888 R14=000000001e68c7a8 R15=000000001e4fae5c
RIP=000000001e54e219 RFL=00000202 [-------] CPL=0 II=0 A20=1 SMM=0 HLT=0
ES =0030 0000000000000000 ffffffff 00cf9300 DPL=0 DS   [-WA]
CS =0038 0000000000000000 ffffffff 00af9a00 DPL=0 CS64 [-R-]
SS =0030 0000000000000000 ffffffff 00cf9300 DPL=0 DS   [-WA]
DS =0030 0000000000000000 ffffffff 00cf9300 DPL=0 DS   [-WA]
FS =0030 0000000000000000 ffffffff 00cf9300 DPL=0 DS   [-WA]
GS =0030 0000000000000000 ffffffff 00cf9300 DPL=0 DS   [-WA]
LDT=0000 0000000000000000 0000ffff 00008200 DPL=0 LDT
TR =0000 0000000000000000 0000ffff 00008b00 DPL=0 TSS64-busy
GDT=     000000001f5dc000 00000047
IDT=     000000001efa4018 00000fff
CR0=80010033 CR2=0000000000000000 CR3=000000001f801000 CR4=00000668
DR0=0000000000000000 DR1=0000000000000000 DR2=0000000000000000 DR3=0000000000000000 
DR6=00000000ffff0ff0 DR7=0000000000000400
CCS=0000000000000000 CCD=000000001e68c8a8 CCO=EFLAGS
EFER=0000000000000d00
Servicing hardware INT=0x20
    25: v=20 e=0000 i=0 cpl=0 IP=0038:000000001e4fdf95 pc=000000001e4fdf95 SP=0030:000000001fe65418 env->regs[R_EAX]=0000000000000002
RAX=0000000000000002 RBX=000000001fe654a8 RCX=0000000000000000 RDX=000000001fe65488
RSI=000000001fe654a8 RDI=000000001e6b6f28 RBP=000000001fe65430 RSP=000000001fe65418
R8 =000000001e56905b R9 =0000000000000000 R10=0000000000000c00 R11=000000001e68bea8
R12=000000001e7139a8 R13=000000001fe654a8 R14=000000001fe65488 R15=0000000000000006
RIP=000000001e4fdf95 RFL=00000246 [---Z-P-] CPL=0 II=0 A20=1 SMM=0 HLT=0
ES =0030 0000000000000000 ffffffff 00cf9300 DPL=0 DS   [-WA]
CS =0038 0000000000000000 ffffffff 00af9a00 DPL=0 CS64 [-R-]
SS =0030 0000000000000000 ffffffff 00cf9300 DPL=0 DS   [-WA]
DS =0030 0000000000000000 ffffffff 00cf9300 DPL=0 DS   [-WA]
FS =0030 0000000000000000 ffffffff 00cf9300 DPL=0 DS   [-WA]
GS =0030 0000000000000000 ffffffff 00cf9300 DPL=0 DS   [-WA]
LDT=0000 0000000000000000 0000ffff 00008200 DPL=0 LDT
TR =0000 0000000000000000 0000ffff 00008b00 DPL=0 TSS64-busy
GDT=     000000001f5dc000 00000047
IDT=     000000001efa4018 00000fff
CR0=80010033 CR2=0000000000000000 CR3=000000001f801000 CR4=00000668
DR0=0000000000000000 DR1=0000000000000000 DR2=0000000000000000 DR3=0000000000000000 
DR6=00000000ffff0ff0 DR7=0000000000000400
CCS=0000000000000044 CCD=0000000000000000 CCO=EFLAGS
EFER=0000000000000d00
Servicing hardware INT=0x20
    26: v=20 e=0000 i=0 cpl=0 IP=0038:000000001e502266 pc=000000001e502266 SP=0030:000000001fe65830 env->regs[R_EAX]=0000000000000002
RAX=0000000000000002 RBX=000000001e67b0a8 RCX=0000000000000002 RDX=0000000000000002
RSI=0000000000000002 RDI=000000001e502266 RBP=000000001fe65860 RSP=000000001fe65830
R8 =0000000000000002 R9 =0000000000000002 R10=0000000000000000 R11=0000000000000000
R12=000000001e5ab690 R13=0000000000000000 R14=0000000000000002 R15=000000001e57c964
RIP=000000001e502266 RFL=00000207 [-----PC] CPL=0 II=0 A20=1 SMM=0 HLT=0
ES =0030 0000000000000000 ffffffff 00cf9300 DPL=0 DS   [-WA]
CS =0038 0000000000000000 ffffffff 00af9a00 DPL=0 CS64 [-R-]
SS =0030 0000000000000000 ffffffff 00cf9300 DPL=0 DS   [-WA]
DS =0030 0000000000000000 ffffffff 00cf9300 DPL=0 DS   [-WA]
FS =0030 0000000000000000 ffffffff 00cf9300 DPL=0 DS   [-WA]
GS =0030 0000000000000000 ffffffff 00cf9300 DPL=0 DS   [-WA]
LDT=0000 0000000000000000 0000ffff 00008200 DPL=0 LDT
TR =0000 0000000000000000 0000ffff 00008b00 DPL=0 TSS64-busy
GDT=     000000001f5dc000 00000047
IDT=     000000001efa4018 00000fff
CR0=80010033 CR2=0000000000000000 CR3=000000001f801000 CR4=00000668
DR0=0000000000000000 DR1=0000000000000000 DR2=0000000000000000 DR3=0000000000000000 
DR6=00000000ffff0ff0 DR7=0000000000000400
CCS=0000000000000005 CCD=000000001e502266 CCO=EFLAGS
EFER=0000000000000d00
Servicing hardware INT=0x20
    27: v=20 e=0000 i=0 cpl=0 IP=0038:000000001e55d75f pc=000000001e55d75f SP=0030:000000001fe65b10 env->regs[R_EAX]=0000000000000000
RAX=0000000000000000 RBX=000000001e675728 RCX=0000000000000000 RDX=0000000000000010
RSI=0000000000000000 RDI=000000001fe65b80 RBP=000000001fe65ba0 RSP=000000001fe65b10
R8 =000000001fe65ba0 R9 =0000000000000000 R10=000000006955b900 R11=0000000000f00000
R12=0000000000000010 R13=0000000000000005 R14=000000001e681230 R15=000000001e5a9af8
RIP=000000001e55d75f RFL=00000246 [---Z-P-] CPL=0 II=0 A20=1 SMM=0 HLT=0
ES =0030 0000000000000000 ffffffff 00cf9300 DPL=0 DS   [-WA]
CS =0038 0000000000000000 ffffffff 00af9a00 DPL=0 CS64 [-R-]
SS =0030 0000000000000000 ffffffff 00cf9300 DPL=0 DS   [-WA]
DS =0030 0000000000000000 ffffffff 00cf9300 DPL=0 DS   [-WA]
FS =0030 0000000000000000 ffffffff 00cf9300 DPL=0 DS   [-WA]
GS =0030 0000000000000000 ffffffff 00cf9300 DPL=0 DS   [-WA]
LDT=0000 0000000000000000 0000ffff 00008200 DPL=0 LDT
TR =0000 0000000000000000 0000ffff 00008b00 DPL=0 TSS64-busy
GDT=     000000001f5dc000 00000047
IDT=     000000001efa4018 00000fff
CR0=80010033 CR2=0000000000000000 CR3=000000001f801000 CR4=00000668
DR0=0000000000000000 DR1=0000000000000000 DR2=0000000000000000 DR3=0000000000000000 
DR6=00000000ffff0ff0 DR7=0000000000000400
CCS=0000000000000044 CCD=0000000000000001 CCO=EFLAGS
EFER=0000000000000d00
Servicing hardware INT=0x20
    28: v=20 e=0000 i=0 cpl=0 IP=0038:000000001fe697c0 pc=000000001fe697c0 SP=0030:000000001fe65910 env->regs[R_EAX]=000000000000000d
RAX=000000000000000d RBX=0000000000000023 RCX=000000000000001a RDX=000000000000001a
RSI=000000001e727698 RDI=000000000000001a RBP=000000001fe65970 RSP=000000001fe65910
R8 =000000001fe65938 R9 =000000001f4ecf98 R10=00000000000057ec R11=0000000000000000
R12=000000001e670518 R13=0000000000000000 R14=000000001fe65a28 R15=000000001e66f018
RIP=000000001fe697c0 RFL=00000283 [--S---C] CPL=0 II=0 A20=1 SMM=0 HLT=0
ES =0030 0000000000000000 ffffffff 00cf9300 DPL=0 DS   [-WA]
CS =0038 0000000000000000 ffffffff 00af9a00 DPL=0 CS64 [-R-]
SS =0030 0000000000000000 ffffffff 00cf9300 DPL=0 DS   [-WA]
DS =0030 0000000000000000 ffffffff 00cf9300 DPL=0 DS   [-WA]
FS =0030 0000000000000000 ffffffff 00cf9300 DPL=0 DS   [-WA]
GS =0030 0000000000000000 ffffffff 00cf9300 DPL=0 DS   [-WA]
LDT=0000 0000000000000000 0000ffff 00008200 DPL=0 LDT
TR =0000 0000000000000000 0000ffff 00008b00 DPL=0 TSS64-busy
GDT=     000000001f5dc000 00000047
IDT=     000000001efa4018 00000fff
CR0=80010033 CR2=0000000000000000 CR3=000000001f801000 CR4=00000668
DR0=0000000000000000 DR1=0000000000000000 DR2=0000000000000000 DR3=0000000000000000 
DR6=00000000ffff0ff0 DR7=0000000000000400
CCS=0000000000000081 CCD=ffffffffffffffea CCO=EFLAGS
EFER=0000000000000d00
Servicing hardware INT=0x20
    29: v=20 e=0000 i=0 cpl=0 IP=0038:000000001f6cba4a pc=000000001f6cba4a SP=0030:000000001fe65710 env->regs[R_EAX]=00000000000000ff
RAX=00000000000000ff RBX=0000000000000000 RCX=0000000000020001 RDX=000000001eac1018
RSI=000000001f5cb198 RDI=000000001eae1017 RBP=000000001fe657e0 RSP=000000001fe65710
R8 =00000000000000ff R9 =0000000000000000 R10=000000001f58a0c4 R11=0000000000000000
R12=000000001fe65840 R13=000000001fe65840 R14=0000000000000000 R15=000000001eac1018
RIP=000000001f6cba4a RFL=00010206 [-----P-] CPL=0 II=0 A20=1 SMM=0 HLT=0
ES =0030 0000000000000000 ffffffff 00cf9300 DPL=0 DS   [-WA]
CS =0038 0000000000000000 ffffffff 00af9a00 DPL=0 CS64 [-R-]
SS =0030 0000000000000000 ffffffff 00cf9300 DPL=0 DS   [-WA]
DS =0030 0000000000000000 ffffffff 00cf9300 DPL=0 DS   [-WA]
FS =0030 0000000000000000 ffffffff 00cf9300 DPL=0 DS   [-WA]
GS =0030 0000000000000000 ffffffff 00cf9300 DPL=0 DS   [-WA]
LDT=0000 0000000000000000 0000ffff 00008200 DPL=0 LDT
TR =0000 0000000000000000 0000ffff 00008b00 DPL=0 TSS64-busy
GDT=     000000001f5dc000 00000047
IDT=     000000001efa4018 00000fff
CR0=80010033 CR2=0000000000000000 CR3=000000001f801000 CR4=00000668
DR0=0000000000000000 DR1=0000000000000000 DR2=0000000000000000 DR3=0000000000000000 
DR6=00000000ffff0ff0 DR7=0000000000000400
CCS=0000000000000004 CCD=000000001fe65700 CCO=EFLAGS
EFER=0000000000000d00
Servicing hardware INT=0x20
    30: v=20 e=0000 i=0 cpl=0 IP=0038:000000001f6e6cfc pc=000000001f6e6cfc SP=0030:000000001fe65520 env->regs[R_EAX]=0000000000000000
RAX=0000000000000000 RBX=00000000ffc00100 RCX=0000000000000101 RDX=0000000000000000
RSI=0000000000000010 RDI=00000000ffc0016c RBP=000000001fe65550 RSP=000000001fe65520
R8 =0000000000000100 R9 =000000001fe65618 R10=000000001f58a118 R11=000000001f6e6d92
R12=00000000ffc0016c R13=0000000000000010 R14=000000000000006c R15=000000001fe65618
RIP=000000001f6e6cfc RFL=00000246 [---Z-P-] CPL=0 II=0 A20=1 SMM=0 HLT=0
ES =0030 0000000000000000 ffffffff 00cf9300 DPL=0 DS   [-WA]
CS =0038 0000000000000000 ffffffff 00af9a00 DPL=0 CS64 [-R-]
SS =0030 0000000000000000 ffffffff 00cf9300 DPL=0 DS   [-WA]
DS =0030 0000000000000000 ffffffff 00cf9300 DPL=0 DS   [-WA]
FS =0030 0000000000000000 ffffffff 00cf9300 DPL=0 DS   [-WA]
GS =0030 0000000000000000 ffffffff 00cf9300 DPL=0 DS   [-WA]
LDT=0000 0000000000000000 0000ffff 00008200 DPL=0 LDT
TR =0000 0000000000000000 0000ffff 00008b00 DPL=0 TSS64-busy
GDT=     000000001f5dc000 00000047
IDT=     000000001efa4018 00000fff
CR0=80010033 CR2=0000000000000000 CR3=000000001f801000 CR4=00000668
DR0=0000000000000000 DR1=0000000000000000 DR2=0000000000000000 DR3=0000000000000000 
DR6=00000000ffff0ff0 DR7=0000000000000400
CCS=0000000000000044 CCD=0000000000000000 CCO=EFLAGS
EFER=0000000000000d00
Servicing hardware INT=0x20
    31: v=20 e=0000 i=0 cpl=0 IP=0038:000000001f6e6cfc pc=000000001f6e6cfc SP=0030:000000001fe657d0 env->regs[R_EAX]=0000000000000000
RAX=0000000000000000 RBX=00000000ffc0018c RCX=0000000000000101 RDX=0000000000000000
RSI=0000000000000010 RDI=00000000ffc00194 RBP=000000001fe65800 RSP=000000001fe657d0
R8 =000000000000018c R9 =000000001fe658c8 R10=000000001f58a1a4 R11=000000001f6e6d92
R12=00000000ffc00194 R13=0000000000000010 R14=0000000000000008 R15=000000001fe658c8
RIP=000000001f6e6cfc RFL=00000246 [---Z-P-] CPL=0 II=0 A20=1 SMM=0 HLT=0
ES =0030 0000000000000000 ffffffff 00cf9300 DPL=0 DS   [-WA]
CS =0038 0000000000000000 ffffffff 00af9a00 DPL=0 CS64 [-R-]
SS =0030 0000000000000000 ffffffff 00cf9300 DPL=0 DS   [-WA]
DS =0030 0000000000000000 ffffffff 00cf9300 DPL=0 DS   [-WA]
FS =0030 0000000000000000 ffffffff 00cf9300 DPL=0 DS   [-WA]
GS =0030 0000000000000000 ffffffff 00cf9300 DPL=0 DS   [-WA]
LDT=0000 0000000000000000 0000ffff 00008200 DPL=0 LDT
TR =0000 0000000000000000 0000ffff 00008b00 DPL=0 TSS64-busy
GDT=     000000001f5dc000 00000047
IDT=     000000001efa4018 00000fff
CR0=80010033 CR2=0000000000000000 CR3=000000001f801000 CR4=00000668
DR0=0000000000000000 DR1=0000000000000000 DR2=0000000000000000 DR3=0000000000000000 
DR6=00000000ffff0ff0 DR7=0000000000000400
CCS=0000000000000044 CCD=0000000000000000 CCO=EFLAGS
EFER=0000000000000d00
Servicing hardware INT=0x20
    32: v=20 e=0000 i=0 cpl=0 IP=0038:000000001f6cba4a pc=000000001f6cba4a SP=0030:000000001fe658a0 env->regs[R_EAX]=00000000000000ff
RAX=00000000000000ff RBX=0000000000000000 RCX=0000000000030001 RDX=000000001eac1018
RSI=000000001f5cb198 RDI=000000001ead1017 RBP=000000001fe65970 RSP=000000001fe658a0
R8 =00000000000000ff R9 =0000000000000000 R10=000000001f58a1f4 R11=000000001f6e6d92
R12=000000001fe659d0 R13=000000001fe659d0 R14=0000000000000000 R15=000000001eac1018
RIP=000000001f6cba4a RFL=00010206 [-----P-] CPL=0 II=0 A20=1 SMM=0 HLT=0
ES =0030 0000000000000000 ffffffff 00cf9300 DPL=0 DS   [-WA]
CS =0038 0000000000000000 ffffffff 00af9a00 DPL=0 CS64 [-R-]
SS =0030 0000000000000000 ffffffff 00cf9300 DPL=0 DS   [-WA]
DS =0030 0000000000000000 ffffffff 00cf9300 DPL=0 DS   [-WA]
FS =0030 0000000000000000 ffffffff 00cf9300 DPL=0 DS   [-WA]
GS =0030 0000000000000000 ffffffff 00cf9300 DPL=0 DS   [-WA]
LDT=0000 0000000000000000 0000ffff 00008200 DPL=0 LDT
TR =0000 0000000000000000 0000ffff 00008b00 DPL=0 TSS64-busy
GDT=     000000001f5dc000 00000047
IDT=     000000001efa4018 00000fff
CR0=80010033 CR2=0000000000000000 CR3=000000001f801000 CR4=00000668
DR0=0000000000000000 DR1=0000000000000000 DR2=0000000000000000 DR3=0000000000000000 
DR6=00000000ffff0ff0 DR7=0000000000000400
CCS=0000000000000004 CCD=000000001fe65890 CCO=EFLAGS
EFER=0000000000000d00
Servicing hardware INT=0x20
    33: v=20 e=0000 i=0 cpl=0 IP=0038:000000001fe76fee pc=000000001fe76fee SP=0030:000000001fe65838 env->regs[R_EAX]=000000001e66e288
RAX=000000001e66e288 RBX=000000001e66e288 RCX=000000001e66e288 RDX=000000001fe8c0b8
RSI=000000001fe8c0d0 RDI=0000000000001000 RBP=000000001fe65870 RSP=000000001fe65838
R8 =000000001fe65a08 R9 =000000001f4ecf98 R10=000000001fe65b58 R11=0000000000000004
R12=0000000000000058 R13=0000000000000004 R14=0000000000000003 R15=000000001e66e280
RIP=000000001fe76fee RFL=00000202 [-------] CPL=0 II=0 A20=1 SMM=0 HLT=0
ES =0030 0000000000000000 ffffffff 00cf9300 DPL=0 DS   [-WA]
CS =0038 0000000000000000 ffffffff 00af9a00 DPL=0 CS64 [-R-]
SS =0030 0000000000000000 ffffffff 00cf9300 DPL=0 DS   [-WA]
DS =0030 0000000000000000 ffffffff 00cf9300 DPL=0 DS   [-WA]
FS =0030 0000000000000000 ffffffff 00cf9300 DPL=0 DS   [-WA]
GS =0030 0000000000000000 ffffffff 00cf9300 DPL=0 DS   [-WA]
LDT=0000 0000000000000000 0000ffff 00008200 DPL=0 LDT
TR =0000 0000000000000000 0000ffff 00008b00 DPL=0 TSS64-busy
GDT=     000000001f5dc000 00000047
IDT=     000000001efa4018 00000fff
CR0=80010033 CR2=0000000000000000 CR3=000000001f801000 CR4=00000668
DR0=0000000000000000 DR1=0000000000000000 DR2=0000000000000000 DR3=0000000000000000 
DR6=00000000ffff0ff0 DR7=0000000000000400
CCS=0000000000000000 CCD=000000001fe65840 CCO=EFLAGS
EFER=0000000000000d00
Servicing hardware INT=0x20
    34: v=20 e=0000 i=0 cpl=0 IP=0038:000000001e737d34 pc=000000001e737d34 SP=0030:000000001fe65580 env->regs[R_EAX]=000000001fe657b0
RAX=000000001fe657b0 RBX=0000000000000000 RCX=0000000000000000 RDX=0000000000000000
RSI=000000001fe65890 RDI=000000001eb50040 RBP=000000001fe65900 RSP=000000001fe65580
R8 =0000000000000000 R9 =0000000000000001 R10=0000000000000000 R11=0000000000000000
R12=000000001eb50898 R13=8000000000000014 R14=000000001e66d198 R15=0000000000000000
RIP=000000001e737d34 RFL=00000246 [---Z-P-] CPL=0 II=0 A20=1 SMM=0 HLT=0
ES =0030 0000000000000000 ffffffff 00cf9300 DPL=0 DS   [-WA]
CS =0038 0000000000000000 ffffffff 00af9a00 DPL=0 CS64 [-R-]
SS =0030 0000000000000000 ffffffff 00cf9300 DPL=0 DS   [-WA]
DS =0030 0000000000000000 ffffffff 00cf9300 DPL=0 DS   [-WA]
FS =0030 0000000000000000 ffffffff 00cf9300 DPL=0 DS   [-WA]
GS =0030 0000000000000000 ffffffff 00cf9300 DPL=0 DS   [-WA]
LDT=0000 0000000000000000 0000ffff 00008200 DPL=0 LDT
TR =0000 0000000000000000 0000ffff 00008b00 DPL=0 TSS64-busy
GDT=     000000001f5dc000 00000047
IDT=     000000001efa4018 00000fff
CR0=80010033 CR2=0000000000000000 CR3=000000001f801000 CR4=00000668
DR0=0000000000000000 DR1=0000000000000000 DR2=0000000000000000 DR3=0000000000000000 
DR6=00000000ffff0ff0 DR7=0000000000000400
CCS=0000000000000044 CCD=0000000000000000 CCO=EFLAGS
EFER=0000000000000d00
Servicing hardware INT=0x20
    35: v=20 e=0000 i=0 cpl=0 IP=0038:000000001e733001 pc=000000001e733001 SP=0030:000000001fe65500 env->regs[R_EAX]=000000001e664000
RAX=000000001e664000 RBX=000000001e666d01 RCX=0000000000000000 RDX=0000000000000001
RSI=000000001e665540 RDI=000000001e73d220 RBP=000000001fe65590 RSP=000000001fe65500
R8 =000000000000c000 R9 =0000000000000040 R10=0000000000000000 R11=0000000000000000
R12=000000001e664020 R13=000000001e66da18 R14=000000001e664018 R15=000000001e66d198
RIP=000000001e733001 RFL=00000206 [-----P-] CPL=0 II=0 A20=1 SMM=0 HLT=0
ES =0030 0000000000000000 ffffffff 00cf9300 DPL=0 DS   [-WA]
CS =0038 0000000000000000 ffffffff 00af9a00 DPL=0 CS64 [-R-]
SS =0030 0000000000000000 ffffffff 00cf9300 DPL=0 DS   [-WA]
DS =0030 0000000000000000 ffffffff 00cf9300 DPL=0 DS   [-WA]
FS =0030 0000000000000000 ffffffff 00cf9300 DPL=0 DS   [-WA]
GS =0030 0000000000000000 ffffffff 00cf9300 DPL=0 DS   [-WA]
LDT=0000 0000000000000000 0000ffff 00008200 DPL=0 LDT
TR =0000 0000000000000000 0000ffff 00008b00 DPL=0 TSS64-busy
GDT=     000000001f5dc000 00000047
IDT=     000000001efa4018 00000fff
CR0=80010033 CR2=0000000000000000 CR3=000000001f801000 CR4=00000668
DR0=0000000000000000 DR1=0000000000000000 DR2=0000000000000000 DR3=0000000000000000 
DR6=00000000ffff0ff0 DR7=0000000000000400
CCS=0000000000000004 CCD=000000001fe65500 CCO=EFLAGS
EFER=0000000000000d00
Servicing hardware INT=0x20
    36: v=20 e=0000 i=0 cpl=0 IP=0038:000000001fe76f3a pc=000000001fe76f3a SP=0030:000000001fe653f0 env->regs[R_EAX]=00000000000006c0
RAX=00000000000006c0 RBX=000000001e5bd018 RCX=0000000000000006 RDX=0000000000000006
RSI=000000000000000a RDI=000000001e5bd018 RBP=000000001fe65420 RSP=000000001fe653f0
R8 =0000000000001b20 R9 =00000000000000c0 R10=000000000000001f R11=0000000000000003
R12=0000000000000006 R13=0000000000000023 R14=000000000000004f R15=0000000000001b1f
RIP=000000001fe76f3a RFL=00000206 [-----P-] CPL=0 II=0 A20=1 SMM=0 HLT=0
ES =0030 0000000000000000 ffffffff 00cf9300 DPL=0 DS   [-WA]
CS =0038 0000000000000000 ffffffff 00af9a00 DPL=0 CS64 [-R-]
SS =0030 0000000000000000 ffffffff 00cf9300 DPL=0 DS   [-WA]
DS =0030 0000000000000000 ffffffff 00cf9300 DPL=0 DS   [-WA]
FS =0030 0000000000000000 ffffffff 00cf9300 DPL=0 DS   [-WA]
GS =0030 0000000000000000 ffffffff 00cf9300 DPL=0 DS   [-WA]
LDT=0000 0000000000000000 0000ffff 00008200 DPL=0 LDT
TR =0000 0000000000000000 0000ffff 00008b00 DPL=0 TSS64-busy
GDT=     000000001f5dc000 00000047
IDT=     000000001efa4018 00000fff
CR0=80010033 CR2=0000000000000000 CR3=000000001f801000 CR4=00000668
DR0=0000000000000000 DR1=0000000000000000 DR2=0000000000000000 DR3=0000000000000000 
DR6=00000000ffff0ff0 DR7=0000000000000400
CCS=0000000000000004 CCD=00000000000006c0 CCO=EFLAGS
EFER=0000000000000d00
Servicing hardware INT=0x20
    37: v=20 e=0000 i=0 cpl=0 IP=0038:000000001fe76ef9 pc=000000001fe76ef9 SP=0030:000000001fe65428 env->regs[R_EAX]=0000000000000030
RAX=0000000000000030 RBX=000000001e5bd018 RCX=0000000000018124 RDX=00000000995bc949
RSI=0000000000000008 RDI=000000001e5bd018 RBP=000000001fe65490 RSP=000000001fe65428
R8 =00000000000177bc R9 =0000000000000040 R10=000000000000001f R11=0000000000000002
R12=000000000000000c R13=0000000000000030 R14=0000000000000980 R15=00000000000177bb
RIP=000000001fe76ef9 RFL=00000297 [--S-APC] CPL=0 II=0 A20=1 SMM=0 HLT=0
ES =0030 0000000000000000 ffffffff 00cf9300 DPL=0 DS   [-WA]
CS =0038 0000000000000000 ffffffff 00af9a00 DPL=0 CS64 [-R-]
SS =0030 0000000000000000 ffffffff 00cf9300 DPL=0 DS   [-WA]
DS =0030 0000000000000000 ffffffff 00cf9300 DPL=0 DS   [-WA]
FS =0030 0000000000000000 ffffffff 00cf9300 DPL=0 DS   [-WA]
GS =0030 0000000000000000 ffffffff 00cf9300 DPL=0 DS   [-WA]
LDT=0000 0000000000000000 0000ffff 00008200 DPL=0 LDT
TR =0000 0000000000000000 0000ffff 00008b00 DPL=0 TSS64-busy
GDT=     000000001f5dc000 00000047
IDT=     000000001efa4018 00000fff
CR0=80010033 CR2=0000000000000000 CR3=000000001f801000 CR4=00000668
DR0=0000000000000000 DR1=0000000000000000 DR2=0000000000000000 DR3=0000000000000000 
DR6=00000000ffff0ff0 DR7=0000000000000400
CCS=0000000000000095 CCD=fffffffffffffe33 CCO=EFLAGS
EFER=0000000000000d00
Servicing hardware INT=0x20
    38: v=20 e=0000 i=0 cpl=0 IP=0038:000000001ea1f1e0 pc=000000001ea1f1e0 SP=0030:000000001fe657b0 env->regs[R_EAX]=0000000000000000
RAX=0000000000000000 RBX=0000000000000000 RCX=0000000000000514 RDX=0000000000000514
RSI=000000001e661018 RDI=0000000000001000 RBP=000000001fe657f0 RSP=000000001fe657b0
R8 =0000000000000000 R9 =0000000000000514 R10=000000001fe65b58 R11=0000000000000004
R12=0000000000000000 R13=0000000000000000 R14=000000001fe65860 R15=0000000000001000
RIP=000000001ea1f1e0 RFL=00000246 [---Z-P-] CPL=0 II=0 A20=1 SMM=0 HLT=0
ES =0030 0000000000000000 ffffffff 00cf9300 DPL=0 DS   [-WA]
CS =0038 0000000000000000 ffffffff 00af9a00 DPL=0 CS64 [-R-]
SS =0030 0000000000000000 ffffffff 00cf9300 DPL=0 DS   [-WA]
DS =0030 0000000000000000 ffffffff 00cf9300 DPL=0 DS   [-WA]
FS =0030 0000000000000000 ffffffff 00cf9300 DPL=0 DS   [-WA]
GS =0030 0000000000000000 ffffffff 00cf9300 DPL=0 DS   [-WA]
LDT=0000 0000000000000000 0000ffff 00008200 DPL=0 LDT
TR =0000 0000000000000000 0000ffff 00008b00 DPL=0 TSS64-busy
GDT=     000000001f5dc000 00000047
IDT=     000000001efa4018 00000fff
CR0=80010033 CR2=0000000000000000 CR3=000000001f801000 CR4=00000668
DR0=0000000000000000 DR1=0000000000000000 DR2=0000000000000000 DR3=0000000000000000 
DR6=00000000ffff0ff0 DR7=0000000000000400
CCS=0000000000000044 CCD=0000000000000000 CCO=EFLAGS
EFER=0000000000000d00
Servicing hardware INT=0x20
    39: v=20 e=0000 i=0 cpl=0 IP=0038:000000001fe67b79 pc=000000001fe67b79 SP=0030:000000001fe656a0 env->regs[R_EAX]=00000000000000bf
RAX=00000000000000bf RBX=000000001e661fa8 RCX=000000000000000c RDX=000000000000000c
RSI=0000000000100000 RDI=00000000000bf000 RBP=000000001fe657e0 RSP=000000001fe656a0
R8 =0000000000000000 R9 =000000001e661f9f R10=0000000000000000 R11=0000000000000004
R12=0000000000000030 R13=000000001efc1298 R14=000000001e661018 R15=000000001f5ed000
RIP=000000001fe67b79 RFL=00000213 [----A-C] CPL=0 II=0 A20=1 SMM=0 HLT=0
ES =0030 0000000000000000 ffffffff 00cf9300 DPL=0 DS   [-WA]
CS =0038 0000000000000000 ffffffff 00af9a00 DPL=0 CS64 [-R-]
SS =0030 0000000000000000 ffffffff 00cf9300 DPL=0 DS   [-WA]
DS =0030 0000000000000000 ffffffff 00cf9300 DPL=0 DS   [-WA]
FS =0030 0000000000000000 ffffffff 00cf9300 DPL=0 DS   [-WA]
GS =0030 0000000000000000 ffffffff 00cf9300 DPL=0 DS   [-WA]
LDT=0000 0000000000000000 0000ffff 00008200 DPL=0 LDT
TR =0000 0000000000000000 0000ffff 00008b00 DPL=0 TSS64-busy
GDT=     000000001f5dc000 00000047
IDT=     000000001efa4018 00000fff
CR0=80010033 CR2=0000000000000000 CR3=000000001f801000 CR4=00000668
DR0=0000000000000000 DR1=0000000000000000 DR2=0000000000000000 DR3=0000000000000000 
DR6=00000000ffff0ff0 DR7=0000000000000400
CCS=0000000000000011 CCD=00000000000000bf CCO=EFLAGS
EFER=0000000000000d00
Servicing hardware INT=0x20
    40: v=20 e=0000 i=0 cpl=0 IP=0038:000000001f6c938e pc=000000001f6c938e SP=0030:000000001fe657f0 env->regs[R_EAX]=000000001f5d6da8
RAX=000000001f5d6da8 RBX=000000000000003c RCX=000000000000000a RDX=0000000000000000
RSI=000000001e79f2d0 RDI=000000001e79dc4e RBP=000000001fe65900 RSP=000000001fe657f0
R8 =0000000000000007 R9 =0000000000000022 R10=000000001f58a2f4 R11=000000001f6e6d92
R12=000000001e79dc4e R13=0000000000000007 R14=0000000000000022 R15=0000000000000001
RIP=000000001f6c938e RFL=00000202 [-------] CPL=0 II=0 A20=1 SMM=0 HLT=0
ES =0030 0000000000000000 ffffffff 00cf9300 DPL=0 DS   [-WA]
CS =0038 0000000000000000 ffffffff 00af9a00 DPL=0 CS64 [-R-]
SS =0030 0000000000000000 ffffffff 00cf9300 DPL=0 DS   [-WA]
DS =0030 0000000000000000 ffffffff 00cf9300 DPL=0 DS   [-WA]
FS =0030 0000000000000000 ffffffff 00cf9300 DPL=0 DS   [-WA]
GS =0030 0000000000000000 ffffffff 00cf9300 DPL=0 DS   [-WA]
LDT=0000 0000000000000000 0000ffff 00008200 DPL=0 LDT
TR =0000 0000000000000000 0000ffff 00008b00 DPL=0 TSS64-busy
GDT=     000000001f5dc000 00000047
IDT=     000000001efa4018 00000fff
CR0=80010033 CR2=0000000000000000 CR3=000000001f801000 CR4=00000668
DR0=0000000000000000 DR1=0000000000000000 DR2=0000000000000000 DR3=0000000000000000 
DR6=00000000ffff0ff0 DR7=0000000000000400
CCS=0000000000000000 CCD=0000000000000007 CCO=EFLAGS
EFER=0000000000000d00
Servicing hardware INT=0x20
    41: v=20 e=0000 i=0 cpl=0 IP=0038:000000001f6e6cfc pc=000000001f6e6cfc SP=0030:000000001fe655f0 env->regs[R_EAX]=0000000000000000
RAX=0000000000000000 RBX=00000000ffc00348 RCX=0000000000000101 RDX=0000000000000000
RSI=0000000000000010 RDI=00000000ffc0035d RBP=000000001fe65620 RSP=000000001fe655f0
R8 =0000000000000348 R9 =000000001fe656e8 R10=000000001f58a360 R11=000000001f6e6d92
R12=00000000ffc0035d R13=0000000000000010 R14=0000000000000015 R15=000000001fe656e8
RIP=000000001f6e6cfc RFL=00000246 [---Z-P-] CPL=0 II=0 A20=1 SMM=0 HLT=0
ES =0030 0000000000000000 ffffffff 00cf9300 DPL=0 DS   [-WA]
CS =0038 0000000000000000 ffffffff 00af9a00 DPL=0 CS64 [-R-]
SS =0030 0000000000000000 ffffffff 00cf9300 DPL=0 DS   [-WA]
DS =0030 0000000000000000 ffffffff 00cf9300 DPL=0 DS   [-WA]
FS =0030 0000000000000000 ffffffff 00cf9300 DPL=0 DS   [-WA]
GS =0030 0000000000000000 ffffffff 00cf9300 DPL=0 DS   [-WA]
LDT=0000 0000000000000000 0000ffff 00008200 DPL=0 LDT
TR =0000 0000000000000000 0000ffff 00008b00 DPL=0 TSS64-busy
GDT=     000000001f5dc000 00000047
IDT=     000000001efa4018 00000fff
CR0=80010033 CR2=0000000000000000 CR3=000000001f801000 CR4=00000668
DR0=0000000000000000 DR1=0000000000000000 DR2=0000000000000000 DR3=0000000000000000 
DR6=00000000ffff0ff0 DR7=0000000000000400
CCS=0000000000000044 CCD=0000000000000000 CCO=EFLAGS
EFER=0000000000000d00
Servicing hardware INT=0x20
    42: v=20 e=0000 i=0 cpl=0 IP=0038:000000001f6e6cfc pc=000000001f6e6cfc SP=0030:000000001fe655f0 env->regs[R_EAX]=0000000000000000
RAX=0000000000000000 RBX=00000000ffc003dc RCX=0000000000000101 RDX=0000000000000000
RSI=0000000000000010 RDI=00000000ffc0040c RBP=000000001fe65620 RSP=000000001fe655f0
R8 =00000000000003dc R9 =000000001fe656e8 R10=000000001f58a2f4 R11=000000001f6e6d92
R12=00000000ffc0040c R13=0000000000000010 R14=0000000000000030 R15=000000001fe656e8
RIP=000000001f6e6cfc RFL=00000246 [---Z-P-] CPL=0 II=0 A20=1 SMM=0 HLT=0
ES =0030 0000000000000000 ffffffff 00cf9300 DPL=0 DS   [-WA]
CS =0038 0000000000000000 ffffffff 00af9a00 DPL=0 CS64 [-R-]
SS =0030 0000000000000000 ffffffff 00cf9300 DPL=0 DS   [-WA]
DS =0030 0000000000000000 ffffffff 00cf9300 DPL=0 DS   [-WA]
FS =0030 0000000000000000 ffffffff 00cf9300 DPL=0 DS   [-WA]
GS =0030 0000000000000000 ffffffff 00cf9300 DPL=0 DS   [-WA]
LDT=0000 0000000000000000 0000ffff 00008200 DPL=0 LDT
TR =0000 0000000000000000 0000ffff 00008b00 DPL=0 TSS64-busy
GDT=     000000001f5dc000 00000047
IDT=     000000001efa4018 00000fff
CR0=80010033 CR2=0000000000000000 CR3=000000001f801000 CR4=00000668
DR0=0000000000000000 DR1=0000000000000000 DR2=0000000000000000 DR3=0000000000000000 
DR6=00000000ffff0ff0 DR7=0000000000000400
CCS=0000000000000044 CCD=0000000000000000 CCO=EFLAGS
EFER=0000000000000d00
Servicing hardware INT=0x20
    43: v=20 e=0000 i=0 cpl=0 IP=0038:000000001f6e6cfc pc=000000001f6e6cfc SP=0030:000000001fe655f0 env->regs[R_EAX]=0000000000000000
RAX=0000000000000000 RBX=00000000ffc00490 RCX=0000000000000101 RDX=0000000000000000
RSI=0000000000000008 RDI=00000000ffc00508 RBP=000000001fe65620 RSP=000000001fe655f0
R8 =0000000000000490 R9 =000000001fe656e8 R10=000000001f58a4a8 R11=000000001f6e6d92
R12=00000000ffc00508 R13=0000000000000008 R14=0000000000000079 R15=000000001fe656e8
RIP=000000001f6e6cfc RFL=00000246 [---Z-P-] CPL=0 II=0 A20=1 SMM=0 HLT=0
ES =0030 0000000000000000 ffffffff 00cf9300 DPL=0 DS   [-WA]
CS =0038 0000000000000000 ffffffff 00af9a00 DPL=0 CS64 [-R-]
SS =0030 0000000000000000 ffffffff 00cf9300 DPL=0 DS   [-WA]
DS =0030 0000000000000000 ffffffff 00cf9300 DPL=0 DS   [-WA]
FS =0030 0000000000000000 ffffffff 00cf9300 DPL=0 DS   [-WA]
GS =0030 0000000000000000 ffffffff 00cf9300 DPL=0 DS   [-WA]
LDT=0000 0000000000000000 0000ffff 00008200 DPL=0 LDT
TR =0000 0000000000000000 0000ffff 00008b00 DPL=0 TSS64-busy
GDT=     000000001f5dc000 00000047
IDT=     000000001efa4018 00000fff
CR0=80010033 CR2=0000000000000000 CR3=000000001f801000 CR4=00000668
DR0=0000000000000000 DR1=0000000000000000 DR2=0000000000000000 DR3=0000000000000000 
DR6=00000000ffff0ff0 DR7=0000000000000400
CCS=0000000000000044 CCD=0000000000000000 CCO=EFLAGS
EFER=0000000000000d00
Servicing hardware INT=0x20
    44: v=20 e=0000 i=0 cpl=0 IP=0038:000000001f6e6cfc pc=000000001f6e6cfc SP=0030:000000001fe655f0 env->regs[R_EAX]=0000000000000000
RAX=0000000000000000 RBX=00000000ffc00524 RCX=0000000000000101 RDX=0000000000000000
RSI=0000000000000010 RDI=00000000ffc0054f RBP=000000001fe65620 RSP=000000001fe655f0
R8 =0000000000000524 R9 =000000001fe656e8 R10=000000001f58a360 R11=000000001f6e6d92
R12=00000000ffc0054f R13=0000000000000010 R14=000000000000002b R15=000000001fe656e8
RIP=000000001f6e6cfc RFL=00000246 [---Z-P-] CPL=0 II=0 A20=1 SMM=0 HLT=0
ES =0030 0000000000000000 ffffffff 00cf9300 DPL=0 DS   [-WA]
CS =0038 0000000000000000 ffffffff 00af9a00 DPL=0 CS64 [-R-]
SS =0030 0000000000000000 ffffffff 00cf9300 DPL=0 DS   [-WA]
DS =0030 0000000000000000 ffffffff 00cf9300 DPL=0 DS   [-WA]
FS =0030 0000000000000000 ffffffff 00cf9300 DPL=0 DS   [-WA]
GS =0030 0000000000000000 ffffffff 00cf9300 DPL=0 DS   [-WA]
LDT=0000 0000000000000000 0000ffff 00008200 DPL=0 LDT
TR =0000 0000000000000000 0000ffff 00008b00 DPL=0 TSS64-busy
GDT=     000000001f5dc000 00000047
IDT=     000000001efa4018 00000fff
CR0=80010033 CR2=0000000000000000 CR3=000000001f801000 CR4=00000668
DR0=0000000000000000 DR1=0000000000000000 DR2=0000000000000000 DR3=0000000000000000 
DR6=00000000ffff0ff0 DR7=0000000000000400
CCS=0000000000000044 CCD=0000000000000000 CCO=EFLAGS
EFER=0000000000000d00
Servicing hardware INT=0x20
    45: v=20 e=0000 i=0 cpl=0 IP=0038:000000001f6e6cfc pc=000000001f6e6cfc SP=0030:000000001fe655f0 env->regs[R_EAX]=0000000000000000
RAX=0000000000000000 RBX=00000000ffc00600 RCX=0000000000000101 RDX=0000000000000000
RSI=0000000000000010 RDI=00000000ffc0060e RBP=000000001fe65620 RSP=000000001fe655f0
R8 =0000000000000600 R9 =000000001fe656e8 R10=000000001f58a3f4 R11=000000001f6e6d92
R12=00000000ffc0060e R13=0000000000000010 R14=000000000000000e R15=000000001fe656e8
RIP=000000001f6e6cfc RFL=00000246 [---Z-P-] CPL=0 II=0 A20=1 SMM=0 HLT=0
ES =0030 0000000000000000 ffffffff 00cf9300 DPL=0 DS   [-WA]
CS =0038 0000000000000000 ffffffff 00af9a00 DPL=0 CS64 [-R-]
SS =0030 0000000000000000 ffffffff 00cf9300 DPL=0 DS   [-WA]
DS =0030 0000000000000000 ffffffff 00cf9300 DPL=0 DS   [-WA]
FS =0030 0000000000000000 ffffffff 00cf9300 DPL=0 DS   [-WA]
GS =0030 0000000000000000 ffffffff 00cf9300 DPL=0 DS   [-WA]
LDT=0000 0000000000000000 0000ffff 00008200 DPL=0 LDT
TR =0000 0000000000000000 0000ffff 00008b00 DPL=0 TSS64-busy
GDT=     000000001f5dc000 00000047
IDT=     000000001efa4018 00000fff
CR0=80010033 CR2=0000000000000000 CR3=000000001f801000 CR4=00000668
DR0=0000000000000000 DR1=0000000000000000 DR2=0000000000000000 DR3=0000000000000000 
DR6=00000000ffff0ff0 DR7=0000000000000400
CCS=0000000000000044 CCD=0000000000000000 CCO=EFLAGS
EFER=0000000000000d00
Servicing hardware INT=0x20
    46: v=20 e=0000 i=0 cpl=0 IP=0038:000000001fe71d81 pc=000000001fe71d81 SP=0030:000000001fe65880 env->regs[R_EAX]=0000000000000000
RAX=0000000000000000 RBX=000000001e66d018 RCX=000000001eb6ba80 RDX=0000000030646870
RSI=000000001f6c8f74 RDI=0000000000000004 RBP=000000001fe658d0 RSP=000000001fe65880
R8 =00000000000000af R9 =00000000000000b8 R10=000000001f58a3f4 R11=000000001f6e6d92
R12=000000001e663318 R13=000000001e660698 R14=0000000000000000 R15=0000000000000000
RIP=000000001fe71d81 RFL=00000246 [---Z-P-] CPL=0 II=0 A20=1 SMM=0 HLT=0
ES =0030 0000000000000000 ffffffff 00cf9300 DPL=0 DS   [-WA]
CS =0038 0000000000000000 ffffffff 00af9a00 DPL=0 CS64 [-R-]
SS =0030 0000000000000000 ffffffff 00cf9300 DPL=0 DS   [-WA]
DS =0030 0000000000000000 ffffffff 00cf9300 DPL=0 DS   [-WA]
FS =0030 0000000000000000 ffffffff 00cf9300 DPL=0 DS   [-WA]
GS =0030 0000000000000000 ffffffff 00cf9300 DPL=0 DS   [-WA]
LDT=0000 0000000000000000 0000ffff 00008200 DPL=0 LDT
TR =0000 0000000000000000 0000ffff 00008b00 DPL=0 TSS64-busy
GDT=     000000001f5dc000 00000047
IDT=     000000001efa4018 00000fff
CR0=80010033 CR2=0000000000000000 CR3=000000001f801000 CR4=00000668
DR0=0000000000000000 DR1=0000000000000000 DR2=0000000000000000 DR3=0000000000000000 
DR6=00000000ffff0ff0 DR7=0000000000000400
CCS=0000000000000044 CCD=0000000000000000 CCO=EFLAGS
EFER=0000000000000d00
Servicing hardware INT=0x20
    47: v=20 e=0000 i=0 cpl=0 IP=0038:000000001f6e6cfc pc=000000001f6e6cfc SP=0030:000000001fe655f0 env->regs[R_EAX]=0000000000000000
RAX=0000000000000000 RBX=00000000ffc006fc RCX=0000000000000101 RDX=0000000000000000
RSI=0000000000000006 RDI=00000000ffc00754 RBP=000000001fe65620 RSP=000000001fe655f0
R8 =00000000000006fc R9 =000000001fe656e8 R10=000000001f58a4a8 R11=000000001f6e6d92
R12=00000000ffc00754 R13=0000000000000006 R14=0000000000000059 R15=000000001fe656e8
RIP=000000001f6e6cfc RFL=00000246 [---Z-P-] CPL=0 II=0 A20=1 SMM=0 HLT=0
ES =0030 0000000000000000 ffffffff 00cf9300 DPL=0 DS   [-WA]
CS =0038 0000000000000000 ffffffff 00af9a00 DPL=0 CS64 [-R-]
SS =0030 0000000000000000 ffffffff 00cf9300 DPL=0 DS   [-WA]
DS =0030 0000000000000000 ffffffff 00cf9300 DPL=0 DS   [-WA]
FS =0030 0000000000000000 ffffffff 00cf9300 DPL=0 DS   [-WA]
GS =0030 0000000000000000 ffffffff 00cf9300 DPL=0 DS   [-WA]
LDT=0000 0000000000000000 0000ffff 00008200 DPL=0 LDT
TR =0000 0000000000000000 0000ffff 00008b00 DPL=0 TSS64-busy
GDT=     000000001f5dc000 00000047
IDT=     000000001efa4018 00000fff
CR0=80010033 CR2=0000000000000000 CR3=000000001f801000 CR4=00000668
DR0=0000000000000000 DR1=0000000000000000 DR2=0000000000000000 DR3=0000000000000000 
DR6=00000000ffff0ff0 DR7=0000000000000400
CCS=0000000000000044 CCD=0000000000000000 CCO=EFLAGS
EFER=0000000000000d00
Servicing hardware INT=0x20
    48: v=20 e=0000 i=0 cpl=0 IP=0038:000000001e730869 pc=000000001e730869 SP=0030:000000001fe65728 env->regs[R_EAX]=0000000000000001
RAX=0000000000000001 RBX=000000001e663198 RCX=000000001e665028 RDX=0000000000000001
RSI=0000000000000000 RDI=000000001e665028 RBP=000000001fe65780 RSP=000000001fe65728
R8 =0000000000000002 R9 =0000000000000500 R10=000000000000003c R11=000000001e6f2920
R12=000000001fe6576e R13=0000000000000004 R14=0000000000000000 R15=0000000000000001
RIP=000000001e730869 RFL=00000206 [-----P-] CPL=0 II=0 A20=1 SMM=0 HLT=0
ES =0030 0000000000000000 ffffffff 00cf9300 DPL=0 DS   [-WA]
CS =0038 0000000000000000 ffffffff 00af9a00 DPL=0 CS64 [-R-]
SS =0030 0000000000000000 ffffffff 00cf9300 DPL=0 DS   [-WA]
DS =0030 0000000000000000 ffffffff 00cf9300 DPL=0 DS   [-WA]
FS =0030 0000000000000000 ffffffff 00cf9300 DPL=0 DS   [-WA]
GS =0030 0000000000000000 ffffffff 00cf9300 DPL=0 DS   [-WA]
LDT=0000 0000000000000000 0000ffff 00008200 DPL=0 LDT
TR =0000 0000000000000000 0000ffff 00008b00 DPL=0 TSS64-busy
GDT=     000000001f5dc000 00000047
IDT=     000000001efa4018 00000fff
CR0=80010033 CR2=0000000000000000 CR3=000000001f801000 CR4=00000668
DR0=0000000000000000 DR1=0000000000000000 DR2=0000000000000000 DR3=0000000000000000 
DR6=00000000ffff0ff0 DR7=0000000000000400
CCS=0000000000000004 CCD=000000001fe65730 CCO=EFLAGS
EFER=0000000000000d00
Servicing hardware INT=0x20
    49: v=20 e=0000 i=0 cpl=0 IP=0038:000000001efa02b5 pc=000000001efa02b5 SP=0030:000000001fe65598 env->regs[R_EAX]=0000000000000000
RAX=0000000000000000 RBX=000000008004f3cc RCX=0000000000000002 RDX=000000001efa2880
RSI=0000000000000002 RDI=0000000000000000 RBP=000000001fe65620 RSP=000000001fe65598
R8 =000000001fe656dc R9 =0000000080000000 R10=00000000000fffff R11=000000000000000a
R12=000000001fe656dc R13=00000000000ec30d R14=0000000000000004 R15=0000000000000000
RIP=000000001efa02b5 RFL=00000246 [---Z-P-] CPL=0 II=0 A20=1 SMM=0 HLT=0
ES =0030 0000000000000000 ffffffff 00cf9300 DPL=0 DS   [-WA]
CS =0038 0000000000000000 ffffffff 00af9a00 DPL=0 CS64 [-R-]
SS =0030 0000000000000000 ffffffff 00cf9300 DPL=0 DS   [-WA]
DS =0030 0000000000000000 ffffffff 00cf9300 DPL=0 DS   [-WA]
FS =0030 0000000000000000 ffffffff 00cf9300 DPL=0 DS   [-WA]
GS =0030 0000000000000000 ffffffff 00cf9300 DPL=0 DS   [-WA]
LDT=0000 0000000000000000 0000ffff 00008200 DPL=0 LDT
TR =0000 0000000000000000 0000ffff 00008b00 DPL=0 TSS64-busy
GDT=     000000001f5dc000 00000047
IDT=     000000001efa4018 00000fff
CR0=80010033 CR2=0000000000000000 CR3=000000001f801000 CR4=00000668
DR0=0000000000000000 DR1=0000000000000000 DR2=0000000000000000 DR3=0000000000000000 
DR6=00000000ffff0ff0 DR7=0000000000000400
CCS=0000000000000044 CCD=0000000000000000 CCO=EFLAGS
EFER=0000000000000d00
Servicing hardware INT=0x20
    50: v=20 e=0000 i=0 cpl=0 IP=0038:000000001efa0291 pc=000000001efa0291 SP=0030:000000001fe65578 env->regs[R_EAX]=0000000000000000
RAX=0000000000000000 RBX=00000000800c4100 RCX=0000000000000002 RDX=000000001efa2880
RSI=0000000000000002 RDI=0000000000000000 RBP=000000001fe65590 RSP=000000001fe65578
R8 =000000001fe656dc R9 =0000000080000000 R10=00000000000fffff R11=000000000000000a
R12=000000001fe656dc R13=00000000000cefc0 R14=0000000000000004 R15=0000000000000000
RIP=000000001efa0291 RFL=00000246 [---Z-P-] CPL=0 II=0 A20=1 SMM=0 HLT=0
ES =0030 0000000000000000 ffffffff 00cf9300 DPL=0 DS   [-WA]
CS =0038 0000000000000000 ffffffff 00af9a00 DPL=0 CS64 [-R-]
SS =0030 0000000000000000 ffffffff 00cf9300 DPL=0 DS   [-WA]
DS =0030 0000000000000000 ffffffff 00cf9300 DPL=0 DS   [-WA]
FS =0030 0000000000000000 ffffffff 00cf9300 DPL=0 DS   [-WA]
GS =0030 0000000000000000 ffffffff 00cf9300 DPL=0 DS   [-WA]
LDT=0000 0000000000000000 0000ffff 00008200 DPL=0 LDT
TR =0000 0000000000000000 0000ffff 00008b00 DPL=0 TSS64-busy
GDT=     000000001f5dc000 00000047
IDT=     000000001efa4018 00000fff
CR0=80010033 CR2=0000000000000000 CR3=000000001f801000 CR4=00000668
DR0=0000000000000000 DR1=0000000000000000 DR2=0000000000000000 DR3=0000000000000000 
DR6=00000000ffff0ff0 DR7=0000000000000400
CCS=0000000000000044 CCD=0000000000000000 CCO=EFLAGS
EFER=0000000000000d00
Servicing hardware INT=0x20
    51: v=20 e=0000 i=0 cpl=0 IP=0038:000000001efa1bc5 pc=000000001efa1bc5 SP=0030:000000001fe655a0 env->regs[R_EAX]=0000000000000000
RAX=0000000000000000 RBX=0000000080144000 RCX=0000000000000002 RDX=000000001efa2880
RSI=0000000000000002 RDI=0000000000000000 RBP=000000001fe65620 RSP=000000001fe655a0
R8 =000000001fe656dc R9 =0000000080000000 R10=00000000000fffff R11=000000000000000a
R12=000000001fe656dc R13=00000000000af000 R14=0000000000000004 R15=0000000000000000
RIP=000000001efa1bc5 RFL=00000246 [---Z-P-] CPL=0 II=0 A20=1 SMM=0 HLT=0
ES =0030 0000000000000000 ffffffff 00cf9300 DPL=0 DS   [-WA]
CS =0038 0000000000000000 ffffffff 00af9a00 DPL=0 CS64 [-R-]
SS =0030 0000000000000000 ffffffff 00cf9300 DPL=0 DS   [-WA]
DS =0030 0000000000000000 ffffffff 00cf9300 DPL=0 DS   [-WA]
FS =0030 0000000000000000 ffffffff 00cf9300 DPL=0 DS   [-WA]
GS =0030 0000000000000000 ffffffff 00cf9300 DPL=0 DS   [-WA]
LDT=0000 0000000000000000 0000ffff 00008200 DPL=0 LDT
TR =0000 0000000000000000 0000ffff 00008b00 DPL=0 TSS64-busy
GDT=     000000001f5dc000 00000047
IDT=     000000001efa4018 00000fff
CR0=80010033 CR2=0000000000000000 CR3=000000001f801000 CR4=00000668
DR0=0000000000000000 DR1=0000000000000000 DR2=0000000000000000 DR3=0000000000000000 
DR6=00000000ffff0ff0 DR7=0000000000000400
CCS=0000000000000044 CCD=0000000000000000 CCO=EFLAGS
EFER=0000000000000d00
Servicing hardware INT=0x20
    52: v=20 e=0000 i=0 cpl=0 IP=0038:000000001efa0291 pc=000000001efa0291 SP=0030:000000001fe65578 env->regs[R_EAX]=0000000000000000
RAX=0000000000000000 RBX=00000000801ebc98 RCX=0000000000000002 RDX=000000001efa2880
RSI=0000000000000002 RDI=0000000000000000 RBP=000000001fe65590 RSP=000000001fe65578
R8 =000000001fe656dc R9 =0000000080000000 R10=00000000000fffff R11=000000000000000a
R12=000000001fe656dc R13=00000000000850da R14=0000000000000004 R15=0000000000000000
RIP=000000001efa0291 RFL=00000246 [---Z-P-] CPL=0 II=0 A20=1 SMM=0 HLT=0
ES =0030 0000000000000000 ffffffff 00cf9300 DPL=0 DS   [-WA]
CS =0038 0000000000000000 ffffffff 00af9a00 DPL=0 CS64 [-R-]
SS =0030 0000000000000000 ffffffff 00cf9300 DPL=0 DS   [-WA]
DS =0030 0000000000000000 ffffffff 00cf9300 DPL=0 DS   [-WA]
FS =0030 0000000000000000 ffffffff 00cf9300 DPL=0 DS   [-WA]
GS =0030 0000000000000000 ffffffff 00cf9300 DPL=0 DS   [-WA]
LDT=0000 0000000000000000 0000ffff 00008200 DPL=0 LDT
TR =0000 0000000000000000 0000ffff 00008b00 DPL=0 TSS64-busy
GDT=     000000001f5dc000 00000047
IDT=     000000001efa4018 00000fff
CR0=80010033 CR2=0000000000000000 CR3=000000001f801000 CR4=00000668
DR0=0000000000000000 DR1=0000000000000000 DR2=0000000000000000 DR3=0000000000000000 
DR6=00000000ffff0ff0 DR7=0000000000000400
CCS=0000000000000044 CCD=0000000000000000 CCO=EFLAGS
EFER=0000000000000d00
Servicing hardware INT=0x20
    53: v=20 e=0000 i=0 cpl=0 IP=0038:000000001efa1ae0 pc=000000001efa1ae0 SP=0030:000000001fe655a0 env->regs[R_EAX]=0000000000000000
RAX=0000000000000000 RBX=000000008027ea74 RCX=0000000000000002 RDX=000000001efa2880
RSI=0000000000000002 RDI=0000000000000000 RBP=000000001fe65620 RSP=000000001fe655a0
R8 =000000001fe656dc R9 =0000000080000000 R10=00000000000fffff R11=000000000000000a
R12=000000001fe656dc R13=0000000000060563 R14=0000000000000004 R15=0000000000000000
RIP=000000001efa1ae0 RFL=00000293 [--S-A-C] CPL=0 II=0 A20=1 SMM=0 HLT=0
ES =0030 0000000000000000 ffffffff 00cf9300 DPL=0 DS   [-WA]
CS =0038 0000000000000000 ffffffff 00af9a00 DPL=0 CS64 [-R-]
SS =0030 0000000000000000 ffffffff 00cf9300 DPL=0 DS   [-WA]
DS =0030 0000000000000000 ffffffff 00cf9300 DPL=0 DS   [-WA]
FS =0030 0000000000000000 ffffffff 00cf9300 DPL=0 DS   [-WA]
GS =0030 0000000000000000 ffffffff 00cf9300 DPL=0 DS   [-WA]
LDT=0000 0000000000000000 0000ffff 00008200 DPL=0 LDT
TR =0000 0000000000000000 0000ffff 00008b00 DPL=0 TSS64-busy
GDT=     000000001f5dc000 00000047
IDT=     000000001efa4018 00000fff
CR0=80010033 CR2=0000000000000000 CR3=000000001f801000 CR4=00000668
DR0=0000000000000000 DR1=0000000000000000 DR2=0000000000000000 DR3=0000000000000000 
DR6=00000000ffff0ff0 DR7=0000000000000400
CCS=0000000000000091 CCD=fffffffffffffffe CCO=EFLAGS
EFER=0000000000000d00
Servicing hardware INT=0x20
    54: v=20 e=0000 i=0 cpl=0 IP=0038:000000001efa02c0 pc=000000001efa02c0 SP=0030:000000001fe65580 env->regs[R_EAX]=0000000000000000
RAX=0000000000000000 RBX=0000000080323e20 RCX=0000000000000002 RDX=000000001efa2880
RSI=0000000000000002 RDI=0000000000000000 RBP=000000001fe65590 RSP=000000001fe65580
R8 =000000001fe656dc R9 =0000000080000000 R10=00000000000fffff R11=000000000000000a
R12=000000001fe656dc R13=0000000000037078 R14=0000000000000004 R15=0000000000000000
RIP=000000001efa02c0 RFL=00000202 [-------] CPL=0 II=0 A20=1 SMM=0 HLT=0
ES =0030 0000000000000000 ffffffff 00cf9300 DPL=0 DS   [-WA]
CS =0038 0000000000000000 ffffffff 00af9a00 DPL=0 CS64 [-R-]
SS =0030 0000000000000000 ffffffff 00cf9300 DPL=0 DS   [-WA]
DS =0030 0000000000000000 ffffffff 00cf9300 DPL=0 DS   [-WA]
FS =0030 0000000000000000 ffffffff 00cf9300 DPL=0 DS   [-WA]
GS =0030 0000000000000000 ffffffff 00cf9300 DPL=0 DS   [-WA]
LDT=0000 0000000000000000 0000ffff 00008200 DPL=0 LDT
TR =0000 0000000000000000 0000ffff 00008b00 DPL=0 TSS64-busy
GDT=     000000001f5dc000 00000047
IDT=     000000001efa4018 00000fff
CR0=80010033 CR2=0000000000000000 CR3=000000001f801000 CR4=00000668
DR0=0000000000000000 DR1=0000000000000000 DR2=0000000000000000 DR3=0000000000000000 
DR6=00000000ffff0ff0 DR7=0000000000000400
CCS=0000000000000000 CCD=0000000000000001 CCO=EFLAGS
EFER=0000000000000d00
Servicing hardware INT=0x20
    55: v=20 e=0000 i=0 cpl=0 IP=0038:000000001efa02b5 pc=000000001efa02b5 SP=0030:000000001fe65598 env->regs[R_EAX]=0000000000000000
RAX=0000000000000000 RBX=00000000803b28d0 RCX=0000000000000002 RDX=000000001efa2880
RSI=0000000000000002 RDI=0000000000000000 RBP=000000001fe65620 RSP=000000001fe65598
R8 =000000001fe656dc R9 =0000000080000000 R10=00000000000fffff R11=000000000000000a
R12=000000001fe656dc R13=00000000000135cc R14=0000000000000004 R15=0000000000000000
RIP=000000001efa02b5 RFL=00000246 [---Z-P-] CPL=0 II=0 A20=1 SMM=0 HLT=0
ES =0030 0000000000000000 ffffffff 00cf9300 DPL=0 DS   [-WA]
CS =0038 0000000000000000 ffffffff 00af9a00 DPL=0 CS64 [-R-]
SS =0030 0000000000000000 ffffffff 00cf9300 DPL=0 DS   [-WA]
DS =0030 0000000000000000 ffffffff 00cf9300 DPL=0 DS   [-WA]
FS =0030 0000000000000000 ffffffff 00cf9300 DPL=0 DS   [-WA]
GS =0030 0000000000000000 ffffffff 00cf9300 DPL=0 DS   [-WA]
LDT=0000 0000000000000000 0000ffff 00008200 DPL=0 LDT
TR =0000 0000000000000000 0000ffff 00008b00 DPL=0 TSS64-busy
GDT=     000000001f5dc000 00000047
IDT=     000000001efa4018 00000fff
CR0=80010033 CR2=0000000000000000 CR3=000000001f801000 CR4=00000668
DR0=0000000000000000 DR1=0000000000000000 DR2=0000000000000000 DR3=0000000000000000 
DR6=00000000ffff0ff0 DR7=0000000000000400
CCS=0000000000000044 CCD=0000000000000000 CCO=EFLAGS
EFER=0000000000000d00
Servicing hardware INT=0x20
    56: v=20 e=0000 i=0 cpl=0 IP=0038:000000001e63e11a pc=000000001e63e11a SP=0030:000000001fe65640 env->regs[R_EAX]=0000000000000000
RAX=0000000000000000 RBX=0000000000000000 RCX=0000000000030001 RDX=0000000080000000
RSI=0000000000000004 RDI=0000000080327ffc RBP=000000001fe656e0 RSP=000000001fe65640
R8 =0000000000000000 R9 =0000000000000000 R10=00000000000fffff R11=000000000000000a
R12=00000000803e8000 R13=00000000003e8000 R14=0000000000000000 R15=000000001e662018
RIP=000000001e63e11a RFL=00010246 [---Z-P-] CPL=0 II=0 A20=1 SMM=0 HLT=0
ES =0030 0000000000000000 ffffffff 00cf9300 DPL=0 DS   [-WA]
CS =0038 0000000000000000 ffffffff 00af9a00 DPL=0 CS64 [-R-]
SS =0030 0000000000000000 ffffffff 00cf9300 DPL=0 DS   [-WA]
DS =0030 0000000000000000 ffffffff 00cf9300 DPL=0 DS   [-WA]
FS =0030 0000000000000000 ffffffff 00cf9300 DPL=0 DS   [-WA]
GS =0030 0000000000000000 ffffffff 00cf9300 DPL=0 DS   [-WA]
LDT=0000 0000000000000000 0000ffff 00008200 DPL=0 LDT
TR =0000 0000000000000000 0000ffff 00008b00 DPL=0 TSS64-busy
GDT=     000000001f5dc000 00000047
IDT=     000000001efa4018 00000fff
CR0=80010033 CR2=0000000000000000 CR3=000000001f801000 CR4=00000668
DR0=0000000000000000 DR1=0000000000000000 DR2=0000000000000000 DR3=0000000000000000 
DR6=00000000ffff0ff0 DR7=0000000000000400
CCS=0000000000000044 CCD=0000000000000000 CCO=EFLAGS
EFER=0000000000000d00
Servicing hardware INT=0x20
    57: v=20 e=0000 i=0 cpl=0 IP=0038:000000001f6e6cfc pc=000000001f6e6cfc SP=0030:000000001fe655f0 env->regs[R_EAX]=0000000000000000
RAX=0000000000000000 RBX=00000000ffc007d8 RCX=0000000000000101 RDX=0000000000000000
RSI=0000000000000000 RDI=00000000ffc007ec RBP=000000001fe65620 RSP=000000001fe655f0
R8 =00000000000007d8 R9 =000000001fe656e8 R10=000000001f58a53c R11=000000001f6e6d92
R12=00000000ffc007ec R13=0000000000000000 R14=0000000000000015 R15=000000001fe656e8
RIP=000000001f6e6cfc RFL=00000246 [---Z-P-] CPL=0 II=0 A20=1 SMM=0 HLT=0
ES =0030 0000000000000000 ffffffff 00cf9300 DPL=0 DS   [-WA]
CS =0038 0000000000000000 ffffffff 00af9a00 DPL=0 CS64 [-R-]
SS =0030 0000000000000000 ffffffff 00cf9300 DPL=0 DS   [-WA]
DS =0030 0000000000000000 ffffffff 00cf9300 DPL=0 DS   [-WA]
FS =0030 0000000000000000 ffffffff 00cf9300 DPL=0 DS   [-WA]
GS =0030 0000000000000000 ffffffff 00cf9300 DPL=0 DS   [-WA]
LDT=0000 0000000000000000 0000ffff 00008200 DPL=0 LDT
TR =0000 0000000000000000 0000ffff 00008b00 DPL=0 TSS64-busy
GDT=     000000001f5dc000 00000047
IDT=     000000001efa4018 00000fff
CR0=80010033 CR2=0000000000000000 CR3=000000001f801000 CR4=00000668
DR0=0000000000000000 DR1=0000000000000000 DR2=0000000000000000 DR3=0000000000000000 
DR6=00000000ffff0ff0 DR7=0000000000000400
CCS=0000000000000044 CCD=0000000000000000 CCO=EFLAGS
EFER=0000000000000d00
Servicing hardware INT=0x20
    58: v=20 e=0000 i=0 cpl=0 IP=0038:000000001ea2f3b1 pc=000000001ea2f3b1 SP=0030:000000001fe65850 env->regs[R_EAX]=0000000000000001
RAX=0000000000000001 RBX=00000000100e8086 RCX=0000000000000001 RDX=0000000000000cf8
RSI=0000000000000001 RDI=0000000000000000 RBP=000000001fe658b0 RSP=000000001fe65850
R8 =0000000000000000 R9 =0000000000000cf8 R10=000000001f58a53c R11=000000001f6e6d92
R12=000000001fe65a70 R13=0000000000000000 R14=0000000000018000 R15=0000000000000004
RIP=000000001ea2f3b1 RFL=00000202 [-------] CPL=0 II=0 A20=1 SMM=0 HLT=0
ES =0030 0000000000000000 ffffffff 00cf9300 DPL=0 DS   [-WA]
CS =0038 0000000000000000 ffffffff 00af9a00 DPL=0 CS64 [-R-]
SS =0030 0000000000000000 ffffffff 00cf9300 DPL=0 DS   [-WA]
DS =0030 0000000000000000 ffffffff 00cf9300 DPL=0 DS   [-WA]
FS =0030 0000000000000000 ffffffff 00cf9300 DPL=0 DS   [-WA]
GS =0030 0000000000000000 ffffffff 00cf9300 DPL=0 DS   [-WA]
LDT=0000 0000000000000000 0000ffff 00008200 DPL=0 LDT
TR =0000 0000000000000000 0000ffff 00008b00 DPL=0 TSS64-busy
GDT=     000000001f5dc000 00000047
IDT=     000000001efa4018 00000fff
CR0=80010033 CR2=0000000000000000 CR3=000000001f801000 CR4=00000668
DR0=0000000000000000 DR1=0000000000000000 DR2=0000000000000000 DR3=0000000000000000 
DR6=00000000ffff0ff0 DR7=0000000000000400
CCS=0000000000000038 CCD=0000000000000001 CCO=LOGICB
EFER=0000000000000d00
Servicing hardware INT=0x20
    59: v=20 e=0000 i=0 cpl=0 IP=0038:000000001f6e6cfc pc=000000001f6e6cfc SP=0030:000000001fe65790 env->regs[R_EAX]=0000000000000000
RAX=0000000000000000 RBX=00000000ffc008d4 RCX=0000000000000101 RDX=0000000000000000
RSI=0000000000000010 RDI=00000000ffc00920 RBP=000000001fe657c0 RSP=000000001fe65790
R8 =00000000000008d4 R9 =000000001fe65888 R10=000000001f58a618 R11=000000001f6e6d92
R12=00000000ffc00920 R13=0000000000000010 R14=000000000000004c R15=000000001fe65888
RIP=000000001f6e6cfc RFL=00000246 [---Z-P-] CPL=0 II=0 A20=1 SMM=0 HLT=0
ES =0030 0000000000000000 ffffffff 00cf9300 DPL=0 DS   [-WA]
CS =0038 0000000000000000 ffffffff 00af9a00 DPL=0 CS64 [-R-]
SS =0030 0000000000000000 ffffffff 00cf9300 DPL=0 DS   [-WA]
DS =0030 0000000000000000 ffffffff 00cf9300 DPL=0 DS   [-WA]
FS =0030 0000000000000000 ffffffff 00cf9300 DPL=0 DS   [-WA]
GS =0030 0000000000000000 ffffffff 00cf9300 DPL=0 DS   [-WA]
LDT=0000 0000000000000000 0000ffff 00008200 DPL=0 LDT
TR =0000 0000000000000000 0000ffff 00008b00 DPL=0 TSS64-busy
GDT=     000000001f5dc000 00000047
IDT=     000000001efa4018 00000fff
CR0=80010033 CR2=0000000000000000 CR3=000000001f801000 CR4=00000668
DR0=0000000000000000 DR1=0000000000000000 DR2=0000000000000000 DR3=0000000000000000 
DR6=00000000ffff0ff0 DR7=0000000000000400
CCS=0000000000000044 CCD=0000000000000000 CCO=EFLAGS
EFER=0000000000000d00
Servicing hardware INT=0x20
    60: v=20 e=0000 i=0 cpl=0 IP=0038:000000001f6e6cfc pc=000000001f6e6cfc SP=0030:000000001fe65790 env->regs[R_EAX]=0000000000000000
RAX=0000000000000000 RBX=00000000ffc008d4 RCX=0000000000000101 RDX=0000000000000000
RSI=0000000000000010 RDI=00000000ffc009e6 RBP=000000001fe657c0 RSP=000000001fe65790
R8 =00000000000008d4 R9 =000000001fe65888 R10=000000001f58a618 R11=000000001f6e6d92
R12=00000000ffc009e6 R13=0000000000000010 R14=0000000000000112 R15=000000001fe65888
RIP=000000001f6e6cfc RFL=00000246 [---Z-P-] CPL=0 II=0 A20=1 SMM=0 HLT=0
ES =0030 0000000000000000 ffffffff 00cf9300 DPL=0 DS   [-WA]
CS =0038 0000000000000000 ffffffff 00af9a00 DPL=0 CS64 [-R-]
SS =0030 0000000000000000 ffffffff 00cf9300 DPL=0 DS   [-WA]
DS =0030 0000000000000000 ffffffff 00cf9300 DPL=0 DS   [-WA]
FS =0030 0000000000000000 ffffffff 00cf9300 DPL=0 DS   [-WA]
GS =0030 0000000000000000 ffffffff 00cf9300 DPL=0 DS   [-WA]
LDT=0000 0000000000000000 0000ffff 00008200 DPL=0 LDT
TR =0000 0000000000000000 0000ffff 00008b00 DPL=0 TSS64-busy
GDT=     000000001f5dc000 00000047
IDT=     000000001efa4018 00000fff
CR0=80010033 CR2=0000000000000000 CR3=000000001f801000 CR4=00000668
DR0=0000000000000000 DR1=0000000000000000 DR2=0000000000000000 DR3=0000000000000000 
DR6=00000000ffff0ff0 DR7=0000000000000400
CCS=0000000000000044 CCD=0000000000000000 CCO=EFLAGS
EFER=0000000000000d00
Servicing hardware INT=0x20
    61: v=20 e=0000 i=0 cpl=0 IP=0038:000000001f6e6cfc pc=000000001f6e6cfc SP=0030:000000001fe65790 env->regs[R_EAX]=0000000000000000
RAX=0000000000000000 RBX=00000000ffc00a10 RCX=0000000000000101 RDX=0000000000000000
RSI=0000000000000010 RDI=00000000ffc00a4e RBP=000000001fe657c0 RSP=000000001fe65790
R8 =0000000000000a10 R9 =000000001fe65888 R10=000000001f58a7f0 R11=000000001f6e6d92
R12=00000000ffc00a4e R13=0000000000000010 R14=000000000000003e R15=000000001fe65888
RIP=000000001f6e6cfc RFL=00000246 [---Z-P-] CPL=0 II=0 A20=1 SMM=0 HLT=0
ES =0030 0000000000000000 ffffffff 00cf9300 DPL=0 DS   [-WA]
CS =0038 0000000000000000 ffffffff 00af9a00 DPL=0 CS64 [-R-]
SS =0030 0000000000000000 ffffffff 00cf9300 DPL=0 DS   [-WA]
DS =0030 0000000000000000 ffffffff 00cf9300 DPL=0 DS   [-WA]
FS =0030 0000000000000000 ffffffff 00cf9300 DPL=0 DS   [-WA]
GS =0030 0000000000000000 ffffffff 00cf9300 DPL=0 DS   [-WA]
LDT=0000 0000000000000000 0000ffff 00008200 DPL=0 LDT
TR =0000 0000000000000000 0000ffff 00008b00 DPL=0 TSS64-busy
GDT=     000000001f5dc000 00000047
IDT=     000000001efa4018 00000fff
CR0=80010033 CR2=0000000000000000 CR3=000000001f801000 CR4=00000668
DR0=0000000000000000 DR1=0000000000000000 DR2=0000000000000000 DR3=0000000000000000 
DR6=00000000ffff0ff0 DR7=0000000000000400
CCS=0000000000000044 CCD=0000000000000000 CCO=EFLAGS
EFER=0000000000000d00
Servicing hardware INT=0x20
    62: v=20 e=0000 i=0 cpl=0 IP=0038:000000001f6e6cfc pc=000000001f6e6cfc SP=0030:000000001fe65790 env->regs[R_EAX]=0000000000000000
RAX=0000000000000000 RBX=00000000ffc00a10 RCX=0000000000000101 RDX=0000000000000000
RSI=0000000000000000 RDI=00000000ffc00b21 RBP=000000001fe657c0 RSP=000000001fe65790
R8 =0000000000000a10 R9 =000000001fe65888 R10=000000001f58a7f0 R11=000000001f6e6d92
R12=00000000ffc00b21 R13=0000000000000000 R14=0000000000000112 R15=000000001fe65888
RIP=000000001f6e6cfc RFL=00000246 [---Z-P-] CPL=0 II=0 A20=1 SMM=0 HLT=0
ES =0030 0000000000000000 ffffffff 00cf9300 DPL=0 DS   [-WA]
CS =0038 0000000000000000 ffffffff 00af9a00 DPL=0 CS64 [-R-]
SS =0030 0000000000000000 ffffffff 00cf9300 DPL=0 DS   [-WA]
DS =0030 0000000000000000 ffffffff 00cf9300 DPL=0 DS   [-WA]
FS =0030 0000000000000000 ffffffff 00cf9300 DPL=0 DS   [-WA]
GS =0030 0000000000000000 ffffffff 00cf9300 DPL=0 DS   [-WA]
LDT=0000 0000000000000000 0000ffff 00008200 DPL=0 LDT
TR =0000 0000000000000000 0000ffff 00008b00 DPL=0 TSS64-busy
GDT=     000000001f5dc000 00000047
IDT=     000000001efa4018 00000fff
CR0=80010033 CR2=0000000000000000 CR3=000000001f801000 CR4=00000668
DR0=0000000000000000 DR1=0000000000000000 DR2=0000000000000000 DR3=0000000000000000 
DR6=00000000ffff0ff0 DR7=0000000000000400
CCS=0000000000000044 CCD=0000000000000000 CCO=EFLAGS
EFER=0000000000000d00
Servicing hardware INT=0x20
    63: v=20 e=0000 i=0 cpl=0 IP=0038:000000001f6e6cfc pc=000000001f6e6cfc SP=0030:000000001fe65790 env->regs[R_EAX]=0000000000000000
RAX=0000000000000000 RBX=00000000ffc00b4c RCX=0000000000000101 RDX=0000000000000000
RSI=0000000000000010 RDI=00000000ffc00b6c RBP=000000001fe657c0 RSP=000000001fe65790
R8 =0000000000000b4c R9 =000000001fe65888 R10=000000001f58a714 R11=000000001f6e6d92
R12=00000000ffc00b6c R13=0000000000000010 R14=0000000000000020 R15=000000001fe65888
RIP=000000001f6e6cfc RFL=00000246 [---Z-P-] CPL=0 II=0 A20=1 SMM=0 HLT=0
ES =0030 0000000000000000 ffffffff 00cf9300 DPL=0 DS   [-WA]
CS =0038 0000000000000000 ffffffff 00af9a00 DPL=0 CS64 [-R-]
SS =0030 0000000000000000 ffffffff 00cf9300 DPL=0 DS   [-WA]
DS =0030 0000000000000000 ffffffff 00cf9300 DPL=0 DS   [-WA]
FS =0030 0000000000000000 ffffffff 00cf9300 DPL=0 DS   [-WA]
GS =0030 0000000000000000 ffffffff 00cf9300 DPL=0 DS   [-WA]
LDT=0000 0000000000000000 0000ffff 00008200 DPL=0 LDT
TR =0000 0000000000000000 0000ffff 00008b00 DPL=0 TSS64-busy
GDT=     000000001f5dc000 00000047
IDT=     000000001efa4018 00000fff
CR0=80010033 CR2=0000000000000000 CR3=000000001f801000 CR4=00000668
DR0=0000000000000000 DR1=0000000000000000 DR2=0000000000000000 DR3=0000000000000000 
DR6=00000000ffff0ff0 DR7=0000000000000400
CCS=0000000000000044 CCD=0000000000000000 CCO=EFLAGS
EFER=0000000000000d00
Servicing hardware INT=0x20
    64: v=20 e=0000 i=0 cpl=0 IP=0038:000000001f6c3f36 pc=000000001f6c3f36 SP=0030:000000001fe658c0 env->regs[R_EAX]=000000001ea410a8
RAX=000000001ea410a8 RBX=0000000000000000 RCX=000000001ea4109e RDX=0000000000000008
RSI=0000000000000001 RDI=000000001ea41034 RBP=000000001fe65910 RSP=000000001fe658c0
R8 =0000000000000001 R9 =000000001fe65a68 R10=0000000000000000 R11=000000001f6e6d92
R12=000000000000003c R13=000000001fe659a8 R14=0000000000000000 R15=0000000000000001
RIP=000000001f6c3f36 RFL=00000202 [-------] CPL=0 II=0 A20=1 SMM=0 HLT=0
ES =0030 0000000000000000 ffffffff 00cf9300 DPL=0 DS   [-WA]
CS =0038 0000000000000000 ffffffff 00af9a00 DPL=0 CS64 [-R-]
SS =0030 0000000000000000 ffffffff 00cf9300 DPL=0 DS   [-WA]
DS =0030 0000000000000000 ffffffff 00cf9300 DPL=0 DS   [-WA]
FS =0030 0000000000000000 ffffffff 00cf9300 DPL=0 DS   [-WA]
GS =0030 0000000000000000 ffffffff 00cf9300 DPL=0 DS   [-WA]
LDT=0000 0000000000000000 0000ffff 00008200 DPL=0 LDT
TR =0000 0000000000000000 0000ffff 00008b00 DPL=0 TSS64-busy
GDT=     000000001f5dc000 00000047
IDT=     000000001efa4018 00000fff
CR0=80010033 CR2=0000000000000000 CR3=000000001f801000 CR4=00000668
DR0=0000000000000000 DR1=0000000000000000 DR2=0000000000000000 DR3=0000000000000000 
DR6=00000000ffff0ff0 DR7=0000000000000400
CCS=0000000000000000 CCD=000000001ea410a8 CCO=EFLAGS
EFER=0000000000000d00
Servicing hardware INT=0x20
    65: v=20 e=0000 i=0 cpl=0 IP=0038:000000001f6e6cfc pc=000000001f6e6cfc SP=0030:000000001fe65790 env->regs[R_EAX]=0000000000000000
RAX=0000000000000000 RBX=00000000ffc00c68 RCX=0000000000000101 RDX=0000000000000000
RSI=0000000000000010 RDI=00000000ffc00cb7 RBP=000000001fe657c0 RSP=000000001fe65790
R8 =0000000000000c68 R9 =000000001fe65888 R10=000000001f58a8ec R11=000000001f6e6d92
R12=00000000ffc00cb7 R13=0000000000000010 R14=000000000000004f R15=000000001fe65888
RIP=000000001f6e6cfc RFL=00000246 [---Z-P-] CPL=0 II=0 A20=1 SMM=0 HLT=0
ES =0030 0000000000000000 ffffffff 00cf9300 DPL=0 DS   [-WA]
CS =0038 0000000000000000 ffffffff 00af9a00 DPL=0 CS64 [-R-]
SS =0030 0000000000000000 ffffffff 00cf9300 DPL=0 DS   [-WA]
DS =0030 0000000000000000 ffffffff 00cf9300 DPL=0 DS   [-WA]
FS =0030 0000000000000000 ffffffff 00cf9300 DPL=0 DS   [-WA]
GS =0030 0000000000000000 ffffffff 00cf9300 DPL=0 DS   [-WA]
LDT=0000 0000000000000000 0000ffff 00008200 DPL=0 LDT
TR =0000 0000000000000000 0000ffff 00008b00 DPL=0 TSS64-busy
GDT=     000000001f5dc000 00000047
IDT=     000000001efa4018 00000fff
CR0=80010033 CR2=0000000000000000 CR3=000000001f801000 CR4=00000668
DR0=0000000000000000 DR1=0000000000000000 DR2=0000000000000000 DR3=0000000000000000 
DR6=00000000ffff0ff0 DR7=0000000000000400
CCS=0000000000000044 CCD=0000000000000000 CCO=EFLAGS
EFER=0000000000000d00
Servicing hardware INT=0x20
    66: v=20 e=0000 i=0 cpl=0 IP=0038:000000001f6e6cfc pc=000000001f6e6cfc SP=0030:000000001fe65790 env->regs[R_EAX]=0000000000000000
RAX=0000000000000000 RBX=00000000ffc00c6a RCX=0000000000000101 RDX=0000000000000000
RSI=0000000000000010 RDI=00000000ffc00c6a RBP=000000001fe657c0 RSP=000000001fe65790
R8 =0000000000000c6a R9 =000000001fe65888 R10=000000001f58a8ec R11=000000001f6e6d92
R12=00000000ffc00c6a R13=0000000000000010 R14=0000000000000000 R15=000000001fe65888
RIP=000000001f6e6cfc RFL=00000246 [---Z-P-] CPL=0 II=0 A20=1 SMM=0 HLT=0
ES =0030 0000000000000000 ffffffff 00cf9300 DPL=0 DS   [-WA]
CS =0038 0000000000000000 ffffffff 00af9a00 DPL=0 CS64 [-R-]
SS =0030 0000000000000000 ffffffff 00cf9300 DPL=0 DS   [-WA]
DS =0030 0000000000000000 ffffffff 00cf9300 DPL=0 DS   [-WA]
FS =0030 0000000000000000 ffffffff 00cf9300 DPL=0 DS   [-WA]
GS =0030 0000000000000000 ffffffff 00cf9300 DPL=0 DS   [-WA]
LDT=0000 0000000000000000 0000ffff 00008200 DPL=0 LDT
TR =0000 0000000000000000 0000ffff 00008b00 DPL=0 TSS64-busy
GDT=     000000001f5dc000 00000047
IDT=     000000001efa4018 00000fff
CR0=80010033 CR2=0000000000000000 CR3=000000001f801000 CR4=00000668
DR0=0000000000000000 DR1=0000000000000000 DR2=0000000000000000 DR3=0000000000000000 
DR6=00000000ffff0ff0 DR7=0000000000000400
CCS=0000000000000044 CCD=0000000000000000 CCO=EFLAGS
EFER=0000000000000d00
Servicing hardware INT=0x20
    67: v=20 e=0000 i=0 cpl=0 IP=0038:000000001f6e6cfc pc=000000001f6e6cfc SP=0030:000000001fe65790 env->regs[R_EAX]=0000000000000000
RAX=0000000000000000 RBX=00000000ffc00db4 RCX=0000000000000101 RDX=0000000000000000
RSI=0000000000000010 RDI=00000000ffc00e9c RBP=000000001fe657c0 RSP=000000001fe65790
R8 =0000000000000db4 R9 =000000001fe65888 R10=000000001f58aa28 R11=000000001f6e6d92
R12=00000000ffc00e9c R13=0000000000000010 R14=00000000000000e8 R15=000000001fe65888
RIP=000000001f6e6cfc RFL=00000246 [---Z-P-] CPL=0 II=0 A20=1 SMM=0 HLT=0
ES =0030 0000000000000000 ffffffff 00cf9300 DPL=0 DS   [-WA]
CS =0038 0000000000000000 ffffffff 00af9a00 DPL=0 CS64 [-R-]
SS =0030 0000000000000000 ffffffff 00cf9300 DPL=0 DS   [-WA]
DS =0030 0000000000000000 ffffffff 00cf9300 DPL=0 DS   [-WA]
FS =0030 0000000000000000 ffffffff 00cf9300 DPL=0 DS   [-WA]
GS =0030 0000000000000000 ffffffff 00cf9300 DPL=0 DS   [-WA]
LDT=0000 0000000000000000 0000ffff 00008200 DPL=0 LDT
TR =0000 0000000000000000 0000ffff 00008b00 DPL=0 TSS64-busy
GDT=     000000001f5dc000 00000047
IDT=     000000001efa4018 00000fff
CR0=80010033 CR2=0000000000000000 CR3=000000001f801000 CR4=00000668
DR0=0000000000000000 DR1=0000000000000000 DR2=0000000000000000 DR3=0000000000000000 
DR6=00000000ffff0ff0 DR7=0000000000000400
CCS=0000000000000044 CCD=0000000000000000 CCO=EFLAGS
EFER=0000000000000d00
Servicing hardware INT=0x20
    68: v=20 e=0000 i=0 cpl=0 IP=0038:000000001f6e6cfc pc=000000001f6e6cfc SP=0030:000000001fe65790 env->regs[R_EAX]=0000000000000000
RAX=0000000000000000 RBX=00000000ffc00db6 RCX=0000000000000101 RDX=0000000000000000
RSI=0000000000000010 RDI=00000000ffc00db6 RBP=000000001fe657c0 RSP=000000001fe65790
R8 =0000000000000db6 R9 =000000001fe65888 R10=000000001f58aa28 R11=000000001f6e6d92
R12=00000000ffc00db6 R13=0000000000000010 R14=0000000000000000 R15=000000001fe65888
RIP=000000001f6e6cfc RFL=00000246 [---Z-P-] CPL=0 II=0 A20=1 SMM=0 HLT=0
ES =0030 0000000000000000 ffffffff 00cf9300 DPL=0 DS   [-WA]
CS =0038 0000000000000000 ffffffff 00af9a00 DPL=0 CS64 [-R-]
SS =0030 0000000000000000 ffffffff 00cf9300 DPL=0 DS   [-WA]
DS =0030 0000000000000000 ffffffff 00cf9300 DPL=0 DS   [-WA]
FS =0030 0000000000000000 ffffffff 00cf9300 DPL=0 DS   [-WA]
GS =0030 0000000000000000 ffffffff 00cf9300 DPL=0 DS   [-WA]
LDT=0000 0000000000000000 0000ffff 00008200 DPL=0 LDT
TR =0000 0000000000000000 0000ffff 00008b00 DPL=0 TSS64-busy
GDT=     000000001f5dc000 00000047
IDT=     000000001efa4018 00000fff
CR0=80010033 CR2=0000000000000000 CR3=000000001f801000 CR4=00000668
DR0=0000000000000000 DR1=0000000000000000 DR2=0000000000000000 DR3=0000000000000000 
DR6=00000000ffff0ff0 DR7=0000000000000400
CCS=0000000000000044 CCD=0000000000000000 CCO=EFLAGS
EFER=0000000000000d00
Servicing hardware INT=0x20
    69: v=20 e=0000 i=0 cpl=0 IP=0038:000000001fe76f3a pc=000000001fe76f3a SP=0030:000000001fe65710 env->regs[R_EAX]=0000000000000198
RAX=0000000000000198 RBX=000000001e5bd018 RCX=0000000000000001 RDX=0000000000000001
RSI=0000000000000008 RDI=000000001e5bd018 RBP=000000001fe65740 RSP=000000001fe65710
R8 =0000000000005410 R9 =0000000000000040 R10=000000000000001f R11=0000000000000002
R12=0000000000000001 R13=0000000000000080 R14=0000000000001587 R15=000000000000699b
RIP=000000001fe76f3a RFL=00000202 [-------] CPL=0 II=0 A20=1 SMM=0 HLT=0
ES =0030 0000000000000000 ffffffff 00cf9300 DPL=0 DS   [-WA]
CS =0038 0000000000000000 ffffffff 00af9a00 DPL=0 CS64 [-R-]
SS =0030 0000000000000000 ffffffff 00cf9300 DPL=0 DS   [-WA]
DS =0030 0000000000000000 ffffffff 00cf9300 DPL=0 DS   [-WA]
FS =0030 0000000000000000 ffffffff 00cf9300 DPL=0 DS   [-WA]
GS =0030 0000000000000000 ffffffff 00cf9300 DPL=0 DS   [-WA]
LDT=0000 0000000000000000 0000ffff 00008200 DPL=0 LDT
TR =0000 0000000000000000 0000ffff 00008b00 DPL=0 TSS64-busy
GDT=     000000001f5dc000 00000047
IDT=     000000001efa4018 00000fff
CR0=80010033 CR2=0000000000000000 CR3=000000001f801000 CR4=00000668
DR0=0000000000000000 DR1=0000000000000000 DR2=0000000000000000 DR3=0000000000000000 
DR6=00000000ffff0ff0 DR7=0000000000000400
CCS=0000000000000000 CCD=0000000000000198 CCO=EFLAGS
EFER=0000000000000d00
Servicing hardware INT=0x20
    70: v=20 e=0000 i=0 cpl=0 IP=0038:000000001fe76ef9 pc=000000001fe76ef9 SP=0030:000000001fe65748 env->regs[R_EAX]=000000000000006e
RAX=000000000000006e RBX=000000001e5bd018 RCX=0000000000000001 RDX=000000006e4ec46b
RSI=0000000000000007 RDI=000000001e5bd018 RBP=000000001fe657b0 RSP=000000001fe65748
R8 =000000000001e610 R9 =00000000000000a0 R10=000000000000001f R11=0000000000000003
R12=0000000000000009 R13=000000000000006e R14=0000000000000195 R15=000000000001e7a8
RIP=000000001fe76ef9 RFL=00000287 [--S--PC] CPL=0 II=0 A20=1 SMM=0 HLT=0
ES =0030 0000000000000000 ffffffff 00cf9300 DPL=0 DS   [-WA]
CS =0038 0000000000000000 ffffffff 00af9a00 DPL=0 CS64 [-R-]
SS =0030 0000000000000000 ffffffff 00cf9300 DPL=0 DS   [-WA]
DS =0030 0000000000000000 ffffffff 00cf9300 DPL=0 DS   [-WA]
FS =0030 0000000000000000 ffffffff 00cf9300 DPL=0 DS   [-WA]
GS =0030 0000000000000000 ffffffff 00cf9300 DPL=0 DS   [-WA]
LDT=0000 0000000000000000 0000ffff 00008200 DPL=0 LDT
TR =0000 0000000000000000 0000ffff 00008b00 DPL=0 TSS64-busy
GDT=     000000001f5dc000 00000047
IDT=     000000001efa4018 00000fff
CR0=80010033 CR2=0000000000000000 CR3=000000001f801000 CR4=00000668
DR0=0000000000000000 DR1=0000000000000000 DR2=0000000000000000 DR3=0000000000000000 
DR6=00000000ffff0ff0 DR7=0000000000000400
CCS=0000000000000085 CCD=fffffffffffffe71 CCO=EFLAGS
EFER=0000000000000d00
Servicing hardware INT=0x20
    71: v=20 e=0000 i=0 cpl=0 IP=0038:000000001f6cba4a pc=000000001f6cba4a SP=0030:000000001fe65710 env->regs[R_EAX]=00000000000000ff
RAX=00000000000000ff RBX=0000000000000000 RCX=0000000000010001 RDX=000000001eac1018
RSI=0000000000000000 RDI=000000001eaf1017 RBP=000000001fe657e0 RSP=000000001fe65710
R8 =00000000000000ff R9 =0000000000000000 R10=000000001f58adcc R11=0000000000000002
R12=000000001fe65840 R13=000000001fe65788 R14=0000000000000000 R15=000000001eac1018
RIP=000000001f6cba4a RFL=00010206 [-----P-] CPL=0 II=0 A20=1 SMM=0 HLT=0
ES =0030 0000000000000000 ffffffff 00cf9300 DPL=0 DS   [-WA]
CS =0038 0000000000000000 ffffffff 00af9a00 DPL=0 CS64 [-R-]
SS =0030 0000000000000000 ffffffff 00cf9300 DPL=0 DS   [-WA]
DS =0030 0000000000000000 ffffffff 00cf9300 DPL=0 DS   [-WA]
FS =0030 0000000000000000 ffffffff 00cf9300 DPL=0 DS   [-WA]
GS =0030 0000000000000000 ffffffff 00cf9300 DPL=0 DS   [-WA]
LDT=0000 0000000000000000 0000ffff 00008200 DPL=0 LDT
TR =0000 0000000000000000 0000ffff 00008b00 DPL=0 TSS64-busy
GDT=     000000001f5dc000 00000047
IDT=     000000001efa4018 00000fff
CR0=80010033 CR2=0000000000000000 CR3=000000001f801000 CR4=00000668
DR0=0000000000000000 DR1=0000000000000000 DR2=0000000000000000 DR3=0000000000000000 
DR6=00000000ffff0ff0 DR7=0000000000000400
CCS=0000000000000004 CCD=000000001fe65700 CCO=EFLAGS
EFER=0000000000000d00
Servicing hardware INT=0x20
    72: v=20 e=0000 i=0 cpl=0 IP=0038:000000001efae145 pc=000000001efae145 SP=0030:000000001fe65968 env->regs[R_EAX]=0000000000000000
RAX=0000000000000000 RBX=000000001e662698 RCX=000000001e662698 RDX=0000000000000000
RSI=000000001fe65a78 RDI=000000001fe65a70 RBP=000000001fe659b0 RSP=000000001fe65968
R8 =0000000000000002 R9 =000000001f58adc9 R10=000000001f58ac80 R11=000000001e73d930
R12=000000001e79ee01 R13=000000001fe65a70 R14=000000001fe65a78 R15=000000001e79dc4e
RIP=000000001efae145 RFL=00000246 [---Z-P-] CPL=0 II=0 A20=1 SMM=0 HLT=0
ES =0030 0000000000000000 ffffffff 00cf9300 DPL=0 DS   [-WA]
CS =0038 0000000000000000 ffffffff 00af9a00 DPL=0 CS64 [-R-]
SS =0030 0000000000000000 ffffffff 00cf9300 DPL=0 DS   [-WA]
DS =0030 0000000000000000 ffffffff 00cf9300 DPL=0 DS   [-WA]
FS =0030 0000000000000000 ffffffff 00cf9300 DPL=0 DS   [-WA]
GS =0030 0000000000000000 ffffffff 00cf9300 DPL=0 DS   [-WA]
LDT=0000 0000000000000000 0000ffff 00008200 DPL=0 LDT
TR =0000 0000000000000000 0000ffff 00008b00 DPL=0 TSS64-busy
GDT=     000000001f5dc000 00000047
IDT=     000000001efa4018 00000fff
CR0=80010033 CR2=0000000000000000 CR3=000000001f801000 CR4=00000668
DR0=0000000000000000 DR1=0000000000000000 DR2=0000000000000000 DR3=0000000000000000 
DR6=00000000ffff0ff0 DR7=0000000000000400
CCS=0000000000000044 CCD=0000000000000000 CCO=EFLAGS
EFER=0000000000000d00
Servicing hardware INT=0x20
    73: v=20 e=0000 i=0 cpl=0 IP=0038:000000001f6c9ff3 pc=000000001f6c9ff3 SP=0030:000000001fe65800 env->regs[R_EAX]=000000001f5cb198
RAX=000000001f5cb198 RBX=0000000000000000 RCX=0000000000000000 RDX=000000001eac1018
RSI=000000001e79f2d0 RDI=000000001fe65ad8 RBP=000000001fe658a0 RSP=000000001fe65800
R8 =0000000000000002 R9 =000000001eac1071 R10=000000001f58af28 R11=000000001f6e6d92
R12=000000001fe659b0 R13=000000001fe659b0 R14=0000000000000000 R15=0000000000000000
RIP=000000001f6c9ff3 RFL=00000246 [---Z-P-] CPL=0 II=0 A20=1 SMM=0 HLT=0
ES =0030 0000000000000000 ffffffff 00cf9300 DPL=0 DS   [-WA]
CS =0038 0000000000000000 ffffffff 00af9a00 DPL=0 CS64 [-R-]
SS =0030 0000000000000000 ffffffff 00cf9300 DPL=0 DS   [-WA]
DS =0030 0000000000000000 ffffffff 00cf9300 DPL=0 DS   [-WA]
FS =0030 0000000000000000 ffffffff 00cf9300 DPL=0 DS   [-WA]
GS =0030 0000000000000000 ffffffff 00cf9300 DPL=0 DS   [-WA]
LDT=0000 0000000000000000 0000ffff 00008200 DPL=0 LDT
TR =0000 0000000000000000 0000ffff 00008b00 DPL=0 TSS64-busy
GDT=     000000001f5dc000 00000047
IDT=     000000001efa4018 00000fff
CR0=80010033 CR2=0000000000000000 CR3=000000001f801000 CR4=00000668
DR0=0000000000000000 DR1=0000000000000000 DR2=0000000000000000 DR3=0000000000000000 
DR6=00000000ffff0ff0 DR7=0000000000000400
CCS=0000000000000044 CCD=0000000000000000 CCO=EFLAGS
EFER=0000000000000d00
Servicing hardware INT=0x20
    74: v=20 e=0000 i=0 cpl=0 IP=0038:000000001e6bbade pc=000000001e6bbade SP=0030:000000001fe654e0 env->regs[R_EAX]=0000000000000000
RAX=0000000000000000 RBX=8000000000000003 RCX=000000001f6e2090 RDX=0000000000000000
RSI=000000001fe65518 RDI=000000001e639c98 RBP=000000001fe65760 RSP=000000001fe654e0
R8 =0000000000000000 R9 =0000000001050004 R10=0000000000000047 R11=000000001e73d980
R12=0000000000000001 R13=0000000001050004 R14=000000001e6bf040 R15=0000000000000001
RIP=000000001e6bbade RFL=00000202 [-------] CPL=0 II=0 A20=1 SMM=0 HLT=0
ES =0030 0000000000000000 ffffffff 00cf9300 DPL=0 DS   [-WA]
CS =0038 0000000000000000 ffffffff 00af9a00 DPL=0 CS64 [-R-]
SS =0030 0000000000000000 ffffffff 00cf9300 DPL=0 DS   [-WA]
DS =0030 0000000000000000 ffffffff 00cf9300 DPL=0 DS   [-WA]
FS =0030 0000000000000000 ffffffff 00cf9300 DPL=0 DS   [-WA]
GS =0030 0000000000000000 ffffffff 00cf9300 DPL=0 DS   [-WA]
LDT=0000 0000000000000000 0000ffff 00008200 DPL=0 LDT
TR =0000 0000000000000000 0000ffff 00008b00 DPL=0 TSS64-busy
GDT=     000000001f5dc000 00000047
IDT=     000000001efa4018 00000fff
CR0=80010033 CR2=0000000000000000 CR3=000000001f801000 CR4=00000668
DR0=0000000000000000 DR1=0000000000000000 DR2=0000000000000000 DR3=0000000000000000 
DR6=00000000ffff0ff0 DR7=0000000000000400
CCS=0000000000000000 CCD=000000001fe65498 CCO=EFLAGS
EFER=0000000000000d00
Servicing hardware INT=0x20
    75: v=20 e=0000 i=0 cpl=0 IP=0038:000000001f6cba4c pc=000000001f6cba4c SP=0030:000000001fe65570 env->regs[R_EAX]=00000000000000ff
RAX=00000000000000ff RBX=0000000000000000 RCX=0000000000000000 RDX=000000001eac1018
RSI=000000001f5cb198 RDI=000000001eb01018 RBP=000000001fe65640 RSP=000000001fe65570
R8 =00000000000000ff R9 =0000000000000000 R10=000000001f58afe0 R11=000000001e73d980
R12=000000001fe656a0 R13=000000001fe656a0 R14=0000000000000000 R15=000000001eac1018
RIP=000000001f6cba4c RFL=00000206 [-----P-] CPL=0 II=0 A20=1 SMM=0 HLT=0
ES =0030 0000000000000000 ffffffff 00cf9300 DPL=0 DS   [-WA]
CS =0038 0000000000000000 ffffffff 00af9a00 DPL=0 CS64 [-R-]
SS =0030 0000000000000000 ffffffff 00cf9300 DPL=0 DS   [-WA]
DS =0030 0000000000000000 ffffffff 00cf9300 DPL=0 DS   [-WA]
FS =0030 0000000000000000 ffffffff 00cf9300 DPL=0 DS   [-WA]
GS =0030 0000000000000000 ffffffff 00cf9300 DPL=0 DS   [-WA]
LDT=0000 0000000000000000 0000ffff 00008200 DPL=0 LDT
TR =0000 0000000000000000 0000ffff 00008b00 DPL=0 TSS64-busy
GDT=     000000001f5dc000 00000047
IDT=     000000001efa4018 00000fff
CR0=80010033 CR2=0000000000000000 CR3=000000001f801000 CR4=00000668
DR0=0000000000000000 DR1=0000000000000000 DR2=0000000000000000 DR3=0000000000000000 
DR6=00000000ffff0ff0 DR7=0000000000000400
CCS=0000000000000004 CCD=000000001fe65560 CCO=EFLAGS
EFER=0000000000000d00
Servicing hardware INT=0x20
    76: v=20 e=0000 i=0 cpl=0 IP=0038:000000001fe773d3 pc=000000001fe773d3 SP=0030:000000001fe65770 env->regs[R_EAX]=11d26d3f09576e91
RAX=11d26d3f09576e91 RBX=000000001e6a2260 RCX=000000001f4e39b0 RDX=000000001e6a2260
RSI=000000001f4e39b0 RDI=000000001e5c0098 RBP=000000001fe657b0 RSP=000000001fe65770
R8 =000000001fe658d8 R9 =000000001e715898 R10=000000001ea41394 R11=0000000000000032
R12=000000001e5bf898 R13=000000001e5c00b0 R14=000000001e6a2260 R15=000000001fe844d1
RIP=000000001fe773d3 RFL=00000202 [-------] CPL=0 II=0 A20=1 SMM=0 HLT=0
ES =0030 0000000000000000 ffffffff 00cf9300 DPL=0 DS   [-WA]
CS =0038 0000000000000000 ffffffff 00af9a00 DPL=0 CS64 [-R-]
SS =0030 0000000000000000 ffffffff 00cf9300 DPL=0 DS   [-WA]
DS =0030 0000000000000000 ffffffff 00cf9300 DPL=0 DS   [-WA]
FS =0030 0000000000000000 ffffffff 00cf9300 DPL=0 DS   [-WA]
GS =0030 0000000000000000 ffffffff 00cf9300 DPL=0 DS   [-WA]
LDT=0000 0000000000000000 0000ffff 00008200 DPL=0 LDT
TR =0000 0000000000000000 0000ffff 00008b00 DPL=0 TSS64-busy
GDT=     000000001f5dc000 00000047
IDT=     000000001efa4018 00000fff
CR0=80010033 CR2=0000000000000000 CR3=000000001f801000 CR4=00000668
DR0=0000000000000000 DR1=0000000000000000 DR2=0000000000000000 DR3=0000000000000000 
DR6=00000000ffff0ff0 DR7=0000000000000400
CCS=0000000000000000 CCD=000000001fe65758 CCO=EFLAGS
EFER=0000000000000d00
Servicing hardware INT=0x20
    77: v=20 e=0000 i=0 cpl=0 IP=0038:000000001f6e6cfc pc=000000001f6e6cfc SP=0030:000000001fe656d0 env->regs[R_EAX]=0000000000000000
RAX=0000000000000000 RBX=00000000ffc01000 RCX=0000000000000101 RDX=0000000000000000
RSI=0000000000000010 RDI=00000000ffc0105d RBP=000000001fe65700 RSP=000000001fe656d0
R8 =0000000000000000 R9 =000000001fe657c8 R10=000000001f58adcc R11=000000001f6e6d92
R12=00000000ffc0105d R13=0000000000000010 R14=000000000000005d R15=000000001fe657c8
RIP=000000001f6e6cfc RFL=00000246 [---Z-P-] CPL=0 II=0 A20=1 SMM=0 HLT=0
ES =0030 0000000000000000 ffffffff 00cf9300 DPL=0 DS   [-WA]
CS =0038 0000000000000000 ffffffff 00af9a00 DPL=0 CS64 [-R-]
SS =0030 0000000000000000 ffffffff 00cf9300 DPL=0 DS   [-WA]
DS =0030 0000000000000000 ffffffff 00cf9300 DPL=0 DS   [-WA]
FS =0030 0000000000000000 ffffffff 00cf9300 DPL=0 DS   [-WA]
GS =0030 0000000000000000 ffffffff 00cf9300 DPL=0 DS   [-WA]
LDT=0000 0000000000000000 0000ffff 00008200 DPL=0 LDT
TR =0000 0000000000000000 0000ffff 00008b00 DPL=0 TSS64-busy
GDT=     000000001f5dc000 00000047
IDT=     000000001efa4018 00000fff
CR0=80010033 CR2=0000000000000000 CR3=000000001f801000 CR4=00000668
DR0=0000000000000000 DR1=0000000000000000 DR2=0000000000000000 DR3=0000000000000000 
DR6=00000000ffff0ff0 DR7=0000000000000400
CCS=0000000000000044 CCD=0000000000000000 CCO=EFLAGS
EFER=0000000000000d00
Servicing hardware INT=0x20
    78: v=20 e=0000 i=0 cpl=0 IP=0038:000000001e71ac8a pc=000000001e71ac8a SP=0030:000000001fe65750 env->regs[R_EAX]=000000000000001e
RAX=000000000000001e RBX=000000001e6631b8 RCX=000000001fe6580c RDX=0000000000000320
RSI=0000000000000500 RDI=000000001e6631b8 RBP=000000001fe657b0 RSP=000000001fe65750
R8 =0000000000000320 R9 =000000001e5bed18 R10=0000000000000028 R11=000000001e73d980
R12=0000000000000000 R13=0000000000000500 R14=0000000000000320 R15=0000000000000000
RIP=000000001e71ac8a RFL=00000297 [--S-APC] CPL=0 II=0 A20=1 SMM=0 HLT=0
ES =0030 0000000000000000 ffffffff 00cf9300 DPL=0 DS   [-WA]
CS =0038 0000000000000000 ffffffff 00af9a00 DPL=0 CS64 [-R-]
SS =0030 0000000000000000 ffffffff 00cf9300 DPL=0 DS   [-WA]
DS =0030 0000000000000000 ffffffff 00cf9300 DPL=0 DS   [-WA]
FS =0030 0000000000000000 ffffffff 00cf9300 DPL=0 DS   [-WA]
GS =0030 0000000000000000 ffffffff 00cf9300 DPL=0 DS   [-WA]
LDT=0000 0000000000000000 0000ffff 00008200 DPL=0 LDT
TR =0000 0000000000000000 0000ffff 00008b00 DPL=0 TSS64-busy
GDT=     000000001f5dc000 00000047
IDT=     000000001efa4018 00000fff
CR0=80010033 CR2=0000000000000000 CR3=000000001f801000 CR4=00000668
DR0=0000000000000000 DR1=0000000000000000 DR2=0000000000000000 DR3=0000000000000000 
DR6=00000000ffff0ff0 DR7=0000000000000400
CCS=0000000000000095 CCD=ffffffffffffffe2 CCO=EFLAGS
EFER=0000000000000d00
Servicing hardware INT=0x20
    79: v=20 e=0000 i=0 cpl=0 IP=0038:000000001f6cba4a pc=000000001f6cba4a SP=0030:000000001fe657f0 env->regs[R_EAX]=00000000000000ff
RAX=00000000000000ff RBX=0000000000000000 RCX=0000000000020001 RDX=000000001eac1018
RSI=0000000000000000 RDI=000000001eae1017 RBP=000000001fe658c0 RSP=000000001fe657f0
R8 =00000000000000ff R9 =0000000000000000 R10=000000001f58afe0 R11=000000001e73d980
R12=000000001fe65920 R13=000000001fe65868 R14=0000000000000000 R15=000000001eac1018
RIP=000000001f6cba4a RFL=00010202 [-------] CPL=0 II=0 A20=1 SMM=0 HLT=0
ES =0030 0000000000000000 ffffffff 00cf9300 DPL=0 DS   [-WA]
CS =0038 0000000000000000 ffffffff 00af9a00 DPL=0 CS64 [-R-]
SS =0030 0000000000000000 ffffffff 00cf9300 DPL=0 DS   [-WA]
DS =0030 0000000000000000 ffffffff 00cf9300 DPL=0 DS   [-WA]
FS =0030 0000000000000000 ffffffff 00cf9300 DPL=0 DS   [-WA]
GS =0030 0000000000000000 ffffffff 00cf9300 DPL=0 DS   [-WA]
LDT=0000 0000000000000000 0000ffff 00008200 DPL=0 LDT
TR =0000 0000000000000000 0000ffff 00008b00 DPL=0 TSS64-busy
GDT=     000000001f5dc000 00000047
IDT=     000000001efa4018 00000fff
CR0=80010033 CR2=0000000000000000 CR3=000000001f801000 CR4=00000668
DR0=0000000000000000 DR1=0000000000000000 DR2=0000000000000000 DR3=0000000000000000 
DR6=00000000ffff0ff0 DR7=0000000000000400
CCS=0000000000000000 CCD=000000001fe657e0 CCO=EFLAGS
EFER=0000000000000d00
Servicing hardware INT=0x20
    80: v=20 e=0000 i=0 cpl=0 IP=0038:000000001f6e6cfc pc=000000001f6e6cfc SP=0030:000000001fe656d0 env->regs[R_EAX]=0000000000000000
RAX=0000000000000000 RBX=00000000ffc010d8 RCX=0000000000000101 RDX=0000000000000000
RSI=0000000000000010 RDI=00000000ffc0116a RBP=000000001fe65700 RSP=000000001fe656d0
R8 =00000000000000d8 R9 =000000001fe657c8 R10=000000001f58afe0 R11=000000001f6e6d92
R12=00000000ffc0116a R13=0000000000000010 R14=0000000000000092 R15=000000001fe657c8
RIP=000000001f6e6cfc RFL=00000246 [---Z-P-] CPL=0 II=0 A20=1 SMM=0 HLT=0
ES =0030 0000000000000000 ffffffff 00cf9300 DPL=0 DS   [-WA]
CS =0038 0000000000000000 ffffffff 00af9a00 DPL=0 CS64 [-R-]
SS =0030 0000000000000000 ffffffff 00cf9300 DPL=0 DS   [-WA]
DS =0030 0000000000000000 ffffffff 00cf9300 DPL=0 DS   [-WA]
FS =0030 0000000000000000 ffffffff 00cf9300 DPL=0 DS   [-WA]
GS =0030 0000000000000000 ffffffff 00cf9300 DPL=0 DS   [-WA]
LDT=0000 0000000000000000 0000ffff 00008200 DPL=0 LDT
TR =0000 0000000000000000 0000ffff 00008b00 DPL=0 TSS64-busy
GDT=     000000001f5dc000 00000047
IDT=     000000001efa4018 00000fff
CR0=80010033 CR2=0000000000000000 CR3=000000001f801000 CR4=00000668
DR0=0000000000000000 DR1=0000000000000000 DR2=0000000000000000 DR3=0000000000000000 
DR6=00000000ffff0ff0 DR7=0000000000000400
CCS=0000000000000044 CCD=0000000000000000 CCO=EFLAGS
EFER=0000000000000d00
Servicing hardware INT=0x20
    81: v=20 e=0000 i=0 cpl=0 IP=0038:000000001f6e6cfc pc=000000001f6e6cfc SP=0030:000000001fe656d0 env->regs[R_EAX]=0000000000000000
RAX=0000000000000000 RBX=00000000ffc011ac RCX=0000000000000101 RDX=0000000000000000
RSI=0000000000000010 RDI=00000000ffc01228 RBP=000000001fe65700 RSP=000000001fe656d0
R8 =00000000000001ac R9 =000000001fe657c8 R10=000000001f58b0f0 R11=000000001f6e6d92
R12=00000000ffc01228 R13=0000000000000010 R14=000000000000007c R15=000000001fe657c8
RIP=000000001f6e6cfc RFL=00000246 [---Z-P-] CPL=0 II=0 A20=1 SMM=0 HLT=0
ES =0030 0000000000000000 ffffffff 00cf9300 DPL=0 DS   [-WA]
CS =0038 0000000000000000 ffffffff 00af9a00 DPL=0 CS64 [-R-]
SS =0030 0000000000000000 ffffffff 00cf9300 DPL=0 DS   [-WA]
DS =0030 0000000000000000 ffffffff 00cf9300 DPL=0 DS   [-WA]
FS =0030 0000000000000000 ffffffff 00cf9300 DPL=0 DS   [-WA]
GS =0030 0000000000000000 ffffffff 00cf9300 DPL=0 DS   [-WA]
LDT=0000 0000000000000000 0000ffff 00008200 DPL=0 LDT
TR =0000 0000000000000000 0000ffff 00008b00 DPL=0 TSS64-busy
GDT=     000000001f5dc000 00000047
IDT=     000000001efa4018 00000fff
CR0=80010033 CR2=0000000000000000 CR3=000000001f801000 CR4=00000668
DR0=0000000000000000 DR1=0000000000000000 DR2=0000000000000000 DR3=0000000000000000 
DR6=00000000ffff0ff0 DR7=0000000000000400
CCS=0000000000000044 CCD=0000000000000000 CCO=EFLAGS
EFER=0000000000000d00
Servicing hardware INT=0x20
    82: v=20 e=0000 i=0 cpl=0 IP=0038:000000001e6dee6d pc=000000001e6dee6d SP=0030:000000001fe657d0 env->regs[R_EAX]=000000000000000b
RAX=000000000000000b RBX=0000000000748685 RCX=000000000000b008 RDX=000000000074867a
RSI=000000001fe658af RDI=000000001e5b6018 RBP=000000001fe65800 RSP=000000001fe657d0
R8 =0000000000000004 R9 =0000000000000064 R10=000000000000004f R11=000000001e73d980
R12=00000000000007b4 R13=000000001fe658af R14=000000001e6e2bd0 R15=0000000000000001
RIP=000000001e6dee6d RFL=00000202 [-------] CPL=0 II=0 A20=1 SMM=0 HLT=0
ES =0030 0000000000000000 ffffffff 00cf9300 DPL=0 DS   [-WA]
CS =0038 0000000000000000 ffffffff 00af9a00 DPL=0 CS64 [-R-]
SS =0030 0000000000000000 ffffffff 00cf9300 DPL=0 DS   [-WA]
DS =0030 0000000000000000 ffffffff 00cf9300 DPL=0 DS   [-WA]
FS =0030 0000000000000000 ffffffff 00cf9300 DPL=0 DS   [-WA]
GS =0030 0000000000000000 ffffffff 00cf9300 DPL=0 DS   [-WA]
LDT=0000 0000000000000000 0000ffff 00008200 DPL=0 LDT
TR =0000 0000000000000000 0000ffff 00008b00 DPL=0 TSS64-busy
GDT=     000000001f5dc000 00000047
IDT=     000000001efa4018 00000fff
CR0=80010033 CR2=0000000000000000 CR3=000000001f801000 CR4=00000668
DR0=0000000000000000 DR1=0000000000000000 DR2=0000000000000000 DR3=0000000000000000 
DR6=00000000ffff0ff0 DR7=0000000000000400
CCS=0000000000000000 CCD=000000000000000b CCO=EFLAGS
EFER=0000000000000d00
Servicing hardware INT=0x20
    83: v=20 e=0000 i=0 cpl=0 IP=0038:000000001e6dee6d pc=000000001e6dee6d SP=0030:000000001fe657d0 env->regs[R_EAX]=0000000000000058
RAX=0000000000000058 RBX=000000000075051a RCX=000000000000b008 RDX=00000000007504c2
RSI=000000001fe658af RDI=000000001e5b6018 RBP=000000001fe65800 RSP=000000001fe657d0
R8 =0000000000000004 R9 =0000000000000064 R10=000000000000004f R11=000000001e73d980
R12=00000000000006a5 R13=000000001fe658af R14=000000001e6e2bd0 R15=0000000000000001
RIP=000000001e6dee6d RFL=00000202 [-------] CPL=0 II=0 A20=1 SMM=0 HLT=0
ES =0030 0000000000000000 ffffffff 00cf9300 DPL=0 DS   [-WA]
CS =0038 0000000000000000 ffffffff 00af9a00 DPL=0 CS64 [-R-]
SS =0030 0000000000000000 ffffffff 00cf9300 DPL=0 DS   [-WA]
DS =0030 0000000000000000 ffffffff 00cf9300 DPL=0 DS   [-WA]
FS =0030 0000000000000000 ffffffff 00cf9300 DPL=0 DS   [-WA]
GS =0030 0000000000000000 ffffffff 00cf9300 DPL=0 DS   [-WA]
LDT=0000 0000000000000000 0000ffff 00008200 DPL=0 LDT
TR =0000 0000000000000000 0000ffff 00008b00 DPL=0 TSS64-busy
GDT=     000000001f5dc000 00000047
IDT=     000000001efa4018 00000fff
CR0=80010033 CR2=0000000000000000 CR3=000000001f801000 CR4=00000668
DR0=0000000000000000 DR1=0000000000000000 DR2=0000000000000000 DR3=0000000000000000 
DR6=00000000ffff0ff0 DR7=0000000000000400
CCS=0000000000000000 CCD=0000000000000058 CCO=EFLAGS
EFER=0000000000000d00
Servicing hardware INT=0x20
    84: v=20 e=0000 i=0 cpl=0 IP=0038:000000001e6dee6d pc=000000001e6dee6d SP=0030:000000001fe657d0 env->regs[R_EAX]=000000000000005e
RAX=000000000000005e RBX=0000000000759f2b RCX=000000000000b008 RDX=0000000000759ecd
RSI=000000001fe658af RDI=000000001e5b6018 RBP=000000001fe65800 RSP=000000001fe657d0
R8 =0000000000000004 R9 =0000000000000064 R10=000000000000004f R11=000000001e73d980
R12=0000000000000544 R13=000000001fe658af R14=000000001e6e2bd0 R15=0000000000000001
RIP=000000001e6dee6d RFL=00000202 [-------] CPL=0 II=0 A20=1 SMM=0 HLT=0
ES =0030 0000000000000000 ffffffff 00cf9300 DPL=0 DS   [-WA]
CS =0038 0000000000000000 ffffffff 00af9a00 DPL=0 CS64 [-R-]
SS =0030 0000000000000000 ffffffff 00cf9300 DPL=0 DS   [-WA]
DS =0030 0000000000000000 ffffffff 00cf9300 DPL=0 DS   [-WA]
FS =0030 0000000000000000 ffffffff 00cf9300 DPL=0 DS   [-WA]
GS =0030 0000000000000000 ffffffff 00cf9300 DPL=0 DS   [-WA]
LDT=0000 0000000000000000 0000ffff 00008200 DPL=0 LDT
TR =0000 0000000000000000 0000ffff 00008b00 DPL=0 TSS64-busy
GDT=     000000001f5dc000 00000047
IDT=     000000001efa4018 00000fff
CR0=80010033 CR2=0000000000000000 CR3=000000001f801000 CR4=00000668
DR0=0000000000000000 DR1=0000000000000000 DR2=0000000000000000 DR3=0000000000000000 
DR6=00000000ffff0ff0 DR7=0000000000000400
CCS=0000000000000000 CCD=000000000000005e CCO=EFLAGS
EFER=0000000000000d00
Servicing hardware INT=0x20
    85: v=20 e=0000 i=0 cpl=0 IP=0038:000000001e6dee6d pc=000000001e6dee6d SP=0030:000000001fe657d0 env->regs[R_EAX]=000000000000002c
RAX=000000000000002c RBX=0000000000761c8d RCX=000000000000b008 RDX=0000000000761c61
RSI=000000001fe658af RDI=000000001e5b6018 RBP=000000001fe65800 RSP=000000001fe657d0
R8 =0000000000000004 R9 =0000000000000064 R10=000000000000004f R11=000000001e73d980
R12=0000000000000426 R13=000000001fe658af R14=000000001e6e2bd0 R15=0000000000000001
RIP=000000001e6dee6d RFL=00000202 [-------] CPL=0 II=0 A20=1 SMM=0 HLT=0
ES =0030 0000000000000000 ffffffff 00cf9300 DPL=0 DS   [-WA]
CS =0038 0000000000000000 ffffffff 00af9a00 DPL=0 CS64 [-R-]
SS =0030 0000000000000000 ffffffff 00cf9300 DPL=0 DS   [-WA]
DS =0030 0000000000000000 ffffffff 00cf9300 DPL=0 DS   [-WA]
FS =0030 0000000000000000 ffffffff 00cf9300 DPL=0 DS   [-WA]
GS =0030 0000000000000000 ffffffff 00cf9300 DPL=0 DS   [-WA]
LDT=0000 0000000000000000 0000ffff 00008200 DPL=0 LDT
TR =0000 0000000000000000 0000ffff 00008b00 DPL=0 TSS64-busy
GDT=     000000001f5dc000 00000047
IDT=     000000001efa4018 00000fff
CR0=80010033 CR2=0000000000000000 CR3=000000001f801000 CR4=00000668
DR0=0000000000000000 DR1=0000000000000000 DR2=0000000000000000 DR3=0000000000000000 
DR6=00000000ffff0ff0 DR7=0000000000000400
CCS=0000000000000000 CCD=000000000000002c CCO=EFLAGS
EFER=0000000000000d00
Servicing hardware INT=0x20
    86: v=20 e=0000 i=0 cpl=0 IP=0038:000000001e6dee6d pc=000000001e6dee6d SP=0030:000000001fe657d0 env->regs[R_EAX]=0000000000000035
RAX=0000000000000035 RBX=000000000076a869 RCX=000000000000b008 RDX=000000000076a834
RSI=000000001fe658af RDI=000000001e5b6018 RBP=000000001fe65800 RSP=000000001fe657d0
R8 =0000000000000004 R9 =0000000000000064 R10=000000000000004f R11=000000001e73d980
R12=00000000000002e6 R13=000000001fe658af R14=000000001e6e2bd0 R15=0000000000000001
RIP=000000001e6dee6d RFL=00000206 [-----P-] CPL=0 II=0 A20=1 SMM=0 HLT=0
ES =0030 0000000000000000 ffffffff 00cf9300 DPL=0 DS   [-WA]
CS =0038 0000000000000000 ffffffff 00af9a00 DPL=0 CS64 [-R-]
SS =0030 0000000000000000 ffffffff 00cf9300 DPL=0 DS   [-WA]
DS =0030 0000000000000000 ffffffff 00cf9300 DPL=0 DS   [-WA]
FS =0030 0000000000000000 ffffffff 00cf9300 DPL=0 DS   [-WA]
GS =0030 0000000000000000 ffffffff 00cf9300 DPL=0 DS   [-WA]
LDT=0000 0000000000000000 0000ffff 00008200 DPL=0 LDT
TR =0000 0000000000000000 0000ffff 00008b00 DPL=0 TSS64-busy
GDT=     000000001f5dc000 00000047
IDT=     000000001efa4018 00000fff
CR0=80010033 CR2=0000000000000000 CR3=000000001f801000 CR4=00000668
DR0=0000000000000000 DR1=0000000000000000 DR2=0000000000000000 DR3=0000000000000000 
DR6=00000000ffff0ff0 DR7=0000000000000400
CCS=0000000000000004 CCD=0000000000000035 CCO=EFLAGS
EFER=0000000000000d00
Servicing hardware INT=0x20
    87: v=20 e=0000 i=0 cpl=0 IP=0038:000000001e6dee6d pc=000000001e6dee6d SP=0030:000000001fe657d0 env->regs[R_EAX]=0000000000000061
RAX=0000000000000061 RBX=00000000007742aa RCX=000000000000b008 RDX=0000000000774249
RSI=000000001fe658af RDI=000000001e5b6018 RBP=000000001fe65800 RSP=000000001fe657d0
R8 =0000000000000004 R9 =0000000000000064 R10=000000000000004f R11=000000001e73d980
R12=0000000000000183 R13=000000001fe658af R14=000000001e6e2bd0 R15=0000000000000001
RIP=000000001e6dee6d RFL=00000202 [-------] CPL=0 II=0 A20=1 SMM=0 HLT=0
ES =0030 0000000000000000 ffffffff 00cf9300 DPL=0 DS   [-WA]
CS =0038 0000000000000000 ffffffff 00af9a00 DPL=0 CS64 [-R-]
SS =0030 0000000000000000 ffffffff 00cf9300 DPL=0 DS   [-WA]
DS =0030 0000000000000000 ffffffff 00cf9300 DPL=0 DS   [-WA]
FS =0030 0000000000000000 ffffffff 00cf9300 DPL=0 DS   [-WA]
GS =0030 0000000000000000 ffffffff 00cf9300 DPL=0 DS   [-WA]
LDT=0000 0000000000000000 0000ffff 00008200 DPL=0 LDT
TR =0000 0000000000000000 0000ffff 00008b00 DPL=0 TSS64-busy
GDT=     000000001f5dc000 00000047
IDT=     000000001efa4018 00000fff
CR0=80010033 CR2=0000000000000000 CR3=000000001f801000 CR4=00000668
DR0=0000000000000000 DR1=0000000000000000 DR2=0000000000000000 DR3=0000000000000000 
DR6=00000000ffff0ff0 DR7=0000000000000400
CCS=0000000000000000 CCD=0000000000000061 CCO=EFLAGS
EFER=0000000000000d00
Servicing hardware INT=0x20
    88: v=20 e=0000 i=0 cpl=0 IP=0038:000000001e6dee6d pc=000000001e6dee6d SP=0030:000000001fe657d0 env->regs[R_EAX]=0000000000000055
RAX=0000000000000055 RBX=000000000077cd99 RCX=000000000000b008 RDX=000000000077cd44
RSI=000000001fe658af RDI=000000001e5b6018 RBP=000000001fe65800 RSP=000000001fe657d0
R8 =0000000000000004 R9 =0000000000000064 R10=000000000000004f R11=000000001e73d980
R12=0000000000000054 R13=000000001fe658af R14=000000001e6e2bd0 R15=0000000000000001
RIP=000000001e6dee6d RFL=00000206 [-----P-] CPL=0 II=0 A20=1 SMM=0 HLT=0
ES =0030 0000000000000000 ffffffff 00cf9300 DPL=0 DS   [-WA]
CS =0038 0000000000000000 ffffffff 00af9a00 DPL=0 CS64 [-R-]
SS =0030 0000000000000000 ffffffff 00cf9300 DPL=0 DS   [-WA]
DS =0030 0000000000000000 ffffffff 00cf9300 DPL=0 DS   [-WA]
FS =0030 0000000000000000 ffffffff 00cf9300 DPL=0 DS   [-WA]
GS =0030 0000000000000000 ffffffff 00cf9300 DPL=0 DS   [-WA]
LDT=0000 0000000000000000 0000ffff 00008200 DPL=0 LDT
TR =0000 0000000000000000 0000ffff 00008b00 DPL=0 TSS64-busy
GDT=     000000001f5dc000 00000047
IDT=     000000001efa4018 00000fff
CR0=80010033 CR2=0000000000000000 CR3=000000001f801000 CR4=00000668
DR0=0000000000000000 DR1=0000000000000000 DR2=0000000000000000 DR3=0000000000000000 
DR6=00000000ffff0ff0 DR7=0000000000000400
CCS=0000000000000004 CCD=0000000000000055 CCO=EFLAGS
EFER=0000000000000d00
Servicing hardware INT=0x20
    89: v=20 e=0000 i=0 cpl=0 IP=0038:000000001fe7769a pc=000000001fe7769a SP=0030:000000001fe657f8 env->regs[R_EAX]=0000000000000fff
RAX=0000000000000fff RBX=000000001e5b5000 RCX=000000001e5b5000 RDX=0000000000001000
RSI=000000001fe8bb60 RDI=000000001f7ff680 RBP=000000001fe65880 RSP=000000001fe657f8
R8 =00000000000000af R9 =000000001e5b5fff R10=000000001f58ac80 R11=000000001f6e6d92
R12=000000001e5b5fff R13=000000001e5b6000 R14=000000001eb42d80 R15=000000001e5b5fff
RIP=000000001fe7769a RFL=00000202 [-------] CPL=0 II=0 A20=1 SMM=0 HLT=0
ES =0030 0000000000000000 ffffffff 00cf9300 DPL=0 DS   [-WA]
CS =0038 0000000000000000 ffffffff 00af9a00 DPL=0 CS64 [-R-]
SS =0030 0000000000000000 ffffffff 00cf9300 DPL=0 DS   [-WA]
DS =0030 0000000000000000 ffffffff 00cf9300 DPL=0 DS   [-WA]
FS =0030 0000000000000000 ffffffff 00cf9300 DPL=0 DS   [-WA]
GS =0030 0000000000000000 ffffffff 00cf9300 DPL=0 DS   [-WA]
LDT=0000 0000000000000000 0000ffff 00008200 DPL=0 LDT
TR =0000 0000000000000000 0000ffff 00008b00 DPL=0 TSS64-busy
GDT=     000000001f5dc000 00000047
IDT=     000000001efa4018 00000fff
CR0=80010033 CR2=0000000000000000 CR3=000000001f801000 CR4=00000668
DR0=0000000000000000 DR1=0000000000000000 DR2=0000000000000000 DR3=0000000000000000 
DR6=00000000ffff0ff0 DR7=0000000000000400
CCS=0000000000000000 CCD=000000001fe657e0 CCO=EFLAGS
EFER=0000000000000d00
Servicing hardware INT=0x20
    90: v=20 e=0000 i=0 cpl=0 IP=0038:000000001f6e6cfc pc=000000001f6e6cfc SP=0030:000000001fe656d0 env->regs[R_EAX]=0000000000000000
RAX=0000000000000000 RBX=00000000ffc01364 RCX=0000000000000101 RDX=0000000000000000
RSI=0000000000000000 RDI=00000000ffc0137c RBP=000000001fe65700 RSP=000000001fe656d0
R8 =0000000000000364 R9 =000000001fe657c8 R10=000000001f58b278 R11=000000001f6e6d92
R12=00000000ffc0137c R13=0000000000000000 R14=0000000000000019 R15=000000001fe657c8
RIP=000000001f6e6cfc RFL=00000246 [---Z-P-] CPL=0 II=0 A20=1 SMM=0 HLT=0
ES =0030 0000000000000000 ffffffff 00cf9300 DPL=0 DS   [-WA]
CS =0038 0000000000000000 ffffffff 00af9a00 DPL=0 CS64 [-R-]
SS =0030 0000000000000000 ffffffff 00cf9300 DPL=0 DS   [-WA]
DS =0030 0000000000000000 ffffffff 00cf9300 DPL=0 DS   [-WA]
FS =0030 0000000000000000 ffffffff 00cf9300 DPL=0 DS   [-WA]
GS =0030 0000000000000000 ffffffff 00cf9300 DPL=0 DS   [-WA]
LDT=0000 0000000000000000 0000ffff 00008200 DPL=0 LDT
TR =0000 0000000000000000 0000ffff 00008b00 DPL=0 TSS64-busy
GDT=     000000001f5dc000 00000047
IDT=     000000001efa4018 00000fff
CR0=80010033 CR2=0000000000000000 CR3=000000001f801000 CR4=00000668
DR0=0000000000000000 DR1=0000000000000000 DR2=0000000000000000 DR3=0000000000000000 
DR6=00000000ffff0ff0 DR7=0000000000000400
CCS=0000000000000044 CCD=0000000000000000 CCO=EFLAGS
EFER=0000000000000d00
Servicing hardware INT=0x20
    91: v=20 e=0000 i=0 cpl=0 IP=0038:000000001f6cba4a pc=000000001f6cba4a SP=0030:000000001fe657f0 env->regs[R_EAX]=00000000000000ff
RAX=00000000000000ff RBX=0000000000000000 RCX=0000000000010001 RDX=000000001eac1018
RSI=0000000000000000 RDI=000000001eaf1017 RBP=000000001fe658c0 RSP=000000001fe657f0
R8 =00000000000000ff R9 =0000000000000000 R10=000000001f58ab64 R11=0000000000000000
R12=000000001fe65920 R13=000000001fe65868 R14=0000000000000000 R15=000000001eac1018
RIP=000000001f6cba4a RFL=00010202 [-------] CPL=0 II=0 A20=1 SMM=0 HLT=0
ES =0030 0000000000000000 ffffffff 00cf9300 DPL=0 DS   [-WA]
CS =0038 0000000000000000 ffffffff 00af9a00 DPL=0 CS64 [-R-]
SS =0030 0000000000000000 ffffffff 00cf9300 DPL=0 DS   [-WA]
DS =0030 0000000000000000 ffffffff 00cf9300 DPL=0 DS   [-WA]
FS =0030 0000000000000000 ffffffff 00cf9300 DPL=0 DS   [-WA]
GS =0030 0000000000000000 ffffffff 00cf9300 DPL=0 DS   [-WA]
LDT=0000 0000000000000000 0000ffff 00008200 DPL=0 LDT
TR =0000 0000000000000000 0000ffff 00008b00 DPL=0 TSS64-busy
GDT=     000000001f5dc000 00000047
IDT=     000000001efa4018 00000fff
CR0=80010033 CR2=0000000000000000 CR3=000000001f801000 CR4=00000668
DR0=0000000000000000 DR1=0000000000000000 DR2=0000000000000000 DR3=0000000000000000 
DR6=00000000ffff0ff0 DR7=0000000000000400
CCS=0000000000000000 CCD=000000001fe657e0 CCO=EFLAGS
EFER=0000000000000d00
Servicing hardware INT=0x20
    92: v=20 e=0000 i=0 cpl=0 IP=0038:000000001fe6e9ff pc=000000001fe6e9ff SP=0030:000000001fe65850 env->regs[R_EAX]=0000000000000000
RAX=0000000000000000 RBX=0000000000000004 RCX=0000000000000000 RDX=000000001e661808
RSI=000000001fe6599c RDI=000000001fe8ab90 RBP=000000001fe658c0 RSP=000000001fe65850
R8 =00000000000000af R9 =00000000000000d8 R10=000000001f58ab64 R11=000000001f6e6d92
R12=0000000000000010 R13=000000001fe6599c R14=000000001fe8ab90 R15=0000000000000000
RIP=000000001fe6e9ff RFL=00000293 [--S-A-C] CPL=0 II=0 A20=1 SMM=0 HLT=0
ES =0030 0000000000000000 ffffffff 00cf9300 DPL=0 DS   [-WA]
CS =0038 0000000000000000 ffffffff 00af9a00 DPL=0 CS64 [-R-]
SS =0030 0000000000000000 ffffffff 00cf9300 DPL=0 DS   [-WA]
DS =0030 0000000000000000 ffffffff 00cf9300 DPL=0 DS   [-WA]
FS =0030 0000000000000000 ffffffff 00cf9300 DPL=0 DS   [-WA]
GS =0030 0000000000000000 ffffffff 00cf9300 DPL=0 DS   [-WA]
LDT=0000 0000000000000000 0000ffff 00008200 DPL=0 LDT
TR =0000 0000000000000000 0000ffff 00008b00 DPL=0 TSS64-busy
GDT=     000000001f5dc000 00000047
IDT=     000000001efa4018 00000fff
CR0=80010033 CR2=0000000000000000 CR3=000000001f801000 CR4=00000668
DR0=0000000000000000 DR1=0000000000000000 DR2=0000000000000000 DR3=0000000000000000 
DR6=00000000ffff0ff0 DR7=0000000000000400
CCS=0000000000000091 CCD=ffffffffffffffe6 CCO=EFLAGS
EFER=0000000000000d00
Servicing hardware INT=0x20
    93: v=20 e=0000 i=0 cpl=0 IP=0038:000000001f6e6cfc pc=000000001f6e6cfc SP=0030:000000001fe656d0 env->regs[R_EAX]=0000000000000000
RAX=0000000000000000 RBX=00000000ffc014fc RCX=0000000000000101 RDX=0000000000000000
RSI=000000000000008b RDI=00000000ffc01580 RBP=000000001fe65700 RSP=000000001fe656d0
R8 =00000000000004fc R9 =000000001fe657c8 R10=000000001f58b440 R11=000000001f6e6d92
R12=00000000ffc01580 R13=000000000000008b R14=0000000000000085 R15=000000001fe657c8
RIP=000000001f6e6cfc RFL=00000246 [---Z-P-] CPL=0 II=0 A20=1 SMM=0 HLT=0
ES =0030 0000000000000000 ffffffff 00cf9300 DPL=0 DS   [-WA]
CS =0038 0000000000000000 ffffffff 00af9a00 DPL=0 CS64 [-R-]
SS =0030 0000000000000000 ffffffff 00cf9300 DPL=0 DS   [-WA]
DS =0030 0000000000000000 ffffffff 00cf9300 DPL=0 DS   [-WA]
FS =0030 0000000000000000 ffffffff 00cf9300 DPL=0 DS   [-WA]
GS =0030 0000000000000000 ffffffff 00cf9300 DPL=0 DS   [-WA]
LDT=0000 0000000000000000 0000ffff 00008200 DPL=0 LDT
TR =0000 0000000000000000 0000ffff 00008b00 DPL=0 TSS64-busy
GDT=     000000001f5dc000 00000047
IDT=     000000001efa4018 00000fff
CR0=80010033 CR2=0000000000000000 CR3=000000001f801000 CR4=00000668
DR0=0000000000000000 DR1=0000000000000000 DR2=0000000000000000 DR3=0000000000000000 
DR6=00000000ffff0ff0 DR7=0000000000000400
CCS=0000000000000044 CCD=0000000000000000 CCO=EFLAGS
EFER=0000000000000d00
Servicing hardware INT=0x20
    94: v=20 e=0000 i=0 cpl=0 IP=0038:000000001fe66d9f pc=000000001fe66d9f SP=0030:000000001fe65a10 env->regs[R_EAX]=000000001e670998
RAX=000000001e670998 RBX=0000000000000000 RCX=000000001fe8a250 RDX=000000001e6709a0
RSI=000000001fe65a38 RDI=000000001fe65a40 RBP=000000001fe65a90 RSP=000000001fe65a10
R8 =000000001e5b5018 R9 =000000001e5b5018 R10=000000001fe8afc0 R11=000000001e73d980
R12=000000001fe65ac8 R13=0000000000000000 R14=0000000000000430 R15=000000001e5b5448
RIP=000000001fe66d9f RFL=00000246 [---Z-P-] CPL=0 II=0 A20=1 SMM=0 HLT=0
ES =0030 0000000000000000 ffffffff 00cf9300 DPL=0 DS   [-WA]
CS =0038 0000000000000000 ffffffff 00af9a00 DPL=0 CS64 [-R-]
SS =0030 0000000000000000 ffffffff 00cf9300 DPL=0 DS   [-WA]
DS =0030 0000000000000000 ffffffff 00cf9300 DPL=0 DS   [-WA]
FS =0030 0000000000000000 ffffffff 00cf9300 DPL=0 DS   [-WA]
GS =0030 0000000000000000 ffffffff 00cf9300 DPL=0 DS   [-WA]
LDT=0000 0000000000000000 0000ffff 00008200 DPL=0 LDT
TR =0000 0000000000000000 0000ffff 00008b00 DPL=0 TSS64-busy
GDT=     000000001f5dc000 00000047
IDT=     000000001efa4018 00000fff
CR0=80010033 CR2=0000000000000000 CR3=000000001f801000 CR4=00000668
DR0=0000000000000000 DR1=0000000000000000 DR2=0000000000000000 DR3=0000000000000000 
DR6=00000000ffff0ff0 DR7=0000000000000400
CCS=0000000000000044 CCD=0000000000000000 CCO=EFLAGS
EFER=0000000000000d00
Servicing hardware INT=0x20
    95: v=20 e=0000 i=0 cpl=0 IP=0038:000000001fe6662e pc=000000001fe6662e SP=0030:000000001fe65900 env->regs[R_EAX]=000000001e713018
RAX=000000001e713018 RBX=000000001e713020 RCX=0000000000000010 RDX=000000001e72c690
RSI=000000001e72c5a0 RDI=000000001efa3398 RBP=000000001fe65920 RSP=000000001fe65900
R8 =000000001fe659e8 R9 =000000001e776d98 R10=0000000000000028 R11=000000001e73d980
R12=000000001efa3398 R13=000000001fe8a250 R14=000000001fe844d1 R15=000000001e72c690
RIP=000000001fe6662e RFL=00000246 [---Z-P-] CPL=0 II=0 A20=1 SMM=0 HLT=0
ES =0030 0000000000000000 ffffffff 00cf9300 DPL=0 DS   [-WA]
CS =0038 0000000000000000 ffffffff 00af9a00 DPL=0 CS64 [-R-]
SS =0030 0000000000000000 ffffffff 00cf9300 DPL=0 DS   [-WA]
DS =0030 0000000000000000 ffffffff 00cf9300 DPL=0 DS   [-WA]
FS =0030 0000000000000000 ffffffff 00cf9300 DPL=0 DS   [-WA]
GS =0030 0000000000000000 ffffffff 00cf9300 DPL=0 DS   [-WA]
LDT=0000 0000000000000000 0000ffff 00008200 DPL=0 LDT
TR =0000 0000000000000000 0000ffff 00008b00 DPL=0 TSS64-busy
GDT=     000000001f5dc000 00000047
IDT=     000000001efa4018 00000fff
CR0=80010033 CR2=0000000000000000 CR3=000000001f801000 CR4=00000668
DR0=0000000000000000 DR1=0000000000000000 DR2=0000000000000000 DR3=0000000000000000 
DR6=00000000ffff0ff0 DR7=0000000000000400
CCS=0000000000000044 CCD=0000000000000000 CCO=EFLAGS
EFER=0000000000000d00
Servicing hardware INT=0x20
    96: v=20 e=0000 i=0 cpl=0 IP=0038:000000001fe665f0 pc=000000001fe665f0 SP=0030:000000001fe657a0 env->regs[R_EAX]=000000001eb52c98
RAX=000000001eb52c98 RBX=000000001e6633a0 RCX=0000000000000010 RDX=000000001fe8a140
RSI=000000001fe659c8 RDI=000000001e7b7298 RBP=000000001fe657c0 RSP=000000001fe657a0
R8 =000000001fe658d8 R9 =000000001f4ecf98 R10=0000000000000000 R11=000000001e73d930
R12=000000001e7b7298 R13=000000001fe8a250 R14=000000001fe844d1 R15=000000001fe8a140
RIP=000000001fe665f0 RFL=00000206 [-----P-] CPL=0 II=0 A20=1 SMM=0 HLT=0
ES =0030 0000000000000000 ffffffff 00cf9300 DPL=0 DS   [-WA]
CS =0038 0000000000000000 ffffffff 00af9a00 DPL=0 CS64 [-R-]
SS =0030 0000000000000000 ffffffff 00cf9300 DPL=0 DS   [-WA]
DS =0030 0000000000000000 ffffffff 00cf9300 DPL=0 DS   [-WA]
FS =0030 0000000000000000 ffffffff 00cf9300 DPL=0 DS   [-WA]
GS =0030 0000000000000000 ffffffff 00cf9300 DPL=0 DS   [-WA]
LDT=0000 0000000000000000 0000ffff 00008200 DPL=0 LDT
TR =0000 0000000000000000 0000ffff 00008b00 DPL=0 TSS64-busy
GDT=     000000001f5dc000 00000047
IDT=     000000001efa4018 00000fff
CR0=80010033 CR2=0000000000000000 CR3=000000001f801000 CR4=00000668
DR0=0000000000000000 DR1=0000000000000000 DR2=0000000000000000 DR3=0000000000000000 
DR6=00000000ffff0ff0 DR7=0000000000000400
CCS=0000000000000004 CCD=000000000039ba00 CCO=EFLAGS
EFER=0000000000000d00
Servicing hardware INT=0x20
    97: v=20 e=0000 i=0 cpl=0 IP=0038:000000001ea2f278 pc=000000001ea2f278 SP=0030:000000001fe65480 env->regs[R_EAX]=0000000000000001
RAX=0000000000000001 RBX=0000000080000007 RCX=0000000000000001 RDX=0000000000000cf8
RSI=0000000000000001 RDI=0000000000000000 RBP=000000001fe654e0 RSP=000000001fe65480
R8 =0000000000000000 R9 =0000000000000cf8 R10=000000000000000b R11=000000001e73d931
R12=000000001fe656be R13=0000000000000000 R14=0000000000009004 R15=0000000000000002
RIP=000000001ea2f278 RFL=00000202 [-------] CPL=0 II=0 A20=1 SMM=0 HLT=0
ES =0030 0000000000000000 ffffffff 00cf9300 DPL=0 DS   [-WA]
CS =0038 0000000000000000 ffffffff 00af9a00 DPL=0 CS64 [-R-]
SS =0030 0000000000000000 ffffffff 00cf9300 DPL=0 DS   [-WA]
DS =0030 0000000000000000 ffffffff 00cf9300 DPL=0 DS   [-WA]
FS =0030 0000000000000000 ffffffff 00cf9300 DPL=0 DS   [-WA]
GS =0030 0000000000000000 ffffffff 00cf9300 DPL=0 DS   [-WA]
LDT=0000 0000000000000000 0000ffff 00008200 DPL=0 LDT
TR =0000 0000000000000000 0000ffff 00008b00 DPL=0 TSS64-busy
GDT=     000000001f5dc000 00000047
IDT=     000000001efa4018 00000fff
CR0=80010033 CR2=0000000000000000 CR3=000000001f801000 CR4=00000668
DR0=0000000000000000 DR1=0000000000000000 DR2=0000000000000000 DR3=0000000000000000 
DR6=00000000ffff0ff0 DR7=0000000000000400
CCS=0000000000000038 CCD=0000000000000001 CCO=LOGICB
EFER=0000000000000d00
Servicing hardware INT=0x20
    98: v=20 e=0000 i=0 cpl=0 IP=0038:000000001e6d3862 pc=000000001e6d3862 SP=0030:000000001fe65430 env->regs[R_EAX]=0000000000000589
RAX=0000000000000589 RBX=0000000000000190 RCX=000000000000b008 RDX=00000000007dcfde
RSI=00000000007dd567 RDI=000000001fe6558c RBP=000000001fe65460 RSP=000000001fe65430
R8 =000000001fe65480 R9 =0000000000000177 R10=0000000000000000 R11=0000000000000000
R12=0000000000007531 R13=0000000000000000 R14=00000000ffffffef R15=00000000ffffff00
RIP=000000001e6d3862 RFL=00000202 [-------] CPL=0 II=0 A20=1 SMM=0 HLT=0
ES =0030 0000000000000000 ffffffff 00cf9300 DPL=0 DS   [-WA]
CS =0038 0000000000000000 ffffffff 00af9a00 DPL=0 CS64 [-R-]
SS =0030 0000000000000000 ffffffff 00cf9300 DPL=0 DS   [-WA]
DS =0030 0000000000000000 ffffffff 00cf9300 DPL=0 DS   [-WA]
FS =0030 0000000000000000 ffffffff 00cf9300 DPL=0 DS   [-WA]
GS =0030 0000000000000000 ffffffff 00cf9300 DPL=0 DS   [-WA]
LDT=0000 0000000000000000 0000ffff 00008200 DPL=0 LDT
TR =0000 0000000000000000 0000ffff 00008b00 DPL=0 TSS64-busy
GDT=     000000001f5dc000 00000047
IDT=     000000001efa4018 00000fff
CR0=80010033 CR2=0000000000000000 CR3=000000001f801000 CR4=00000668
DR0=0000000000000000 DR1=0000000000000000 DR2=0000000000000000 DR3=0000000000000000 
DR6=00000000ffff0ff0 DR7=0000000000000400
CCS=0000000000000000 CCD=0000000000000589 CCO=EFLAGS
EFER=0000000000000d00
Servicing hardware INT=0x20
    99: v=20 e=0000 i=0 cpl=0 IP=0038:000000001fe773b1 pc=000000001fe773b1 SP=0030:000000001fe653f0 env->regs[R_EAX]=0000000090003800
RAX=0000000090003800 RBX=000000001efc39b0 RCX=000000001efc39b0 RDX=000000001e427230
RSI=000000001efc39b0 RDI=000000001e427230 RBP=000000001fe65420 RSP=000000001fe653f0
R8 =000000001e5b2518 R9 =000000001e5b2518 R10=0000000000000000 R11=0000000000000002
R12=000000001efc3998 R13=0000000000000000 R14=000000001fe8a0e0 R15=000000001fe844d1
RIP=000000001fe773b1 RFL=00000202 [-------] CPL=0 II=0 A20=1 SMM=0 HLT=0
ES =0030 0000000000000000 ffffffff 00cf9300 DPL=0 DS   [-WA]
CS =0038 0000000000000000 ffffffff 00af9a00 DPL=0 CS64 [-R-]
SS =0030 0000000000000000 ffffffff 00cf9300 DPL=0 DS   [-WA]
DS =0030 0000000000000000 ffffffff 00cf9300 DPL=0 DS   [-WA]
FS =0030 0000000000000000 ffffffff 00cf9300 DPL=0 DS   [-WA]
GS =0030 0000000000000000 ffffffff 00cf9300 DPL=0 DS   [-WA]
LDT=0000 0000000000000000 0000ffff 00008200 DPL=0 LDT
TR =0000 0000000000000000 0000ffff 00008b00 DPL=0 TSS64-busy
GDT=     000000001f5dc000 00000047
IDT=     000000001efa4018 00000fff
CR0=80010033 CR2=0000000000000000 CR3=000000001f801000 CR4=00000668
DR0=0000000000000000 DR1=0000000000000000 DR2=0000000000000000 DR3=0000000000000000 
DR6=00000000ffff0ff0 DR7=0000000000000400
CCS=0000000000000000 CCD=000000001efc39b0 CCO=EFLAGS
EFER=0000000000000d00
Servicing hardware INT=0x20
   100: v=20 e=0000 i=0 cpl=0 IP=0038:000000001e7065ce pc=000000001e7065ce SP=0030:000000001fe65760 env->regs[R_EAX]=0000000000000000
RAX=0000000000000000 RBX=000000001e5b2398 RCX=000000001eb6ba80 RDX=000000001e4c04a0
RSI=0000000000000000 RDI=0000000000000001 RBP=000000001fe65810 RSP=000000001fe65760
R8 =0000000000000004 R9 =000000001e4c0498 R10=000000001fe6578c R11=0000000000000001
R12=000000001e708220 R13=0000000000000000 R14=000000001e708220 R15=0000000000000001
RIP=000000001e7065ce RFL=00000246 [---Z-P-] CPL=0 II=0 A20=1 SMM=0 HLT=0
ES =0030 0000000000000000 ffffffff 00cf9300 DPL=0 DS   [-WA]
CS =0038 0000000000000000 ffffffff 00af9a00 DPL=0 CS64 [-R-]
SS =0030 0000000000000000 ffffffff 00cf9300 DPL=0 DS   [-WA]
DS =0030 0000000000000000 ffffffff 00cf9300 DPL=0 DS   [-WA]
FS =0030 0000000000000000 ffffffff 00cf9300 DPL=0 DS   [-WA]
GS =0030 0000000000000000 ffffffff 00cf9300 DPL=0 DS   [-WA]
LDT=0000 0000000000000000 0000ffff 00008200 DPL=0 LDT
TR =0000 0000000000000000 0000ffff 00008b00 DPL=0 TSS64-busy
GDT=     000000001f5dc000 00000047
IDT=     000000001efa4018 00000fff
CR0=80010033 CR2=0000000000000000 CR3=000000001f801000 CR4=00000668
DR0=0000000000000000 DR1=0000000000000000 DR2=0000000000000000 DR3=0000000000000000 
DR6=00000000ffff0ff0 DR7=0000000000000400
CCS=0000000000000044 CCD=0000000000000000 CCO=EFLAGS
EFER=0000000000000d00
Servicing hardware INT=0x20
   101: v=20 e=0000 i=0 cpl=0 IP=0038:000000001e6a80e8 pc=000000001e6a80e8 SP=0030:000000001fe655e0 env->regs[R_EAX]=0000000000000002
RAX=0000000000000002 RBX=0000000000000003 RCX=000000001e4bff98 RDX=000000001fe65668
RSI=000000001e6acd10 RDI=0000000000000003 RBP=000000001fe65640 RSP=000000001fe655e0
R8 =000000001e4bff98 R9 =000000001e6acc4c R10=000000001f58a1f4 R11=800000000000000c
R12=000000001e4bff98 R13=0000000000000000 R14=000000001e71793d R15=0000000000000000
RIP=000000001e6a80e8 RFL=00000297 [--S-APC] CPL=0 II=0 A20=1 SMM=0 HLT=0
ES =0030 0000000000000000 ffffffff 00cf9300 DPL=0 DS   [-WA]
CS =0038 0000000000000000 ffffffff 00af9a00 DPL=0 CS64 [-R-]
SS =0030 0000000000000000 ffffffff 00cf9300 DPL=0 DS   [-WA]
DS =0030 0000000000000000 ffffffff 00cf9300 DPL=0 DS   [-WA]
FS =0030 0000000000000000 ffffffff 00cf9300 DPL=0 DS   [-WA]
GS =0030 0000000000000000 ffffffff 00cf9300 DPL=0 DS   [-WA]
LDT=0000 0000000000000000 0000ffff 00008200 DPL=0 LDT
TR =0000 0000000000000000 0000ffff 00008b00 DPL=0 TSS64-busy
GDT=     000000001f5dc000 00000047
IDT=     000000001efa4018 00000fff
CR0=80010033 CR2=0000000000000000 CR3=000000001f801000 CR4=00000668
DR0=0000000000000000 DR1=0000000000000000 DR2=0000000000000000 DR3=0000000000000000 
DR6=00000000ffff0ff0 DR7=0000000000000400
CCS=0000000000000095 CCD=ffffffffffffffff CCO=EFLAGS
EFER=0000000000000d00
Servicing hardware INT=0x20
   102: v=20 e=0000 i=0 cpl=0 IP=0038:000000001e6d3862 pc=000000001e6d3862 SP=0030:000000001fe65140 env->regs[R_EAX]=000000000000612c
RAX=000000000000612c RBX=0000000000002710 RCX=000000000000b008 RDX=00000000007ffeb6
RSI=0000000000805fe2 RDI=000000001e5b4bd4 RBP=000000001fe65170 RSP=000000001fe65140
R8 =000000001fe65190 R9 =00000000000003f6 R10=0000000000000000 R11=0000000000000000
R12=000000000000c042 R13=0000000000000011 R14=000000000000c040 R15=0000000000000000
RIP=000000001e6d3862 RFL=00000202 [-------] CPL=0 II=0 A20=1 SMM=0 HLT=0
ES =0030 0000000000000000 ffffffff 00cf9300 DPL=0 DS   [-WA]
CS =0038 0000000000000000 ffffffff 00af9a00 DPL=0 CS64 [-R-]
SS =0030 0000000000000000 ffffffff 00cf9300 DPL=0 DS   [-WA]
DS =0030 0000000000000000 ffffffff 00cf9300 DPL=0 DS   [-WA]
FS =0030 0000000000000000 ffffffff 00cf9300 DPL=0 DS   [-WA]
GS =0030 0000000000000000 ffffffff 00cf9300 DPL=0 DS   [-WA]
LDT=0000 0000000000000000 0000ffff 00008200 DPL=0 LDT
TR =0000 0000000000000000 0000ffff 00008b00 DPL=0 TSS64-busy
GDT=     000000001f5dc000 00000047
IDT=     000000001efa4018 00000fff
CR0=80010033 CR2=0000000000000000 CR3=000000001f801000 CR4=00000668
DR0=0000000000000000 DR1=0000000000000000 DR2=0000000000000000 DR3=0000000000000000 
DR6=00000000ffff0ff0 DR7=0000000000000400
CCS=0000000000000000 CCD=000000000000612c CCO=EFLAGS
EFER=0000000000000d00
Servicing hardware INT=0x20
   103: v=20 e=0000 i=0 cpl=0 IP=0038:000000001e6d3862 pc=000000001e6d3862 SP=0030:000000001fe64f90 env->regs[R_EAX]=0000000000008249
RAX=0000000000008249 RBX=0000000000002710 RCX=000000000000b008 RDX=0000000000807d0f
RSI=000000000080ff58 RDI=000000001e5b4bd4 RBP=000000001fe64fc0 RSP=000000001fe64f90
R8 =000000001fe64fe0 R9 =00000000000003f6 R10=0000000000000000 R11=0000000000000000
R12=000000000000c042 R13=0000000000000011 R14=000000000000c040 R15=0000000000000000
RIP=000000001e6d3862 RFL=00000202 [-------] CPL=0 II=0 A20=1 SMM=0 HLT=0
ES =0030 0000000000000000 ffffffff 00cf9300 DPL=0 DS   [-WA]
CS =0038 0000000000000000 ffffffff 00af9a00 DPL=0 CS64 [-R-]
SS =0030 0000000000000000 ffffffff 00cf9300 DPL=0 DS   [-WA]
DS =0030 0000000000000000 ffffffff 00cf9300 DPL=0 DS   [-WA]
FS =0030 0000000000000000 ffffffff 00cf9300 DPL=0 DS   [-WA]
GS =0030 0000000000000000 ffffffff 00cf9300 DPL=0 DS   [-WA]
LDT=0000 0000000000000000 0000ffff 00008200 DPL=0 LDT
TR =0000 0000000000000000 0000ffff 00008b00 DPL=0 TSS64-busy
GDT=     000000001f5dc000 00000047
IDT=     000000001efa4018 00000fff
CR0=80010033 CR2=0000000000000000 CR3=000000001f801000 CR4=00000668
DR0=0000000000000000 DR1=0000000000000000 DR2=0000000000000000 DR3=0000000000000000 
DR6=00000000ffff0ff0 DR7=0000000000000400
CCS=0000000000000000 CCD=0000000000008249 CCO=EFLAGS
EFER=0000000000000d00
Servicing hardware INT=0x20
   104: v=20 e=0000 i=0 cpl=0 IP=0038:000000001e6d3862 pc=000000001e6d3862 SP=0030:000000001fe64f90 env->regs[R_EAX]=00000000000000e5
RAX=00000000000000e5 RBX=0000000000000064 RCX=000000000000b008 RDX=0000000000810f11
RSI=0000000000810ff6 RDI=000000001e5b4bd4 RBP=000000001fe64fc0 RSP=000000001fe64f90
R8 =000000001fe64faf R9 =000000000000c042 R10=0000000000000000 R11=0000000000000000
R12=000000000004baf1 R13=0000000000000011 R14=000000000000c040 R15=0000000000000000
RIP=000000001e6d3862 RFL=00000202 [-------] CPL=0 II=0 A20=1 SMM=0 HLT=0
ES =0030 0000000000000000 ffffffff 00cf9300 DPL=0 DS   [-WA]
CS =0038 0000000000000000 ffffffff 00af9a00 DPL=0 CS64 [-R-]
SS =0030 0000000000000000 ffffffff 00cf9300 DPL=0 DS   [-WA]
DS =0030 0000000000000000 ffffffff 00cf9300 DPL=0 DS   [-WA]
FS =0030 0000000000000000 ffffffff 00cf9300 DPL=0 DS   [-WA]
GS =0030 0000000000000000 ffffffff 00cf9300 DPL=0 DS   [-WA]
LDT=0000 0000000000000000 0000ffff 00008200 DPL=0 LDT
TR =0000 0000000000000000 0000ffff 00008b00 DPL=0 TSS64-busy
GDT=     000000001f5dc000 00000047
IDT=     000000001efa4018 00000fff
CR0=80010033 CR2=0000000000000000 CR3=000000001f801000 CR4=00000668
DR0=0000000000000000 DR1=0000000000000000 DR2=0000000000000000 DR3=0000000000000000 
DR6=00000000ffff0ff0 DR7=0000000000000400
CCS=0000000000000000 CCD=00000000000000e5 CCO=EFLAGS
EFER=0000000000000d00
Servicing hardware INT=0x20
   105: v=20 e=0000 i=0 cpl=0 IP=0038:000000001e6d3862 pc=000000001e6d3862 SP=0030:000000001fe64f90 env->regs[R_EAX]=00000000000008d7
RAX=00000000000008d7 RBX=0000000000002710 RCX=000000000000b008 RDX=00000000008194c5
RSI=0000000000819d9c RDI=000000001e5b4bd4 RBP=000000001fe64fc0 RSP=000000001fe64f90
R8 =000000001fe64fe0 R9 =00000000000003f6 R10=0000000000000000 R11=0000000000000000
R12=000000000000c042 R13=0000000000000011 R14=000000000000c040 R15=0000000000000000
RIP=000000001e6d3862 RFL=00000206 [-----P-] CPL=0 II=0 A20=1 SMM=0 HLT=0
ES =0030 0000000000000000 ffffffff 00cf9300 DPL=0 DS   [-WA]
CS =0038 0000000000000000 ffffffff 00af9a00 DPL=0 CS64 [-R-]
SS =0030 0000000000000000 ffffffff 00cf9300 DPL=0 DS   [-WA]
DS =0030 0000000000000000 ffffffff 00cf9300 DPL=0 DS   [-WA]
FS =0030 0000000000000000 ffffffff 00cf9300 DPL=0 DS   [-WA]
GS =0030 0000000000000000 ffffffff 00cf9300 DPL=0 DS   [-WA]
LDT=0000 0000000000000000 0000ffff 00008200 DPL=0 LDT
TR =0000 0000000000000000 0000ffff 00008b00 DPL=0 TSS64-busy
GDT=     000000001f5dc000 00000047
IDT=     000000001efa4018 00000fff
CR0=80010033 CR2=0000000000000000 CR3=000000001f801000 CR4=00000668
DR0=0000000000000000 DR1=0000000000000000 DR2=0000000000000000 DR3=0000000000000000 
DR6=00000000ffff0ff0 DR7=0000000000000400
CCS=0000000000000004 CCD=00000000000008d7 CCO=EFLAGS
EFER=0000000000000d00
Servicing hardware INT=0x20
   106: v=20 e=0000 i=0 cpl=0 IP=0038:000000001e6d3862 pc=000000001e6d3862 SP=0030:000000001fe65130 env->regs[R_EAX]=0000000000000a89
RAX=0000000000000a89 RBX=0000000000002710 RCX=000000000000b008 RDX=0000000000822fa8
RSI=0000000000823a31 RDI=000000001e5b4bd4 RBP=000000001fe65160 RSP=000000001fe65130
R8 =000000001fe65180 R9 =00000000000003f6 R10=0000000000000000 R11=0000000000000000
R12=000000000000c042 R13=0000000000000011 R14=000000000000c040 R15=0000000000000000
RIP=000000001e6d3862 RFL=00000202 [-------] CPL=0 II=0 A20=1 SMM=0 HLT=0
ES =0030 0000000000000000 ffffffff 00cf9300 DPL=0 DS   [-WA]
CS =0038 0000000000000000 ffffffff 00af9a00 DPL=0 CS64 [-R-]
SS =0030 0000000000000000 ffffffff 00cf9300 DPL=0 DS   [-WA]
DS =0030 0000000000000000 ffffffff 00cf9300 DPL=0 DS   [-WA]
FS =0030 0000000000000000 ffffffff 00cf9300 DPL=0 DS   [-WA]
GS =0030 0000000000000000 ffffffff 00cf9300 DPL=0 DS   [-WA]
LDT=0000 0000000000000000 0000ffff 00008200 DPL=0 LDT
TR =0000 0000000000000000 0000ffff 00008b00 DPL=0 TSS64-busy
GDT=     000000001f5dc000 00000047
IDT=     000000001efa4018 00000fff
CR0=80010033 CR2=0000000000000000 CR3=000000001f801000 CR4=00000668
DR0=0000000000000000 DR1=0000000000000000 DR2=0000000000000000 DR3=0000000000000000 
DR6=00000000ffff0ff0 DR7=0000000000000400
CCS=0000000000000000 CCD=0000000000000a89 CCO=EFLAGS
EFER=0000000000000d00
Servicing hardware INT=0x20
   107: v=20 e=0000 i=0 cpl=0 IP=0038:000000001e6d3862 pc=000000001e6d3862 SP=0030:000000001fe64f30 env->regs[R_EAX]=0000000000004183
RAX=0000000000004183 RBX=0000000000002710 RCX=000000000000b008 RDX=000000000082abdf
RSI=000000000082ed62 RDI=000000001e5b4bd4 RBP=000000001fe64f60 RSP=000000001fe64f30
R8 =000000001fe64f80 R9 =00000000000003f6 R10=0000000000000000 R11=0000000000000000
R12=000000000000c042 R13=0000000000000011 R14=000000000000c040 R15=0000000000000000
RIP=000000001e6d3862 RFL=00000202 [-------] CPL=0 II=0 A20=1 SMM=0 HLT=0
ES =0030 0000000000000000 ffffffff 00cf9300 DPL=0 DS   [-WA]
CS =0038 0000000000000000 ffffffff 00af9a00 DPL=0 CS64 [-R-]
SS =0030 0000000000000000 ffffffff 00cf9300 DPL=0 DS   [-WA]
DS =0030 0000000000000000 ffffffff 00cf9300 DPL=0 DS   [-WA]
FS =0030 0000000000000000 ffffffff 00cf9300 DPL=0 DS   [-WA]
GS =0030 0000000000000000 ffffffff 00cf9300 DPL=0 DS   [-WA]
LDT=0000 0000000000000000 0000ffff 00008200 DPL=0 LDT
TR =0000 0000000000000000 0000ffff 00008b00 DPL=0 TSS64-busy
GDT=     000000001f5dc000 00000047
IDT=     000000001efa4018 00000fff
CR0=80010033 CR2=0000000000000000 CR3=000000001f801000 CR4=00000668
DR0=0000000000000000 DR1=0000000000000000 DR2=0000000000000000 DR3=0000000000000000 
DR6=00000000ffff0ff0 DR7=0000000000000400
CCS=0000000000000000 CCD=0000000000004183 CCO=EFLAGS
EFER=0000000000000d00
Servicing hardware INT=0x20
   108: v=20 e=0000 i=0 cpl=0 IP=0038:000000001e6d3862 pc=000000001e6d3862 SP=0030:000000001fe64d80 env->regs[R_EAX]=000000000000408c
RAX=000000000000408c RBX=0000000000002710 RCX=000000000000b008 RDX=00000000008345fc
RSI=0000000000838688 RDI=000000001e5b4bd4 RBP=000000001fe64db0 RSP=000000001fe64d80
R8 =000000001fe64dd0 R9 =00000000000003f6 R10=0000000000000000 R11=0000000000000000
R12=000000000000c042 R13=0000000000000011 R14=000000000000c040 R15=0000000000000000
RIP=000000001e6d3862 RFL=00000202 [-------] CPL=0 II=0 A20=1 SMM=0 HLT=0
ES =0030 0000000000000000 ffffffff 00cf9300 DPL=0 DS   [-WA]
CS =0038 0000000000000000 ffffffff 00af9a00 DPL=0 CS64 [-R-]
SS =0030 0000000000000000 ffffffff 00cf9300 DPL=0 DS   [-WA]
DS =0030 0000000000000000 ffffffff 00cf9300 DPL=0 DS   [-WA]
FS =0030 0000000000000000 ffffffff 00cf9300 DPL=0 DS   [-WA]
GS =0030 0000000000000000 ffffffff 00cf9300 DPL=0 DS   [-WA]
LDT=0000 0000000000000000 0000ffff 00008200 DPL=0 LDT
TR =0000 0000000000000000 0000ffff 00008b00 DPL=0 TSS64-busy
GDT=     000000001f5dc000 00000047
IDT=     000000001efa4018 00000fff
CR0=80010033 CR2=0000000000000000 CR3=000000001f801000 CR4=00000668
DR0=0000000000000000 DR1=0000000000000000 DR2=0000000000000000 DR3=0000000000000000 
DR6=00000000ffff0ff0 DR7=0000000000000400
CCS=0000000000000000 CCD=000000000000408c CCO=EFLAGS
EFER=0000000000000d00
Servicing hardware INT=0x20
   109: v=20 e=0000 i=0 cpl=0 IP=0038:000000001e6d3862 pc=000000001e6d3862 SP=0030:000000001fe64d80 env->regs[R_EAX]=0000000000005c85
RAX=0000000000005c85 RBX=0000000000002710 RCX=000000000000b008 RDX=000000000083c440
RSI=00000000008420c5 RDI=000000001e5b4bd4 RBP=000000001fe64db0 RSP=000000001fe64d80
R8 =000000001fe64dd0 R9 =00000000000003f6 R10=0000000000000000 R11=0000000000000000
R12=000000000000c042 R13=0000000000000011 R14=000000000000c040 R15=0000000000000000
RIP=000000001e6d3862 RFL=00000202 [-------] CPL=0 II=0 A20=1 SMM=0 HLT=0
ES =0030 0000000000000000 ffffffff 00cf9300 DPL=0 DS   [-WA]
CS =0038 0000000000000000 ffffffff 00af9a00 DPL=0 CS64 [-R-]
SS =0030 0000000000000000 ffffffff 00cf9300 DPL=0 DS   [-WA]
DS =0030 0000000000000000 ffffffff 00cf9300 DPL=0 DS   [-WA]
FS =0030 0000000000000000 ffffffff 00cf9300 DPL=0 DS   [-WA]
GS =0030 0000000000000000 ffffffff 00cf9300 DPL=0 DS   [-WA]
LDT=0000 0000000000000000 0000ffff 00008200 DPL=0 LDT
TR =0000 0000000000000000 0000ffff 00008b00 DPL=0 TSS64-busy
GDT=     000000001f5dc000 00000047
IDT=     000000001efa4018 00000fff
CR0=80010033 CR2=0000000000000000 CR3=000000001f801000 CR4=00000668
DR0=0000000000000000 DR1=0000000000000000 DR2=0000000000000000 DR3=0000000000000000 
DR6=00000000ffff0ff0 DR7=0000000000000400
CCS=0000000000000000 CCD=0000000000005c85 CCO=EFLAGS
EFER=0000000000000d00
Servicing hardware INT=0x20
   110: v=20 e=0000 i=0 cpl=0 IP=0038:000000001e6d3862 pc=000000001e6d3862 SP=0030:000000001fe64f20 env->regs[R_EAX]=0000000000005c39
RAX=0000000000005c39 RBX=0000000000002710 RCX=000000000000b008 RDX=0000000000845e15
RSI=000000000084ba4e RDI=000000001e5b4bd4 RBP=000000001fe64f50 RSP=000000001fe64f20
R8 =000000001fe64f70 R9 =00000000000003f6 R10=0000000000000000 R11=0000000000000000
R12=000000000000c042 R13=0000000000000011 R14=000000000000c040 R15=0000000000000000
RIP=000000001e6d3862 RFL=00000206 [-----P-] CPL=0 II=0 A20=1 SMM=0 HLT=0
ES =0030 0000000000000000 ffffffff 00cf9300 DPL=0 DS   [-WA]
CS =0038 0000000000000000 ffffffff 00af9a00 DPL=0 CS64 [-R-]
SS =0030 0000000000000000 ffffffff 00cf9300 DPL=0 DS   [-WA]
DS =0030 0000000000000000 ffffffff 00cf9300 DPL=0 DS   [-WA]
FS =0030 0000000000000000 ffffffff 00cf9300 DPL=0 DS   [-WA]
GS =0030 0000000000000000 ffffffff 00cf9300 DPL=0 DS   [-WA]
LDT=0000 0000000000000000 0000ffff 00008200 DPL=0 LDT
TR =0000 0000000000000000 0000ffff 00008b00 DPL=0 TSS64-busy
GDT=     000000001f5dc000 00000047
IDT=     000000001efa4018 00000fff
CR0=80010033 CR2=0000000000000000 CR3=000000001f801000 CR4=00000668
DR0=0000000000000000 DR1=0000000000000000 DR2=0000000000000000 DR3=0000000000000000 
DR6=00000000ffff0ff0 DR7=0000000000000400
CCS=0000000000000004 CCD=0000000000005c39 CCO=EFLAGS
EFER=0000000000000d00
Servicing hardware INT=0x20
   111: v=20 e=0000 i=0 cpl=0 IP=0038:000000001e6d3862 pc=000000001e6d3862 SP=0030:000000001fe65070 env->regs[R_EAX]=0000000000007a5b
RAX=0000000000007a5b RBX=0000000000002710 RCX=000000000000b008 RDX=000000000084dcda
RSI=0000000000855735 RDI=000000001e5b4bd4 RBP=000000001fe650a0 RSP=000000001fe65070
R8 =000000001fe650c0 R9 =00000000000003f6 R10=0000000000000000 R11=0000000000000000
R12=000000000000c042 R13=0000000000000011 R14=000000000000c040 R15=0000000000000000
RIP=000000001e6d3862 RFL=00000202 [-------] CPL=0 II=0 A20=1 SMM=0 HLT=0
ES =0030 0000000000000000 ffffffff 00cf9300 DPL=0 DS   [-WA]
CS =0038 0000000000000000 ffffffff 00af9a00 DPL=0 CS64 [-R-]
SS =0030 0000000000000000 ffffffff 00cf9300 DPL=0 DS   [-WA]
DS =0030 0000000000000000 ffffffff 00cf9300 DPL=0 DS   [-WA]
FS =0030 0000000000000000 ffffffff 00cf9300 DPL=0 DS   [-WA]
GS =0030 0000000000000000 ffffffff 00cf9300 DPL=0 DS   [-WA]
LDT=0000 0000000000000000 0000ffff 00008200 DPL=0 LDT
TR =0000 0000000000000000 0000ffff 00008b00 DPL=0 TSS64-busy
GDT=     000000001f5dc000 00000047
IDT=     000000001efa4018 00000fff
CR0=80010033 CR2=0000000000000000 CR3=000000001f801000 CR4=00000668
DR0=0000000000000000 DR1=0000000000000000 DR2=0000000000000000 DR3=0000000000000000 
DR6=00000000ffff0ff0 DR7=0000000000000400
CCS=0000000000000000 CCD=0000000000007a5b CCO=EFLAGS
EFER=0000000000000d00
Servicing hardware INT=0x20
   112: v=20 e=0000 i=0 cpl=0 IP=0038:000000001e6d3862 pc=000000001e6d3862 SP=0030:000000001fe64f50 env->regs[R_EAX]=0000000000000102
RAX=0000000000000102 RBX=0000000000000190 RCX=000000000000b008 RDX=000000000085678f
RSI=0000000000856891 RDI=000000001e5b2140 RBP=000000001fe64f80 RSP=000000001fe64f50
R8 =000000001fe64fa0 R9 =00000000000001f7 R10=0000000000000000 R11=0000000000000000
R12=000000000004baf1 R13=0000000000000000 R14=000000000000c0c8 R15=00000000ffffff00
RIP=000000001e6d3862 RFL=00000202 [-------] CPL=0 II=0 A20=1 SMM=0 HLT=0
ES =0030 0000000000000000 ffffffff 00cf9300 DPL=0 DS   [-WA]
CS =0038 0000000000000000 ffffffff 00af9a00 DPL=0 CS64 [-R-]
SS =0030 0000000000000000 ffffffff 00cf9300 DPL=0 DS   [-WA]
DS =0030 0000000000000000 ffffffff 00cf9300 DPL=0 DS   [-WA]
FS =0030 0000000000000000 ffffffff 00cf9300 DPL=0 DS   [-WA]
GS =0030 0000000000000000 ffffffff 00cf9300 DPL=0 DS   [-WA]
LDT=0000 0000000000000000 0000ffff 00008200 DPL=0 LDT
TR =0000 0000000000000000 0000ffff 00008b00 DPL=0 TSS64-busy
GDT=     000000001f5dc000 00000047
IDT=     000000001efa4018 00000fff
CR0=80010033 CR2=0000000000000000 CR3=000000001f801000 CR4=00000668
DR0=0000000000000000 DR1=0000000000000000 DR2=0000000000000000 DR3=0000000000000000 
DR6=00000000ffff0ff0 DR7=0000000000000400
CCS=0000000000000000 CCD=0000000000000102 CCO=EFLAGS
EFER=0000000000000d00
Servicing hardware INT=0x20
   113: v=20 e=0000 i=0 cpl=0 IP=0038:000000001fe82e8a pc=000000001fe82e8a SP=0030:000000001fe65460 env->regs[R_EAX]=00000000000000af
RAX=00000000000000af RBX=000000001fe8c0a0 RCX=0000000000460001 RDX=000000001df52018
RSI=000000001fe8bb60 RDI=000000001df72017 RBP=000000001fe654f0 RSP=000000001fe65460
R8 =00000000000000af R9 =0000000000481000 R10=0000000000000000 R11=0000000000000000
R12=0000000000480028 R13=0000000000480000 R14=000000001df52018 R15=000000001df52000
RIP=000000001fe82e8a RFL=00010206 [-----P-] CPL=0 II=0 A20=1 SMM=0 HLT=0
ES =0030 0000000000000000 ffffffff 00cf9300 DPL=0 DS   [-WA]
CS =0038 0000000000000000 ffffffff 00af9a00 DPL=0 CS64 [-R-]
SS =0030 0000000000000000 ffffffff 00cf9300 DPL=0 DS   [-WA]
DS =0030 0000000000000000 ffffffff 00cf9300 DPL=0 DS   [-WA]
FS =0030 0000000000000000 ffffffff 00cf9300 DPL=0 DS   [-WA]
GS =0030 0000000000000000 ffffffff 00cf9300 DPL=0 DS   [-WA]
LDT=0000 0000000000000000 0000ffff 00008200 DPL=0 LDT
TR =0000 0000000000000000 0000ffff 00008b00 DPL=0 TSS64-busy
GDT=     000000001f5dc000 00000047
IDT=     000000001efa4018 00000fff
CR0=80010033 CR2=0000000000000000 CR3=000000001f801000 CR4=00000668
DR0=0000000000000000 DR1=0000000000000000 DR2=0000000000000000 DR3=0000000000000000 
DR6=00000000ffff0ff0 DR7=0000000000000400
CCS=0000000000000004 CCD=000000001fe65448 CCO=EFLAGS
EFER=0000000000000d00
Servicing hardware INT=0x20
   114: v=20 e=0000 i=0 cpl=0 IP=0038:000000001fe82e8a pc=000000001fe82e8a SP=0030:000000001fe65460 env->regs[R_EAX]=00000000000000af
RAX=00000000000000af RBX=000000001fe8c0a0 RCX=00000000000b0001 RDX=000000001df52018
RSI=000000001fe8bb60 RDI=000000001e322017 RBP=000000001fe654f0 RSP=000000001fe65460
R8 =00000000000000af R9 =0000000000481000 R10=0000000000000000 R11=0000000000000000
R12=0000000000480028 R13=0000000000480000 R14=000000001df52018 R15=000000001df52000
RIP=000000001fe82e8a RFL=00010206 [-----P-] CPL=0 II=0 A20=1 SMM=0 HLT=0
ES =0030 0000000000000000 ffffffff 00cf9300 DPL=0 DS   [-WA]
CS =0038 0000000000000000 ffffffff 00af9a00 DPL=0 CS64 [-R-]
SS =0030 0000000000000000 ffffffff 00cf9300 DPL=0 DS   [-WA]
DS =0030 0000000000000000 ffffffff 00cf9300 DPL=0 DS   [-WA]
FS =0030 0000000000000000 ffffffff 00cf9300 DPL=0 DS   [-WA]
GS =0030 0000000000000000 ffffffff 00cf9300 DPL=0 DS   [-WA]
LDT=0000 0000000000000000 0000ffff 00008200 DPL=0 LDT
TR =0000 0000000000000000 0000ffff 00008b00 DPL=0 TSS64-busy
GDT=     000000001f5dc000 00000047
IDT=     000000001efa4018 00000fff
CR0=80010033 CR2=0000000000000000 CR3=000000001f801000 CR4=00000668
DR0=0000000000000000 DR1=0000000000000000 DR2=0000000000000000 DR3=0000000000000000 
DR6=00000000ffff0ff0 DR7=0000000000000400
CCS=0000000000000004 CCD=0000000000000000 CCO=EFLAGS
EFER=0000000000000d00
Servicing hardware INT=0x20
   115: v=20 e=0000 i=0 cpl=0 IP=0038:000000001eb54171 pc=000000001eb54171 SP=0030:000000001fe656f0 env->regs[R_EAX]=000000000000035a
RAX=000000000000035a RBX=0000000000870e5c RCX=000000000000b008 RDX=0000000000870b02
RSI=000000000000000d RDI=0000000000000dfb RBP=000000001fe65700 RSP=000000001fe656f0
R8 =000000001fe6579c R9 =0000000000000030 R10=000000001e425c00 R11=000000001e4260d0
R12=0000000000000000 R13=000000001e427ef8 R14=0000000000000004 R15=000000001e427f18
RIP=000000001eb54171 RFL=00000206 [-----P-] CPL=0 II=0 A20=1 SMM=0 HLT=0
ES =0030 0000000000000000 ffffffff 00cf9300 DPL=0 DS   [-WA]
CS =0038 0000000000000000 ffffffff 00af9a00 DPL=0 CS64 [-R-]
SS =0030 0000000000000000 ffffffff 00cf9300 DPL=0 DS   [-WA]
DS =0030 0000000000000000 ffffffff 00cf9300 DPL=0 DS   [-WA]
FS =0030 0000000000000000 ffffffff 00cf9300 DPL=0 DS   [-WA]
GS =0030 0000000000000000 ffffffff 00cf9300 DPL=0 DS   [-WA]
LDT=0000 0000000000000000 0000ffff 00008200 DPL=0 LDT
TR =0000 0000000000000000 0000ffff 00008b00 DPL=0 TSS64-busy
GDT=     000000001f5dc000 00000047
IDT=     000000001efa4018 00000fff
CR0=80010033 CR2=0000000000000000 CR3=000000001f801000 CR4=00000668
DR0=0000000000000000 DR1=0000000000000000 DR2=0000000000000000 DR3=0000000000000000 
DR6=00000000ffff0ff0 DR7=0000000000000400
CCS=0000000000000004 CCD=000000000000035a CCO=EFLAGS
EFER=0000000000000d00
Servicing hardware INT=0x20
   116: v=20 e=0000 i=0 cpl=0 IP=0038:000000001eb54171 pc=000000001eb54171 SP=0030:000000001fe656f0 env->regs[R_EAX]=000000000000046d
RAX=000000000000046d RBX=0000000000879b3d RCX=000000000000b008 RDX=00000000008796d0
RSI=000000000000000d RDI=0000000000000dfb RBP=000000001fe65700 RSP=000000001fe656f0
R8 =000000001fe6579c R9 =0000000000000030 R10=000000001e425c00 R11=000000001e4260d0
R12=0000000000000000 R13=000000001e427ef8 R14=0000000000000004 R15=000000001e427f18
RIP=000000001eb54171 RFL=00000202 [-------] CPL=0 II=0 A20=1 SMM=0 HLT=0
ES =0030 0000000000000000 ffffffff 00cf9300 DPL=0 DS   [-WA]
CS =0038 0000000000000000 ffffffff 00af9a00 DPL=0 CS64 [-R-]
SS =0030 0000000000000000 ffffffff 00cf9300 DPL=0 DS   [-WA]
DS =0030 0000000000000000 ffffffff 00cf9300 DPL=0 DS   [-WA]
FS =0030 0000000000000000 ffffffff 00cf9300 DPL=0 DS   [-WA]
GS =0030 0000000000000000 ffffffff 00cf9300 DPL=0 DS   [-WA]
LDT=0000 0000000000000000 0000ffff 00008200 DPL=0 LDT
TR =0000 0000000000000000 0000ffff 00008b00 DPL=0 TSS64-busy
GDT=     000000001f5dc000 00000047
IDT=     000000001efa4018 00000fff
CR0=80010033 CR2=0000000000000000 CR3=000000001f801000 CR4=00000668
DR0=0000000000000000 DR1=0000000000000000 DR2=0000000000000000 DR3=0000000000000000 
DR6=00000000ffff0ff0 DR7=0000000000000400
CCS=0000000000000000 CCD=000000000000046d CCO=EFLAGS
EFER=0000000000000d00
Servicing hardware INT=0x20
   117: v=20 e=0000 i=0 cpl=0 IP=0038:000000001eb54171 pc=000000001eb54171 SP=0030:000000001fe656f0 env->regs[R_EAX]=0000000000000517
RAX=0000000000000517 RBX=0000000000883611 RCX=000000000000b008 RDX=00000000008830fa
RSI=000000000000000d RDI=0000000000000dfb RBP=000000001fe65700 RSP=000000001fe656f0
R8 =000000001fe6579c R9 =0000000000000030 R10=000000001e425c00 R11=000000001e4260d0
R12=0000000000000000 R13=000000001e427ef8 R14=0000000000000004 R15=000000001e427f18
RIP=000000001eb54171 RFL=00000206 [-----P-] CPL=0 II=0 A20=1 SMM=0 HLT=0
ES =0030 0000000000000000 ffffffff 00cf9300 DPL=0 DS   [-WA]
CS =0038 0000000000000000 ffffffff 00af9a00 DPL=0 CS64 [-R-]
SS =0030 0000000000000000 ffffffff 00cf9300 DPL=0 DS   [-WA]
DS =0030 0000000000000000 ffffffff 00cf9300 DPL=0 DS   [-WA]
FS =0030 0000000000000000 ffffffff 00cf9300 DPL=0 DS   [-WA]
GS =0030 0000000000000000 ffffffff 00cf9300 DPL=0 DS   [-WA]
LDT=0000 0000000000000000 0000ffff 00008200 DPL=0 LDT
TR =0000 0000000000000000 0000ffff 00008b00 DPL=0 TSS64-busy
GDT=     000000001f5dc000 00000047
IDT=     000000001efa4018 00000fff
CR0=80010033 CR2=0000000000000000 CR3=000000001f801000 CR4=00000668
DR0=0000000000000000 DR1=0000000000000000 DR2=0000000000000000 DR3=0000000000000000 
DR6=00000000ffff0ff0 DR7=0000000000000400
CCS=0000000000000004 CCD=0000000000000517 CCO=EFLAGS
EFER=0000000000000d00
Servicing hardware INT=0x20
   118: v=20 e=0000 i=0 cpl=0 IP=0038:000000001eb54171 pc=000000001eb54171 SP=0030:000000001fe656f0 env->regs[R_EAX]=0000000000000694
RAX=0000000000000694 RBX=000000000088c212 RCX=000000000000b008 RDX=000000000088bb7e
RSI=000000000000000d RDI=0000000000000dfb RBP=000000001fe65700 RSP=000000001fe656f0
R8 =000000001fe6579c R9 =0000000000000030 R10=000000001e425c00 R11=000000001e4260d0
R12=0000000000000000 R13=000000001e427ef8 R14=0000000000000004 R15=000000001e427f18
RIP=000000001eb54171 RFL=00000202 [-------] CPL=0 II=0 A20=1 SMM=0 HLT=0
ES =0030 0000000000000000 ffffffff 00cf9300 DPL=0 DS   [-WA]
CS =0038 0000000000000000 ffffffff 00af9a00 DPL=0 CS64 [-R-]
SS =0030 0000000000000000 ffffffff 00cf9300 DPL=0 DS   [-WA]
DS =0030 0000000000000000 ffffffff 00cf9300 DPL=0 DS   [-WA]
FS =0030 0000000000000000 ffffffff 00cf9300 DPL=0 DS   [-WA]
GS =0030 0000000000000000 ffffffff 00cf9300 DPL=0 DS   [-WA]
LDT=0000 0000000000000000 0000ffff 00008200 DPL=0 LDT
TR =0000 0000000000000000 0000ffff 00008b00 DPL=0 TSS64-busy
GDT=     000000001f5dc000 00000047
IDT=     000000001efa4018 00000fff
CR0=80010033 CR2=0000000000000000 CR3=000000001f801000 CR4=00000668
DR0=0000000000000000 DR1=0000000000000000 DR2=0000000000000000 DR3=0000000000000000 
DR6=00000000ffff0ff0 DR7=0000000000000400
CCS=0000000000000000 CCD=0000000000000694 CCO=EFLAGS
EFER=0000000000000d00
Servicing hardware INT=0x20
   119: v=20 e=0000 i=0 cpl=0 IP=0038:000000001e40c2a8 pc=000000001e40c2a8 SP=0030:000000001fe65730 env->regs[R_EAX]=000000001e4294d8
RAX=000000001e4294d8 RBX=000000001e4294c8 RCX=000000001e426110 RDX=0000000000000000
RSI=000000001fe65618 RDI=000000001e40c225 RBP=000000001e429038 RSP=000000001fe65730
R8 =0000000000000064 R9 =0000000000000069 R10=000000001e4267c8 R11=000000001e4260d0
R12=000000001e40c225 R13=000000001fe65734 R14=000000001fe65738 R15=000000001fe6573c
RIP=000000001e40c2a8 RFL=00000202 [-------] CPL=0 II=0 A20=1 SMM=0 HLT=0
ES =0030 0000000000000000 ffffffff 00cf9300 DPL=0 DS   [-WA]
CS =0038 0000000000000000 ffffffff 00af9a00 DPL=0 CS64 [-R-]
SS =0030 0000000000000000 ffffffff 00cf9300 DPL=0 DS   [-WA]
DS =0030 0000000000000000 ffffffff 00cf9300 DPL=0 DS   [-WA]
FS =0030 0000000000000000 ffffffff 00cf9300 DPL=0 DS   [-WA]
GS =0030 0000000000000000 ffffffff 00cf9300 DPL=0 DS   [-WA]
LDT=0000 0000000000000000 0000ffff 00008200 DPL=0 LDT
TR =0000 0000000000000000 0000ffff 00008b00 DPL=0 TSS64-busy
GDT=     000000001f5dc000 00000047
IDT=     000000001efa4018 00000fff
CR0=80010033 CR2=0000000000000000 CR3=000000001f801000 CR4=00000668
DR0=0000000000000000 DR1=0000000000000000 DR2=0000000000000000 DR3=0000000000000000 
DR6=00000000ffff0ff0 DR7=0000000000000400
CCS=0000000000000000 CCD=00000000000033c8 CCO=EFLAGS
EFER=0000000000000d00
Servicing hardware INT=0x20
   120: v=20 e=0000 i=0 cpl=0 IP=0038:000000001fe773de pc=000000001fe773de SP=0030:000000001fe65850 env->regs[R_EAX]=4d1ab44318a031ab
RAX=4d1ab44318a031ab RBX=000000001fe8a140 RCX=000000001fe8a140 RDX=000000001fe8a140
RSI=000000001eb43030 RDI=40c02bc153cd299f RBP=000000001fe65890 RSP=000000001fe65850
R8 =0000000000000000 R9 =000000001fe65aa0 R10=000000001fe8afc0 R11=000000001e73d980
R12=000000001eb43018 R13=0000000000000000 R14=000000001fe8a0e0 R15=000000001fe844d1
RIP=000000001fe773de RFL=00000202 [-------] CPL=0 II=0 A20=1 SMM=0 HLT=0
ES =0030 0000000000000000 ffffffff 00cf9300 DPL=0 DS   [-WA]
CS =0038 0000000000000000 ffffffff 00af9a00 DPL=0 CS64 [-R-]
SS =0030 0000000000000000 ffffffff 00cf9300 DPL=0 DS   [-WA]
DS =0030 0000000000000000 ffffffff 00cf9300 DPL=0 DS   [-WA]
FS =0030 0000000000000000 ffffffff 00cf9300 DPL=0 DS   [-WA]
GS =0030 0000000000000000 ffffffff 00cf9300 DPL=0 DS   [-WA]
LDT=0000 0000000000000000 0000ffff 00008200 DPL=0 LDT
TR =0000 0000000000000000 0000ffff 00008b00 DPL=0 TSS64-busy
GDT=     000000001f5dc000 00000047
IDT=     000000001efa4018 00000fff
CR0=80010033 CR2=0000000000000000 CR3=000000001f801000 CR4=00000668
DR0=0000000000000000 DR1=0000000000000000 DR2=0000000000000000 DR3=0000000000000000 
DR6=00000000ffff0ff0 DR7=0000000000000400
CCS=0000000000000000 CCD=000000001fe65838 CCO=EFLAGS
EFER=0000000000000d00
Servicing hardware INT=0x20
   121: v=20 e=0000 i=0 cpl=0 IP=0038:000000001fe773ea pc=000000001fe773ea SP=0030:000000001fe65900 env->regs[R_EAX]=1ef54333df355f8a
RAX=1ef54333df355f8a RBX=000000001fe8a130 RCX=000000001efc3038 RDX=000000001fe8a130
RSI=000000001efc3030 RDI=4ad2c70f05c99a21 RBP=000000001fe65940 RSP=000000001fe65900
R8 =000000001fe65a90 R9 =000000001e4ac018 R10=000000001fe8afc0 R11=000000001e73d980
R12=11d4a3916b30c738 R13=0000000000000000 R14=000000001fe8a0e0 R15=000000001fe844d1
RIP=000000001fe773ea RFL=00000206 [-----P-] CPL=0 II=0 A20=1 SMM=0 HLT=0
ES =0030 0000000000000000 ffffffff 00cf9300 DPL=0 DS   [-WA]
CS =0038 0000000000000000 ffffffff 00af9a00 DPL=0 CS64 [-R-]
SS =0030 0000000000000000 ffffffff 00cf9300 DPL=0 DS   [-WA]
DS =0030 0000000000000000 ffffffff 00cf9300 DPL=0 DS   [-WA]
FS =0030 0000000000000000 ffffffff 00cf9300 DPL=0 DS   [-WA]
GS =0030 0000000000000000 ffffffff 00cf9300 DPL=0 DS   [-WA]
LDT=0000 0000000000000000 0000ffff 00008200 DPL=0 LDT
TR =0000 0000000000000000 0000ffff 00008b00 DPL=0 TSS64-busy
GDT=     000000001f5dc000 00000047
IDT=     000000001efa4018 00000fff
CR0=80010033 CR2=0000000000000000 CR3=000000001f801000 CR4=00000668
DR0=0000000000000000 DR1=0000000000000000 DR2=0000000000000000 DR3=0000000000000000 
DR6=00000000ffff0ff0 DR7=0000000000000400
CCS=0000000000000004 CCD=000000001fe658e8 CCO=EFLAGS
EFER=0000000000000d00
Servicing hardware INT=0x20
   122: v=20 e=0000 i=0 cpl=0 IP=0038:000000001fe696ea pc=000000001fe696ea SP=0030:000000001fe659b0 env->regs[R_EAX]=0000000000000000
RAX=0000000000000000 RBX=0000000000000028 RCX=0000000000000010 RDX=000000001e4ac018
RSI=000000001fe65ac8 RDI=000000001e74ae18 RBP=000000001fe65a10 RSP=000000001fe659b0
R8 =000000001e4b8398 R9 =0000000000000000 R10=000000001fe8afc0 R11=000000001e73d980
R12=000000001e4b8398 R13=0000000000000000 R14=000000001fe65ac8 R15=000000001e4ac018
RIP=000000001fe696ea RFL=00000246 [---Z-P-] CPL=0 II=0 A20=1 SMM=0 HLT=0
ES =0030 0000000000000000 ffffffff 00cf9300 DPL=0 DS   [-WA]
CS =0038 0000000000000000 ffffffff 00af9a00 DPL=0 CS64 [-R-]
SS =0030 0000000000000000 ffffffff 00cf9300 DPL=0 DS   [-WA]
DS =0030 0000000000000000 ffffffff 00cf9300 DPL=0 DS   [-WA]
FS =0030 0000000000000000 ffffffff 00cf9300 DPL=0 DS   [-WA]
GS =0030 0000000000000000 ffffffff 00cf9300 DPL=0 DS   [-WA]
LDT=0000 0000000000000000 0000ffff 00008200 DPL=0 LDT
TR =0000 0000000000000000 0000ffff 00008b00 DPL=0 TSS64-busy
GDT=     000000001f5dc000 00000047
IDT=     000000001efa4018 00000fff
CR0=80010033 CR2=0000000000000000 CR3=000000001f801000 CR4=00000668
DR0=0000000000000000 DR1=0000000000000000 DR2=0000000000000000 DR3=0000000000000000 
DR6=00000000ffff0ff0 DR7=0000000000000400
CCS=0000000000000044 CCD=0000000000000000 CCO=EFLAGS
EFER=0000000000000d00
Servicing hardware INT=0x20
   123: v=20 e=0000 i=0 cpl=0 IP=0038:000000001efae22e pc=000000001efae22e SP=0030:000000001fe655f0 env->regs[R_EAX]=0000000000000000
RAX=0000000000000000 RBX=000000001e4ace23 RCX=000000001e4ace23 RDX=000000001e4ace00
RSI=000000000000000c RDI=00000000000000e7 RBP=000000001fe65630 RSP=000000001fe655f0
R8 =00000000000000af R9 =0000000000000050 R10=000000001ea41c58 R11=000000001e73d980
R12=000000001e4b8418 R13=000000001e4acc18 R14=000000001e4b8398 R15=000000001fe656f0
RIP=000000001efae22e RFL=00000206 [-----P-] CPL=0 II=0 A20=1 SMM=0 HLT=0
ES =0030 0000000000000000 ffffffff 00cf9300 DPL=0 DS   [-WA]
CS =0038 0000000000000000 ffffffff 00af9a00 DPL=0 CS64 [-R-]
SS =0030 0000000000000000 ffffffff 00cf9300 DPL=0 DS   [-WA]
DS =0030 0000000000000000 ffffffff 00cf9300 DPL=0 DS   [-WA]
FS =0030 0000000000000000 ffffffff 00cf9300 DPL=0 DS   [-WA]
GS =0030 0000000000000000 ffffffff 00cf9300 DPL=0 DS   [-WA]
LDT=0000 0000000000000000 0000ffff 00008200 DPL=0 LDT
TR =0000 0000000000000000 0000ffff 00008b00 DPL=0 TSS64-busy
GDT=     000000001f5dc000 00000047
IDT=     000000001efa4018 00000fff
CR0=80010033 CR2=0000000000000000 CR3=000000001f801000 CR4=00000668
DR0=0000000000000000 DR1=0000000000000000 DR2=0000000000000000 DR3=0000000000000000 
DR6=00000000ffff0ff0 DR7=0000000000000400
CCS=0000000000000004 CCD=000000001fe655d8 CCO=EFLAGS
EFER=0000000000000d00
Servicing hardware INT=0x20
   124: v=20 e=0000 i=0 cpl=0 IP=0038:000000001ea2f3b1 pc=000000001ea2f3b1 SP=0030:000000001fe65620 env->regs[R_EAX]=0000000000000001
RAX=0000000000000001 RBX=000000000000c041 RCX=0000000000000001 RDX=0000000000000cf8
RSI=0000000000000001 RDI=0000000000000000 RBP=000000001fe65680 RSP=000000001fe65620
R8 =0000000000000000 R9 =0000000000000cf8 R10=0000000000000019 R11=000000001e73d931
R12=000000001fe65818 R13=0000000000000000 R14=0000000000009020 R15=0000000000000004
RIP=000000001ea2f3b1 RFL=00000202 [-------] CPL=0 II=0 A20=1 SMM=0 HLT=0
ES =0030 0000000000000000 ffffffff 00cf9300 DPL=0 DS   [-WA]
CS =0038 0000000000000000 ffffffff 00af9a00 DPL=0 CS64 [-R-]
SS =0030 0000000000000000 ffffffff 00cf9300 DPL=0 DS   [-WA]
DS =0030 0000000000000000 ffffffff 00cf9300 DPL=0 DS   [-WA]
FS =0030 0000000000000000 ffffffff 00cf9300 DPL=0 DS   [-WA]
GS =0030 0000000000000000 ffffffff 00cf9300 DPL=0 DS   [-WA]
LDT=0000 0000000000000000 0000ffff 00008200 DPL=0 LDT
TR =0000 0000000000000000 0000ffff 00008b00 DPL=0 TSS64-busy
GDT=     000000001f5dc000 00000047
IDT=     000000001efa4018 00000fff
CR0=80010033 CR2=0000000000000000 CR3=000000001f801000 CR4=00000668
DR0=0000000000000000 DR1=0000000000000000 DR2=0000000000000000 DR3=0000000000000000 
DR6=00000000ffff0ff0 DR7=0000000000000400
CCS=0000000000000038 CCD=0000000000000001 CCO=LOGICB
EFER=0000000000000d00
Servicing hardware INT=0x20
   125: v=20 e=0000 i=0 cpl=0 IP=0038:000000001ea2f68a pc=000000001ea2f68a SP=0030:000000001fe64f00 env->regs[R_EAX]=0000000000000001
RAX=0000000000000001 RBX=0000000080000900 RCX=0000000000000001 RDX=0000000000000cf8
RSI=0000000000000001 RDI=0000000000000000 RBP=000000001fe64f60 RSP=000000001fe64f00
R8 =0000000000000000 R9 =0000000000000cf8 R10=0000000000000000 R11=0000000000000000
R12=0000000000000000 R13=0000000000000001 R14=0000000000009028 R15=0000000000000001
RIP=000000001ea2f68a RFL=00000202 [-------] CPL=0 II=0 A20=1 SMM=0 HLT=0
ES =0030 0000000000000000 ffffffff 00cf9300 DPL=0 DS   [-WA]
CS =0038 0000000000000000 ffffffff 00af9a00 DPL=0 CS64 [-R-]
SS =0030 0000000000000000 ffffffff 00cf9300 DPL=0 DS   [-WA]
DS =0030 0000000000000000 ffffffff 00cf9300 DPL=0 DS   [-WA]
FS =0030 0000000000000000 ffffffff 00cf9300 DPL=0 DS   [-WA]
GS =0030 0000000000000000 ffffffff 00cf9300 DPL=0 DS   [-WA]
LDT=0000 0000000000000000 0000ffff 00008200 DPL=0 LDT
TR =0000 0000000000000000 0000ffff 00008b00 DPL=0 TSS64-busy
GDT=     000000001f5dc000 00000047
IDT=     000000001efa4018 00000fff
CR0=80010033 CR2=0000000000000000 CR3=000000001f801000 CR4=00000668
DR0=0000000000000000 DR1=0000000000000000 DR2=0000000000000000 DR3=0000000000000000 
DR6=00000000ffff0ff0 DR7=0000000000000400
CCS=0000000000000038 CCD=0000000000000001 CCO=LOGICB
EFER=0000000000000d00
Servicing hardware INT=0x20
   126: v=20 e=0000 i=0 cpl=0 IP=0038:000000001ea2f68a pc=000000001ea2f68a SP=0030:000000001fe650e0 env->regs[R_EAX]=0000000000000001
RAX=0000000000000001 RBX=0000000080000986 RCX=0000000000000001 RDX=0000000000000cf8
RSI=0000000000000001 RDI=0000000000000000 RBP=000000001fe65140 RSP=000000001fe650e0
R8 =0000000000000000 R9 =0000000000000cf8 R10=000000001e4acd98 R11=0000000000000000
R12=0000000000000000 R13=0000000000000001 R14=0000000000009000 R15=0000000000000001
RIP=000000001ea2f68a RFL=00000202 [-------] CPL=0 II=0 A20=1 SMM=0 HLT=0
ES =0030 0000000000000000 ffffffff 00cf9300 DPL=0 DS   [-WA]
CS =0038 0000000000000000 ffffffff 00af9a00 DPL=0 CS64 [-R-]
SS =0030 0000000000000000 ffffffff 00cf9300 DPL=0 DS   [-WA]
DS =0030 0000000000000000 ffffffff 00cf9300 DPL=0 DS   [-WA]
FS =0030 0000000000000000 ffffffff 00cf9300 DPL=0 DS   [-WA]
GS =0030 0000000000000000 ffffffff 00cf9300 DPL=0 DS   [-WA]
LDT=0000 0000000000000000 0000ffff 00008200 DPL=0 LDT
TR =0000 0000000000000000 0000ffff 00008b00 DPL=0 TSS64-busy
GDT=     000000001f5dc000 00000047
IDT=     000000001efa4018 00000fff
CR0=80010033 CR2=0000000000000000 CR3=000000001f801000 CR4=00000668
DR0=0000000000000000 DR1=0000000000000000 DR2=0000000000000000 DR3=0000000000000000 
DR6=00000000ffff0ff0 DR7=0000000000000400
CCS=0000000000000038 CCD=0000000000000001 CCO=LOGICB
EFER=0000000000000d00
Servicing hardware INT=0x20
   127: v=20 e=0000 i=0 cpl=0 IP=0038:000000001e6d3862 pc=000000001e6d3862 SP=0030:000000001fe65240 env->regs[R_EAX]=00000000000045f3
RAX=00000000000045f3 RBX=0000000000002710 RCX=000000000000b008 RDX=00000000008d98ec
RSI=00000000008ddedf RDI=000000001e5b4bd4 RBP=000000001fe65270 RSP=000000001fe65240
R8 =000000001fe65290 R9 =00000000000003f6 R10=0000000000000000 R11=0000000000000000
R12=000000000000c042 R13=0000000000000011 R14=000000000000c040 R15=0000000000000000
RIP=000000001e6d3862 RFL=00000206 [-----P-] CPL=0 II=0 A20=1 SMM=0 HLT=0
ES =0030 0000000000000000 ffffffff 00cf9300 DPL=0 DS   [-WA]
CS =0038 0000000000000000 ffffffff 00af9a00 DPL=0 CS64 [-R-]
SS =0030 0000000000000000 ffffffff 00cf9300 DPL=0 DS   [-WA]
DS =0030 0000000000000000 ffffffff 00cf9300 DPL=0 DS   [-WA]
FS =0030 0000000000000000 ffffffff 00cf9300 DPL=0 DS   [-WA]
GS =0030 0000000000000000 ffffffff 00cf9300 DPL=0 DS   [-WA]
LDT=0000 0000000000000000 0000ffff 00008200 DPL=0 LDT
TR =0000 0000000000000000 0000ffff 00008b00 DPL=0 TSS64-busy
GDT=     000000001f5dc000 00000047
IDT=     000000001efa4018 00000fff
CR0=80010033 CR2=0000000000000000 CR3=000000001f801000 CR4=00000668
DR0=0000000000000000 DR1=0000000000000000 DR2=0000000000000000 DR3=0000000000000000 
DR6=00000000ffff0ff0 DR7=0000000000000400
CCS=0000000000000004 CCD=00000000000045f3 CCO=EFLAGS
EFER=0000000000000d00
Servicing hardware INT=0x20
   128: v=20 e=0000 i=0 cpl=0 IP=0038:000000001e6d3862 pc=000000001e6d3862 SP=0030:000000001fe65090 env->regs[R_EAX]=000000000000460a
RAX=000000000000460a RBX=0000000000002710 RCX=000000000000b008 RDX=00000000008e32bc
RSI=00000000008e78c6 RDI=000000001e5b4bd4 RBP=000000001fe650c0 RSP=000000001fe65090
R8 =000000001fe650e0 R9 =00000000000003f6 R10=0000000000000000 R11=0000000000000000
R12=000000000000c042 R13=0000000000000011 R14=000000000000c040 R15=0000000000000000
RIP=000000001e6d3862 RFL=00000206 [-----P-] CPL=0 II=0 A20=1 SMM=0 HLT=0
ES =0030 0000000000000000 ffffffff 00cf9300 DPL=0 DS   [-WA]
CS =0038 0000000000000000 ffffffff 00af9a00 DPL=0 CS64 [-R-]
SS =0030 0000000000000000 ffffffff 00cf9300 DPL=0 DS   [-WA]
DS =0030 0000000000000000 ffffffff 00cf9300 DPL=0 DS   [-WA]
FS =0030 0000000000000000 ffffffff 00cf9300 DPL=0 DS   [-WA]
GS =0030 0000000000000000 ffffffff 00cf9300 DPL=0 DS   [-WA]
LDT=0000 0000000000000000 0000ffff 00008200 DPL=0 LDT
TR =0000 0000000000000000 0000ffff 00008b00 DPL=0 TSS64-busy
GDT=     000000001f5dc000 00000047
IDT=     000000001efa4018 00000fff
CR0=80010033 CR2=0000000000000000 CR3=000000001f801000 CR4=00000668
DR0=0000000000000000 DR1=0000000000000000 DR2=0000000000000000 DR3=0000000000000000 
DR6=00000000ffff0ff0 DR7=0000000000000400
CCS=0000000000000004 CCD=000000000000460a CCO=EFLAGS
EFER=0000000000000d00
Servicing hardware INT=0x20
   129: v=20 e=0000 i=0 cpl=0 IP=0038:000000001e6d3862 pc=000000001e6d3862 SP=0030:000000001fe65090 env->regs[R_EAX]=0000000000006154
RAX=0000000000006154 RBX=0000000000002710 RCX=000000000000b008 RDX=00000000008eb086
RSI=00000000008f11da RDI=000000001e5b4bd4 RBP=000000001fe650c0 RSP=000000001fe65090
R8 =000000001fe650e0 R9 =00000000000003f6 R10=0000000000000000 R11=0000000000000000
R12=000000000000c042 R13=0000000000000011 R14=000000000000c040 R15=0000000000000000
RIP=000000001e6d3862 RFL=00000202 [-------] CPL=0 II=0 A20=1 SMM=0 HLT=0
ES =0030 0000000000000000 ffffffff 00cf9300 DPL=0 DS   [-WA]
CS =0038 0000000000000000 ffffffff 00af9a00 DPL=0 CS64 [-R-]
SS =0030 0000000000000000 ffffffff 00cf9300 DPL=0 DS   [-WA]
DS =0030 0000000000000000 ffffffff 00cf9300 DPL=0 DS   [-WA]
FS =0030 0000000000000000 ffffffff 00cf9300 DPL=0 DS   [-WA]
GS =0030 0000000000000000 ffffffff 00cf9300 DPL=0 DS   [-WA]
LDT=0000 0000000000000000 0000ffff 00008200 DPL=0 LDT
TR =0000 0000000000000000 0000ffff 00008b00 DPL=0 TSS64-busy
GDT=     000000001f5dc000 00000047
IDT=     000000001efa4018 00000fff
CR0=80010033 CR2=0000000000000000 CR3=000000001f801000 CR4=00000668
DR0=0000000000000000 DR1=0000000000000000 DR2=0000000000000000 DR3=0000000000000000 
DR6=00000000ffff0ff0 DR7=0000000000000400
CCS=0000000000000000 CCD=0000000000006154 CCO=EFLAGS
EFER=0000000000000d00
Servicing hardware INT=0x20
   130: v=20 e=0000 i=0 cpl=0 IP=0038:000000001e6d3862 pc=000000001e6d3862 SP=0030:000000001fe65230 env->regs[R_EAX]=000000000000605f
RAX=000000000000605f RBX=0000000000002710 RCX=000000000000b008 RDX=00000000008f4ad7
RSI=00000000008fab36 RDI=000000001e5b4bd4 RBP=000000001fe65260 RSP=000000001fe65230
R8 =000000001fe65280 R9 =00000000000003f6 R10=0000000000000000 R11=0000000000000000
R12=000000000000c042 R13=0000000000000011 R14=000000000000c040 R15=0000000000000000
RIP=000000001e6d3862 RFL=00000206 [-----P-] CPL=0 II=0 A20=1 SMM=0 HLT=0
ES =0030 0000000000000000 ffffffff 00cf9300 DPL=0 DS   [-WA]
CS =0038 0000000000000000 ffffffff 00af9a00 DPL=0 CS64 [-R-]
SS =0030 0000000000000000 ffffffff 00cf9300 DPL=0 DS   [-WA]
DS =0030 0000000000000000 ffffffff 00cf9300 DPL=0 DS   [-WA]
FS =0030 0000000000000000 ffffffff 00cf9300 DPL=0 DS   [-WA]
GS =0030 0000000000000000 ffffffff 00cf9300 DPL=0 DS   [-WA]
LDT=0000 0000000000000000 0000ffff 00008200 DPL=0 LDT
TR =0000 0000000000000000 0000ffff 00008b00 DPL=0 TSS64-busy
GDT=     000000001f5dc000 00000047
IDT=     000000001efa4018 00000fff
CR0=80010033 CR2=0000000000000000 CR3=000000001f801000 CR4=00000668
DR0=0000000000000000 DR1=0000000000000000 DR2=0000000000000000 DR3=0000000000000000 
DR6=00000000ffff0ff0 DR7=0000000000000400
CCS=0000000000000004 CCD=000000000000605f CCO=EFLAGS
EFER=0000000000000d00
Servicing hardware INT=0x20
   131: v=20 e=0000 i=0 cpl=0 IP=0038:000000001fe773d3 pc=000000001fe773d3 SP=0030:000000001fe65850 env->regs[R_EAX]=44a96873ab38a0df
RAX=44a96873ab38a0df RBX=000000001fe8a140 RCX=000000001ea0feb0 RDX=000000001fe8a140
RSI=000000001ea0feb0 RDI=000000001fe8a140 RBP=000000001fe65890 RSP=000000001fe65850
R8 =0000000000000000 R9 =000000001fe65ab0 R10=0000000000000000 R11=000000001e73d933
R12=000000001ea0fe98 R13=0000000000000000 R14=000000001fe8a0e0 R15=000000001fe844d1
RIP=000000001fe773d3 RFL=00000202 [-------] CPL=0 II=0 A20=1 SMM=0 HLT=0
ES =0030 0000000000000000 ffffffff 00cf9300 DPL=0 DS   [-WA]
CS =0038 0000000000000000 ffffffff 00af9a00 DPL=0 CS64 [-R-]
SS =0030 0000000000000000 ffffffff 00cf9300 DPL=0 DS   [-WA]
DS =0030 0000000000000000 ffffffff 00cf9300 DPL=0 DS   [-WA]
FS =0030 0000000000000000 ffffffff 00cf9300 DPL=0 DS   [-WA]
GS =0030 0000000000000000 ffffffff 00cf9300 DPL=0 DS   [-WA]
LDT=0000 0000000000000000 0000ffff 00008200 DPL=0 LDT
TR =0000 0000000000000000 0000ffff 00008b00 DPL=0 TSS64-busy
GDT=     000000001f5dc000 00000047
IDT=     000000001efa4018 00000fff
CR0=80010033 CR2=0000000000000000 CR3=000000001f801000 CR4=00000668
DR0=0000000000000000 DR1=0000000000000000 DR2=0000000000000000 DR3=0000000000000000 
DR6=00000000ffff0ff0 DR7=0000000000000400
CCS=0000000000000000 CCD=000000001fe65838 CCO=EFLAGS
EFER=0000000000000d00
Servicing hardware INT=0x20
   132: v=20 e=0000 i=0 cpl=0 IP=0038:000000001fe6662e pc=000000001fe6662e SP=0030:000000001fe657d0 env->regs[R_EAX]=000000001e66f598
RAX=000000001e66f598 RBX=000000001e66f5a0 RCX=0000000000000010 RDX=000000001e700ee0
RSI=000000001e700ef0 RDI=000000001e74c918 RBP=000000001fe657f0 RSP=000000001fe657d0
R8 =000000001fe658c8 R9 =000000001e74c918 R10=000000001fe8afc0 R11=000000001e73d980
R12=000000001e74c918 R13=000000001fe8a250 R14=000000001fe844d1 R15=000000001e700ee0
RIP=000000001fe6662e RFL=00000246 [---Z-P-] CPL=0 II=0 A20=1 SMM=0 HLT=0
ES =0030 0000000000000000 ffffffff 00cf9300 DPL=0 DS   [-WA]
CS =0038 0000000000000000 ffffffff 00af9a00 DPL=0 CS64 [-R-]
SS =0030 0000000000000000 ffffffff 00cf9300 DPL=0 DS   [-WA]
DS =0030 0000000000000000 ffffffff 00cf9300 DPL=0 DS   [-WA]
FS =0030 0000000000000000 ffffffff 00cf9300 DPL=0 DS   [-WA]
GS =0030 0000000000000000 ffffffff 00cf9300 DPL=0 DS   [-WA]
LDT=0000 0000000000000000 0000ffff 00008200 DPL=0 LDT
TR =0000 0000000000000000 0000ffff 00008b00 DPL=0 TSS64-busy
GDT=     000000001f5dc000 00000047
IDT=     000000001efa4018 00000fff
CR0=80010033 CR2=0000000000000000 CR3=000000001f801000 CR4=00000668
DR0=0000000000000000 DR1=0000000000000000 DR2=0000000000000000 DR3=0000000000000000 
DR6=00000000ffff0ff0 DR7=0000000000000400
CCS=0000000000000044 CCD=0000000000000000 CCO=EFLAGS
EFER=0000000000000d00
Servicing hardware INT=0x20
   133: v=20 e=0000 i=0 cpl=0 IP=0038:000000001fe773ea pc=000000001fe773ea SP=0030:000000001fe65930 env->regs[R_EAX]=6de024876c4a6d99
RAX=6de024876c4a6d99 RBX=000000001fe65ac0 RCX=000000001e6648b8 RDX=000000001fe65ac0
RSI=000000001e6648b0 RDI=403efcb34006c0c1 RBP=000000001fe65970 RSP=000000001fe65930
R8 =000000001fe65ab8 R9 =000000001f24e8f4 R10=000000001fe8afc0 R11=000000001e73d980
R12=433deade3152bca5 R13=0000000000000000 R14=000000001fe8a0e0 R15=000000001fe844d1
RIP=000000001fe773ea RFL=00000206 [-----P-] CPL=0 II=0 A20=1 SMM=0 HLT=0
ES =0030 0000000000000000 ffffffff 00cf9300 DPL=0 DS   [-WA]
CS =0038 0000000000000000 ffffffff 00af9a00 DPL=0 CS64 [-R-]
SS =0030 0000000000000000 ffffffff 00cf9300 DPL=0 DS   [-WA]
DS =0030 0000000000000000 ffffffff 00cf9300 DPL=0 DS   [-WA]
FS =0030 0000000000000000 ffffffff 00cf9300 DPL=0 DS   [-WA]
GS =0030 0000000000000000 ffffffff 00cf9300 DPL=0 DS   [-WA]
LDT=0000 0000000000000000 0000ffff 00008200 DPL=0 LDT
TR =0000 0000000000000000 0000ffff 00008b00 DPL=0 TSS64-busy
GDT=     000000001f5dc000 00000047
IDT=     000000001efa4018 00000fff
CR0=80010033 CR2=0000000000000000 CR3=000000001f801000 CR4=00000668
DR0=0000000000000000 DR1=0000000000000000 DR2=0000000000000000 DR3=0000000000000000 
DR6=00000000ffff0ff0 DR7=0000000000000400
CCS=0000000000000004 CCD=000000001fe65918 CCO=EFLAGS
EFER=0000000000000d00
Servicing hardware INT=0x20
   134: v=20 e=0000 i=0 cpl=0 IP=0038:000000001f6e6cfc pc=000000001f6e6cfc SP=0030:000000001fe656e0 env->regs[R_EAX]=0000000000000000
RAX=0000000000000000 RBX=00000000ffc01590 RCX=0000000000000101 RDX=0000000000000000
RSI=0000000000000000 RDI=00000000ffc015ac RBP=000000001fe65710 RSP=000000001fe656e0
R8 =0000000000000590 R9 =000000001fe657d8 R10=000000001f58a0c4 R11=000000001f6e6d92
R12=00000000ffc015ac R13=0000000000000000 R14=000000000000001d R15=000000001fe657d8
RIP=000000001f6e6cfc RFL=00000246 [---Z-P-] CPL=0 II=0 A20=1 SMM=0 HLT=0
ES =0030 0000000000000000 ffffffff 00cf9300 DPL=0 DS   [-WA]
CS =0038 0000000000000000 ffffffff 00af9a00 DPL=0 CS64 [-R-]
SS =0030 0000000000000000 ffffffff 00cf9300 DPL=0 DS   [-WA]
DS =0030 0000000000000000 ffffffff 00cf9300 DPL=0 DS   [-WA]
FS =0030 0000000000000000 ffffffff 00cf9300 DPL=0 DS   [-WA]
GS =0030 0000000000000000 ffffffff 00cf9300 DPL=0 DS   [-WA]
LDT=0000 0000000000000000 0000ffff 00008200 DPL=0 LDT
TR =0000 0000000000000000 0000ffff 00008b00 DPL=0 TSS64-busy
GDT=     000000001f5dc000 00000047
IDT=     000000001efa4018 00000fff
CR0=80010033 CR2=0000000000000000 CR3=000000001f801000 CR4=00000668
DR0=0000000000000000 DR1=0000000000000000 DR2=0000000000000000 DR3=0000000000000000 
DR6=00000000ffff0ff0 DR7=0000000000000400
CCS=0000000000000044 CCD=0000000000000000 CCO=EFLAGS
EFER=0000000000000d00
Servicing hardware INT=0x20
   135: v=20 e=0000 i=0 cpl=0 IP=0038:000000001fe76fee pc=000000001fe76fee SP=0030:000000001fe65888 env->regs[R_EAX]=0000000000000007
RAX=0000000000000007 RBX=000000001fe8c0b8 RCX=000000001fe8c0b8 RDX=000000001e4b8588
RSI=000000001e4b8588 RDI=0000000000001000 RBP=000000001fe658c0 RSP=000000001fe65888
R8 =00000000000000af R9 =0000000000000010 R10=000000001f58b5fc R11=000000001f6e6d92
R12=000000001e4b8000 R13=000000001e4b8580 R14=0000000000000000 R15=000000001e4b8598
RIP=000000001fe76fee RFL=00000206 [-----P-] CPL=0 II=0 A20=1 SMM=0 HLT=0
ES =0030 0000000000000000 ffffffff 00cf9300 DPL=0 DS   [-WA]
CS =0038 0000000000000000 ffffffff 00af9a00 DPL=0 CS64 [-R-]
SS =0030 0000000000000000 ffffffff 00cf9300 DPL=0 DS   [-WA]
DS =0030 0000000000000000 ffffffff 00cf9300 DPL=0 DS   [-WA]
FS =0030 0000000000000000 ffffffff 00cf9300 DPL=0 DS   [-WA]
GS =0030 0000000000000000 ffffffff 00cf9300 DPL=0 DS   [-WA]
LDT=0000 0000000000000000 0000ffff 00008200 DPL=0 LDT
TR =0000 0000000000000000 0000ffff 00008b00 DPL=0 TSS64-busy
GDT=     000000001f5dc000 00000047
IDT=     000000001efa4018 00000fff
CR0=80010033 CR2=0000000000000000 CR3=000000001f801000 CR4=00000668
DR0=0000000000000000 DR1=0000000000000000 DR2=0000000000000000 DR3=0000000000000000 
DR6=00000000ffff0ff0 DR7=0000000000000400
CCS=0000000000000004 CCD=000000001fe65890 CCO=EFLAGS
EFER=0000000000000d00
Servicing hardware INT=0x20
   136: v=20 e=0000 i=0 cpl=0 IP=0038:000000001f6e6cfc pc=000000001f6e6cfc SP=0030:000000001fe65600 env->regs[R_EAX]=0000000000000000
RAX=0000000000000000 RBX=00000000ffc016f8 RCX=0000000000000101 RDX=0000000000000000
RSI=0000000000000010 RDI=00000000ffc0170d RBP=000000001fe65630 RSP=000000001fe65600
R8 =00000000000006f8 R9 =000000001fe656f8 R10=000000001f58b710 R11=000000001f6e6d92
R12=00000000ffc0170d R13=0000000000000010 R14=0000000000000015 R15=000000001fe656f8
RIP=000000001f6e6cfc RFL=00000246 [---Z-P-] CPL=0 II=0 A20=1 SMM=0 HLT=0
ES =0030 0000000000000000 ffffffff 00cf9300 DPL=0 DS   [-WA]
CS =0038 0000000000000000 ffffffff 00af9a00 DPL=0 CS64 [-R-]
SS =0030 0000000000000000 ffffffff 00cf9300 DPL=0 DS   [-WA]
DS =0030 0000000000000000 ffffffff 00cf9300 DPL=0 DS   [-WA]
FS =0030 0000000000000000 ffffffff 00cf9300 DPL=0 DS   [-WA]
GS =0030 0000000000000000 ffffffff 00cf9300 DPL=0 DS   [-WA]
LDT=0000 0000000000000000 0000ffff 00008200 DPL=0 LDT
TR =0000 0000000000000000 0000ffff 00008b00 DPL=0 TSS64-busy
GDT=     000000001f5dc000 00000047
IDT=     000000001efa4018 00000fff
CR0=80010033 CR2=0000000000000000 CR3=000000001f801000 CR4=00000668
DR0=0000000000000000 DR1=0000000000000000 DR2=0000000000000000 DR3=0000000000000000 
DR6=00000000ffff0ff0 DR7=0000000000000400
CCS=0000000000000044 CCD=0000000000000000 CCO=EFLAGS
EFER=0000000000000d00
Servicing hardware INT=0x20
   137: v=20 e=0000 i=0 cpl=0 IP=0038:000000001f6e6cfc pc=000000001f6e6cfc SP=0030:000000001fe656d0 env->regs[R_EAX]=0000000000000000
RAX=0000000000000000 RBX=00000000ffc017a0 RCX=0000000000000101 RDX=0000000000000000
RSI=0000000000000010 RDI=00000000ffc017b5 RBP=000000001fe65700 RSP=000000001fe656d0
R8 =00000000000007a0 R9 =000000001fe657c8 R10=000000001f58b6b8 R11=000000001f6e6d92
R12=00000000ffc017b5 R13=0000000000000010 R14=0000000000000015 R15=000000001fe657c8
RIP=000000001f6e6cfc RFL=00000246 [---Z-P-] CPL=0 II=0 A20=1 SMM=0 HLT=0
ES =0030 0000000000000000 ffffffff 00cf9300 DPL=0 DS   [-WA]
CS =0038 0000000000000000 ffffffff 00af9a00 DPL=0 CS64 [-R-]
SS =0030 0000000000000000 ffffffff 00cf9300 DPL=0 DS   [-WA]
DS =0030 0000000000000000 ffffffff 00cf9300 DPL=0 DS   [-WA]
FS =0030 0000000000000000 ffffffff 00cf9300 DPL=0 DS   [-WA]
GS =0030 0000000000000000 ffffffff 00cf9300 DPL=0 DS   [-WA]
LDT=0000 0000000000000000 0000ffff 00008200 DPL=0 LDT
TR =0000 0000000000000000 0000ffff 00008b00 DPL=0 TSS64-busy
GDT=     000000001f5dc000 00000047
IDT=     000000001efa4018 00000fff
CR0=80010033 CR2=0000000000000000 CR3=000000001f801000 CR4=00000668
DR0=0000000000000000 DR1=0000000000000000 DR2=0000000000000000 DR3=0000000000000000 
DR6=00000000ffff0ff0 DR7=0000000000000400
CCS=0000000000000044 CCD=0000000000000000 CCO=EFLAGS
EFER=0000000000000d00
Servicing hardware INT=0x20
   138: v=20 e=0000 i=0 cpl=0 IP=0038:000000001f6e6cfc pc=000000001f6e6cfc SP=0030:000000001fe65600 env->regs[R_EAX]=0000000000000000
RAX=0000000000000000 RBX=00000000ffc017fa RCX=0000000000000101 RDX=0000000000000000
RSI=0000000000000010 RDI=00000000ffc017fa RBP=000000001fe65630 RSP=000000001fe65600
R8 =00000000000007fa R9 =000000001fe656f8 R10=000000001f58b810 R11=000000001f6e6d92
R12=00000000ffc017fa R13=0000000000000010 R14=0000000000000000 R15=000000001fe656f8
RIP=000000001f6e6cfc RFL=00000246 [---Z-P-] CPL=0 II=0 A20=1 SMM=0 HLT=0
ES =0030 0000000000000000 ffffffff 00cf9300 DPL=0 DS   [-WA]
CS =0038 0000000000000000 ffffffff 00af9a00 DPL=0 CS64 [-R-]
SS =0030 0000000000000000 ffffffff 00cf9300 DPL=0 DS   [-WA]
DS =0030 0000000000000000 ffffffff 00cf9300 DPL=0 DS   [-WA]
FS =0030 0000000000000000 ffffffff 00cf9300 DPL=0 DS   [-WA]
GS =0030 0000000000000000 ffffffff 00cf9300 DPL=0 DS   [-WA]
LDT=0000 0000000000000000 0000ffff 00008200 DPL=0 LDT
TR =0000 0000000000000000 0000ffff 00008b00 DPL=0 TSS64-busy
GDT=     000000001f5dc000 00000047
IDT=     000000001efa4018 00000fff
CR0=80010033 CR2=0000000000000000 CR3=000000001f801000 CR4=00000668
DR0=0000000000000000 DR1=0000000000000000 DR2=0000000000000000 DR3=0000000000000000 
DR6=00000000ffff0ff0 DR7=0000000000000400
CCS=0000000000000044 CCD=0000000000000000 CCO=EFLAGS
EFER=0000000000000d00
Servicing hardware INT=0x20
   139: v=20 e=0000 i=0 cpl=0 IP=0038:000000001f6e6c5d pc=000000001f6e6c5d SP=0030:000000001fe65790 env->regs[R_EAX]=0000000000000000
RAX=0000000000000000 RBX=00000000ffc0189a RCX=0000000000000101 RDX=0000000000000000
RSI=0000000000000010 RDI=00000000ffc0189a RBP=000000001fe657e0 RSP=000000001fe65790
R8 =000000000000089a R9 =000000001fe658a8 R10=000000001f58b7b8 R11=000000001f6e6d92
R12=00000000ffc0189a R13=0000000000000010 R14=0000000000000000 R15=000000001fe658a8
RIP=000000001f6e6c5d RFL=00000206 [-----P-] CPL=0 II=0 A20=1 SMM=0 HLT=0
ES =0030 0000000000000000 ffffffff 00cf9300 DPL=0 DS   [-WA]
CS =0038 0000000000000000 ffffffff 00af9a00 DPL=0 CS64 [-R-]
SS =0030 0000000000000000 ffffffff 00cf9300 DPL=0 DS   [-WA]
DS =0030 0000000000000000 ffffffff 00cf9300 DPL=0 DS   [-WA]
FS =0030 0000000000000000 ffffffff 00cf9300 DPL=0 DS   [-WA]
GS =0030 0000000000000000 ffffffff 00cf9300 DPL=0 DS   [-WA]
LDT=0000 0000000000000000 0000ffff 00008200 DPL=0 LDT
TR =0000 0000000000000000 0000ffff 00008b00 DPL=0 TSS64-busy
GDT=     000000001f5dc000 00000047
IDT=     000000001efa4018 00000fff
CR0=80010033 CR2=0000000000000000 CR3=000000001f801000 CR4=00000668
DR0=0000000000000000 DR1=0000000000000000 DR2=0000000000000000 DR3=0000000000000000 
DR6=00000000ffff0ff0 DR7=0000000000000400
CCS=0000000000000004 CCD=000000001fe65778 CCO=EFLAGS
EFER=0000000000000d00
Servicing hardware INT=0x20
   140: v=20 e=0000 i=0 cpl=0 IP=0038:000000001f6e6cfc pc=000000001f6e6cfc SP=0030:000000001fe656a0 env->regs[R_EAX]=0000000000000000
RAX=0000000000000000 RBX=00000000ffc018f0 RCX=0000000000000101 RDX=0000000000000000
RSI=0000000000000000 RDI=00000000ffc01907 RBP=000000001fe656d0 RSP=000000001fe656a0
R8 =00000000000008f0 R9 =000000001fe65798 R10=000000001f58b908 R11=000000001f6e6d92
R12=00000000ffc01907 R13=0000000000000000 R14=0000000000000018 R15=000000001fe65798
RIP=000000001f6e6cfc RFL=00000246 [---Z-P-] CPL=0 II=0 A20=1 SMM=0 HLT=0
ES =0030 0000000000000000 ffffffff 00cf9300 DPL=0 DS   [-WA]
CS =0038 0000000000000000 ffffffff 00af9a00 DPL=0 CS64 [-R-]
SS =0030 0000000000000000 ffffffff 00cf9300 DPL=0 DS   [-WA]
DS =0030 0000000000000000 ffffffff 00cf9300 DPL=0 DS   [-WA]
FS =0030 0000000000000000 ffffffff 00cf9300 DPL=0 DS   [-WA]
GS =0030 0000000000000000 ffffffff 00cf9300 DPL=0 DS   [-WA]
LDT=0000 0000000000000000 0000ffff 00008200 DPL=0 LDT
TR =0000 0000000000000000 0000ffff 00008b00 DPL=0 TSS64-busy
GDT=     000000001f5dc000 00000047
IDT=     000000001efa4018 00000fff
CR0=80010033 CR2=0000000000000000 CR3=000000001f801000 CR4=00000668
DR0=0000000000000000 DR1=0000000000000000 DR2=0000000000000000 DR3=0000000000000000 
DR6=00000000ffff0ff0 DR7=0000000000000400
CCS=0000000000000044 CCD=0000000000000000 CCO=EFLAGS
EFER=0000000000000d00
Servicing hardware INT=0x20
   141: v=20 e=0000 i=0 cpl=0 IP=0038:000000001e6d3862 pc=000000001e6d3862 SP=0030:000000001fe64ff0 env->regs[R_EAX]=000000000000015d
RAX=000000000000015d RBX=0000000000000064 RCX=000000000000b008 RDX=0000000000953f73
RSI=00000000009540d0 RDI=000000001e5b4bd4 RBP=000000001fe65020 RSP=000000001fe64ff0
R8 =000000001fe6500f R9 =000000000000c042 R10=0000000000000000 R11=0000000000000000
R12=000000000004baf1 R13=0000000000000011 R14=000000000000c040 R15=0000000000000000
RIP=000000001e6d3862 RFL=00000202 [-------] CPL=0 II=0 A20=1 SMM=0 HLT=0
ES =0030 0000000000000000 ffffffff 00cf9300 DPL=0 DS   [-WA]
CS =0038 0000000000000000 ffffffff 00af9a00 DPL=0 CS64 [-R-]
SS =0030 0000000000000000 ffffffff 00cf9300 DPL=0 DS   [-WA]
DS =0030 0000000000000000 ffffffff 00cf9300 DPL=0 DS   [-WA]
FS =0030 0000000000000000 ffffffff 00cf9300 DPL=0 DS   [-WA]
GS =0030 0000000000000000 ffffffff 00cf9300 DPL=0 DS   [-WA]
LDT=0000 0000000000000000 0000ffff 00008200 DPL=0 LDT
TR =0000 0000000000000000 0000ffff 00008b00 DPL=0 TSS64-busy
GDT=     000000001f5dc000 00000047
IDT=     000000001efa4018 00000fff
CR0=80010033 CR2=0000000000000000 CR3=000000001f801000 CR4=00000668
DR0=0000000000000000 DR1=0000000000000000 DR2=0000000000000000 DR3=0000000000000000 
DR6=00000000ffff0ff0 DR7=0000000000000400
CCS=0000000000000000 CCD=000000000000015d CCO=EFLAGS
EFER=0000000000000d00
Servicing hardware INT=0x20
   142: v=20 e=0000 i=0 cpl=0 IP=0038:000000001e6d3862 pc=000000001e6d3862 SP=0030:000000001fe64ff0 env->regs[R_EAX]=00000000000002c2
RAX=00000000000002c2 RBX=0000000000002710 RCX=000000000000b008 RDX=000000000095cad0
RSI=000000000095cd92 RDI=000000001e5b4bd4 RBP=000000001fe65020 RSP=000000001fe64ff0
R8 =000000001fe65040 R9 =00000000000003f6 R10=0000000000000000 R11=0000000000000000
R12=000000000000c042 R13=0000000000000011 R14=000000000000c040 R15=0000000000000000
RIP=000000001e6d3862 RFL=00000202 [-------] CPL=0 II=0 A20=1 SMM=0 HLT=0
ES =0030 0000000000000000 ffffffff 00cf9300 DPL=0 DS   [-WA]
CS =0038 0000000000000000 ffffffff 00af9a00 DPL=0 CS64 [-R-]
SS =0030 0000000000000000 ffffffff 00cf9300 DPL=0 DS   [-WA]
DS =0030 0000000000000000 ffffffff 00cf9300 DPL=0 DS   [-WA]
FS =0030 0000000000000000 ffffffff 00cf9300 DPL=0 DS   [-WA]
GS =0030 0000000000000000 ffffffff 00cf9300 DPL=0 DS   [-WA]
LDT=0000 0000000000000000 0000ffff 00008200 DPL=0 LDT
TR =0000 0000000000000000 0000ffff 00008b00 DPL=0 TSS64-busy
GDT=     000000001f5dc000 00000047
IDT=     000000001efa4018 00000fff
CR0=80010033 CR2=0000000000000000 CR3=000000001f801000 CR4=00000668
DR0=0000000000000000 DR1=0000000000000000 DR2=0000000000000000 DR3=0000000000000000 
DR6=00000000ffff0ff0 DR7=0000000000000400
CCS=0000000000000000 CCD=00000000000002c2 CCO=EFLAGS
EFER=0000000000000d00
Servicing hardware INT=0x20
   143: v=20 e=0000 i=0 cpl=0 IP=0038:000000001e6d3862 pc=000000001e6d3862 SP=0030:000000001fe64e40 env->regs[R_EAX]=0000000000001073
RAX=0000000000001073 RBX=0000000000002710 RCX=000000000000b008 RDX=0000000000965697
RSI=000000000096670a RDI=000000001e5b4bd4 RBP=000000001fe64e70 RSP=000000001fe64e40
R8 =000000001fe64e90 R9 =00000000000003f6 R10=0000000000000000 R11=0000000000000000
R12=000000000000c042 R13=0000000000000011 R14=000000000000c040 R15=0000000000000000
RIP=000000001e6d3862 RFL=00000202 [-------] CPL=0 II=0 A20=1 SMM=0 HLT=0
ES =0030 0000000000000000 ffffffff 00cf9300 DPL=0 DS   [-WA]
CS =0038 0000000000000000 ffffffff 00af9a00 DPL=0 CS64 [-R-]
SS =0030 0000000000000000 ffffffff 00cf9300 DPL=0 DS   [-WA]
DS =0030 0000000000000000 ffffffff 00cf9300 DPL=0 DS   [-WA]
FS =0030 0000000000000000 ffffffff 00cf9300 DPL=0 DS   [-WA]
GS =0030 0000000000000000 ffffffff 00cf9300 DPL=0 DS   [-WA]
LDT=0000 0000000000000000 0000ffff 00008200 DPL=0 LDT
TR =0000 0000000000000000 0000ffff 00008b00 DPL=0 TSS64-busy
GDT=     000000001f5dc000 00000047
IDT=     000000001efa4018 00000fff
CR0=80010033 CR2=0000000000000000 CR3=000000001f801000 CR4=00000668
DR0=0000000000000000 DR1=0000000000000000 DR2=0000000000000000 DR3=0000000000000000 
DR6=00000000ffff0ff0 DR7=0000000000000400
CCS=0000000000000000 CCD=0000000000001073 CCO=EFLAGS
EFER=0000000000000d00
Servicing hardware INT=0x20
   144: v=20 e=0000 i=0 cpl=0 IP=0038:000000001e6d3862 pc=000000001e6d3862 SP=0030:000000001fe64e40 env->regs[R_EAX]=0000000000002056
RAX=0000000000002056 RBX=0000000000002710 RCX=000000000000b008 RDX=000000000096e26a
RSI=00000000009702c0 RDI=000000001e5b4bd4 RBP=000000001fe64e70 RSP=000000001fe64e40
R8 =000000001fe64e90 R9 =00000000000003f6 R10=0000000000000000 R11=0000000000000000
R12=000000000000c042 R13=0000000000000011 R14=000000000000c040 R15=0000000000000000
RIP=000000001e6d3862 RFL=00000206 [-----P-] CPL=0 II=0 A20=1 SMM=0 HLT=0
ES =0030 0000000000000000 ffffffff 00cf9300 DPL=0 DS   [-WA]
CS =0038 0000000000000000 ffffffff 00af9a00 DPL=0 CS64 [-R-]
SS =0030 0000000000000000 ffffffff 00cf9300 DPL=0 DS   [-WA]
DS =0030 0000000000000000 ffffffff 00cf9300 DPL=0 DS   [-WA]
FS =0030 0000000000000000 ffffffff 00cf9300 DPL=0 DS   [-WA]
GS =0030 0000000000000000 ffffffff 00cf9300 DPL=0 DS   [-WA]
LDT=0000 0000000000000000 0000ffff 00008200 DPL=0 LDT
TR =0000 0000000000000000 0000ffff 00008b00 DPL=0 TSS64-busy
GDT=     000000001f5dc000 00000047
IDT=     000000001efa4018 00000fff
CR0=80010033 CR2=0000000000000000 CR3=000000001f801000 CR4=00000668
DR0=0000000000000000 DR1=0000000000000000 DR2=0000000000000000 DR3=0000000000000000 
DR6=00000000ffff0ff0 DR7=0000000000000400
CCS=0000000000000004 CCD=0000000000002056 CCO=EFLAGS
EFER=0000000000000d00
Servicing hardware INT=0x20
   145: v=20 e=0000 i=0 cpl=0 IP=0038:000000001e6d3862 pc=000000001e6d3862 SP=0030:000000001fe64fe0 env->regs[R_EAX]=0000000000002cdd
RAX=0000000000002cdd RBX=0000000000002710 RCX=000000000000b008 RDX=0000000000976eaa
RSI=0000000000979b87 RDI=000000001e5b4bd4 RBP=000000001fe65010 RSP=000000001fe64fe0
R8 =000000001fe65030 R9 =00000000000003f6 R10=0000000000000000 R11=0000000000000000
R12=000000000000c042 R13=0000000000000011 R14=000000000000c040 R15=0000000000000000
RIP=000000001e6d3862 RFL=00000206 [-----P-] CPL=0 II=0 A20=1 SMM=0 HLT=0
ES =0030 0000000000000000 ffffffff 00cf9300 DPL=0 DS   [-WA]
CS =0038 0000000000000000 ffffffff 00af9a00 DPL=0 CS64 [-R-]
SS =0030 0000000000000000 ffffffff 00cf9300 DPL=0 DS   [-WA]
DS =0030 0000000000000000 ffffffff 00cf9300 DPL=0 DS   [-WA]
FS =0030 0000000000000000 ffffffff 00cf9300 DPL=0 DS   [-WA]
GS =0030 0000000000000000 ffffffff 00cf9300 DPL=0 DS   [-WA]
LDT=0000 0000000000000000 0000ffff 00008200 DPL=0 LDT
TR =0000 0000000000000000 0000ffff 00008b00 DPL=0 TSS64-busy
GDT=     000000001f5dc000 00000047
IDT=     000000001efa4018 00000fff
CR0=80010033 CR2=0000000000000000 CR3=000000001f801000 CR4=00000668
DR0=0000000000000000 DR1=0000000000000000 DR2=0000000000000000 DR3=0000000000000000 
DR6=00000000ffff0ff0 DR7=0000000000000400
CCS=0000000000000004 CCD=0000000000002cdd CCO=EFLAGS
EFER=0000000000000d00
Servicing hardware INT=0x20
   146: v=20 e=0000 i=0 cpl=0 IP=0038:000000001e6d3862 pc=000000001e6d3862 SP=0030:000000001fe65450 env->regs[R_EAX]=0000000000004519
RAX=0000000000004519 RBX=0000000000002710 RCX=000000000000b008 RDX=000000000097fa1d
RSI=0000000000983f36 RDI=000000001e5b4bd4 RBP=000000001fe65480 RSP=000000001fe65450
R8 =000000001fe654a0 R9 =00000000000003f6 R10=0000000000000000 R11=0000000000000000
R12=000000000000c042 R13=0000000000000011 R14=000000000000c040 R15=0000000000000000
RIP=000000001e6d3862 RFL=00000202 [-------] CPL=0 II=0 A20=1 SMM=0 HLT=0
ES =0030 0000000000000000 ffffffff 00cf9300 DPL=0 DS   [-WA]
CS =0038 0000000000000000 ffffffff 00af9a00 DPL=0 CS64 [-R-]
SS =0030 0000000000000000 ffffffff 00cf9300 DPL=0 DS   [-WA]
DS =0030 0000000000000000 ffffffff 00cf9300 DPL=0 DS   [-WA]
FS =0030 0000000000000000 ffffffff 00cf9300 DPL=0 DS   [-WA]
GS =0030 0000000000000000 ffffffff 00cf9300 DPL=0 DS   [-WA]
LDT=0000 0000000000000000 0000ffff 00008200 DPL=0 LDT
TR =0000 0000000000000000 0000ffff 00008b00 DPL=0 TSS64-busy
GDT=     000000001f5dc000 00000047
IDT=     000000001efa4018 00000fff
CR0=80010033 CR2=0000000000000000 CR3=000000001f801000 CR4=00000668
DR0=0000000000000000 DR1=0000000000000000 DR2=0000000000000000 DR3=0000000000000000 
DR6=00000000ffff0ff0 DR7=0000000000000400
CCS=0000000000000000 CCD=0000000000004519 CCO=EFLAGS
EFER=0000000000000d00
Servicing hardware INT=0x20
   147: v=20 e=0000 i=0 cpl=0 IP=0038:000000001e6d3862 pc=000000001e6d3862 SP=0030:000000001fe64ac0 env->regs[R_EAX]=0000000000008b5f
RAX=0000000000008b5f RBX=0000000000002710 RCX=000000000000b008 RDX=000000000098be24
RSI=0000000000994983 RDI=000000001e5b4bd4 RBP=000000001fe64af0 RSP=000000001fe64ac0
R8 =000000001fe64b10 R9 =00000000000003f6 R10=0000000000000000 R11=0000000000000000
R12=000000000000c042 R13=0000000000000011 R14=000000000000c040 R15=0000000000000000
RIP=000000001e6d3862 RFL=00000206 [-----P-] CPL=0 II=0 A20=1 SMM=0 HLT=0
ES =0030 0000000000000000 ffffffff 00cf9300 DPL=0 DS   [-WA]
CS =0038 0000000000000000 ffffffff 00af9a00 DPL=0 CS64 [-R-]
SS =0030 0000000000000000 ffffffff 00cf9300 DPL=0 DS   [-WA]
DS =0030 0000000000000000 ffffffff 00cf9300 DPL=0 DS   [-WA]
FS =0030 0000000000000000 ffffffff 00cf9300 DPL=0 DS   [-WA]
GS =0030 0000000000000000 ffffffff 00cf9300 DPL=0 DS   [-WA]
LDT=0000 0000000000000000 0000ffff 00008200 DPL=0 LDT
TR =0000 0000000000000000 0000ffff 00008b00 DPL=0 TSS64-busy
GDT=     000000001f5dc000 00000047
IDT=     000000001efa4018 00000fff
CR0=80010033 CR2=0000000000000000 CR3=000000001f801000 CR4=00000668
DR0=0000000000000000 DR1=0000000000000000 DR2=0000000000000000 DR3=0000000000000000 
DR6=00000000ffff0ff0 DR7=0000000000000400
CCS=0000000000000004 CCD=0000000000008b5f CCO=EFLAGS
EFER=0000000000000d00
Servicing hardware INT=0x20
   148: v=20 e=0000 i=0 cpl=0 IP=0038:000000001e6d3862 pc=000000001e6d3862 SP=0030:000000001fe64ac0 env->regs[R_EAX]=00000000000029c9
RAX=00000000000029c9 RBX=0000000000002710 RCX=000000000000b008 RDX=0000000000991fba
RSI=0000000000994983 RDI=000000001e5b4bd4 RBP=000000001fe64af0 RSP=000000001fe64ac0
R8 =000000001fe64b10 R9 =00000000000003f6 R10=0000000000000000 R11=0000000000000000
R12=000000000000c042 R13=0000000000000011 R14=000000000000c040 R15=0000000000000000
RIP=000000001e6d3862 RFL=00000206 [-----P-] CPL=0 II=0 A20=1 SMM=0 HLT=0
ES =0030 0000000000000000 ffffffff 00cf9300 DPL=0 DS   [-WA]
CS =0038 0000000000000000 ffffffff 00af9a00 DPL=0 CS64 [-R-]
SS =0030 0000000000000000 ffffffff 00cf9300 DPL=0 DS   [-WA]
DS =0030 0000000000000000 ffffffff 00cf9300 DPL=0 DS   [-WA]
FS =0030 0000000000000000 ffffffff 00cf9300 DPL=0 DS   [-WA]
GS =0030 0000000000000000 ffffffff 00cf9300 DPL=0 DS   [-WA]
LDT=0000 0000000000000000 0000ffff 00008200 DPL=0 LDT
TR =0000 0000000000000000 0000ffff 00008b00 DPL=0 TSS64-busy
GDT=     000000001f5dc000 00000047
IDT=     000000001efa4018 00000fff
CR0=80010033 CR2=0000000000000000 CR3=000000001f801000 CR4=00000668
DR0=0000000000000000 DR1=0000000000000000 DR2=0000000000000000 DR3=0000000000000000 
DR6=00000000ffff0ff0 DR7=0000000000000400
CCS=0000000000000004 CCD=00000000000029c9 CCO=EFLAGS
EFER=0000000000000d00
Servicing hardware INT=0x20
   149: v=20 e=0000 i=0 cpl=0 IP=0038:000000001e6d3862 pc=000000001e6d3862 SP=0030:000000001fe64b20 env->regs[R_EAX]=00000000000051bc
RAX=00000000000051bc RBX=0000000000002710 RCX=000000000000b008 RDX=0000000000999ed5
RSI=000000000099f091 RDI=000000001e5b4bd4 RBP=000000001fe64b50 RSP=000000001fe64b20
R8 =000000001fe64b70 R9 =00000000000003f6 R10=0000000000000000 R11=0000000000000000
R12=000000000000c042 R13=0000000000000011 R14=000000000000c040 R15=0000000000000000
RIP=000000001e6d3862 RFL=00000202 [-------] CPL=0 II=0 A20=1 SMM=0 HLT=0
ES =0030 0000000000000000 ffffffff 00cf9300 DPL=0 DS   [-WA]
CS =0038 0000000000000000 ffffffff 00af9a00 DPL=0 CS64 [-R-]
SS =0030 0000000000000000 ffffffff 00cf9300 DPL=0 DS   [-WA]
DS =0030 0000000000000000 ffffffff 00cf9300 DPL=0 DS   [-WA]
FS =0030 0000000000000000 ffffffff 00cf9300 DPL=0 DS   [-WA]
GS =0030 0000000000000000 ffffffff 00cf9300 DPL=0 DS   [-WA]
LDT=0000 0000000000000000 0000ffff 00008200 DPL=0 LDT
TR =0000 0000000000000000 0000ffff 00008b00 DPL=0 TSS64-busy
GDT=     000000001f5dc000 00000047
IDT=     000000001efa4018 00000fff
CR0=80010033 CR2=0000000000000000 CR3=000000001f801000 CR4=00000668
DR0=0000000000000000 DR1=0000000000000000 DR2=0000000000000000 DR3=0000000000000000 
DR6=00000000ffff0ff0 DR7=0000000000000400
CCS=0000000000000000 CCD=00000000000051bc CCO=EFLAGS
EFER=0000000000000d00
Servicing hardware INT=0x20
   150: v=20 e=0000 i=0 cpl=0 IP=0038:000000001e6d3862 pc=000000001e6d3862 SP=0030:000000001fe64ac0 env->regs[R_EAX]=0000000000006b1a
RAX=0000000000006b1a RBX=0000000000002710 RCX=000000000000b008 RDX=00000000009a28e8
RSI=00000000009a9402 RDI=000000001e5b4bd4 RBP=000000001fe64af0 RSP=000000001fe64ac0
R8 =000000001fe64b10 R9 =00000000000003f6 R10=0000000000000000 R11=0000000000000000
R12=000000000000c042 R13=0000000000000011 R14=000000000000c040 R15=0000000000000000
RIP=000000001e6d3862 RFL=00000202 [-------] CPL=0 II=0 A20=1 SMM=0 HLT=0
ES =0030 0000000000000000 ffffffff 00cf9300 DPL=0 DS   [-WA]
CS =0038 0000000000000000 ffffffff 00af9a00 DPL=0 CS64 [-R-]
SS =0030 0000000000000000 ffffffff 00cf9300 DPL=0 DS   [-WA]
DS =0030 0000000000000000 ffffffff 00cf9300 DPL=0 DS   [-WA]
FS =0030 0000000000000000 ffffffff 00cf9300 DPL=0 DS   [-WA]
GS =0030 0000000000000000 ffffffff 00cf9300 DPL=0 DS   [-WA]
LDT=0000 0000000000000000 0000ffff 00008200 DPL=0 LDT
TR =0000 0000000000000000 0000ffff 00008b00 DPL=0 TSS64-busy
GDT=     000000001f5dc000 00000047
IDT=     000000001efa4018 00000fff
CR0=80010033 CR2=0000000000000000 CR3=000000001f801000 CR4=00000668
DR0=0000000000000000 DR1=0000000000000000 DR2=0000000000000000 DR3=0000000000000000 
DR6=00000000ffff0ff0 DR7=0000000000000400
CCS=0000000000000000 CCD=0000000000006b1a CCO=EFLAGS
EFER=0000000000000d00
Servicing hardware INT=0x20
   151: v=20 e=0000 i=0 cpl=0 IP=0038:000000001e6d3862 pc=000000001e6d3862 SP=0030:000000001fe64ff0 env->regs[R_EAX]=00000000000000e2
RAX=00000000000000e2 RBX=0000000000000064 RCX=000000000000b008 RDX=00000000009ab06b
RSI=00000000009ab14d RDI=000000001e5b4bd4 RBP=000000001fe65020 RSP=000000001fe64ff0
R8 =000000001fe6500f R9 =000000000000c042 R10=0000000000000000 R11=0000000000000000
R12=000000000004baf1 R13=0000000000000011 R14=000000000000c040 R15=0000000000000000
RIP=000000001e6d3862 RFL=00000206 [-----P-] CPL=0 II=0 A20=1 SMM=0 HLT=0
ES =0030 0000000000000000 ffffffff 00cf9300 DPL=0 DS   [-WA]
CS =0038 0000000000000000 ffffffff 00af9a00 DPL=0 CS64 [-R-]
SS =0030 0000000000000000 ffffffff 00cf9300 DPL=0 DS   [-WA]
DS =0030 0000000000000000 ffffffff 00cf9300 DPL=0 DS   [-WA]
FS =0030 0000000000000000 ffffffff 00cf9300 DPL=0 DS   [-WA]
GS =0030 0000000000000000 ffffffff 00cf9300 DPL=0 DS   [-WA]
LDT=0000 0000000000000000 0000ffff 00008200 DPL=0 LDT
TR =0000 0000000000000000 0000ffff 00008b00 DPL=0 TSS64-busy
GDT=     000000001f5dc000 00000047
IDT=     000000001efa4018 00000fff
CR0=80010033 CR2=0000000000000000 CR3=000000001f801000 CR4=00000668
DR0=0000000000000000 DR1=0000000000000000 DR2=0000000000000000 DR3=0000000000000000 
DR6=00000000ffff0ff0 DR7=0000000000000400
CCS=0000000000000004 CCD=00000000000000e2 CCO=EFLAGS
EFER=0000000000000d00
Servicing hardware INT=0x20
   152: v=20 e=0000 i=0 cpl=0 IP=0038:000000001e6d3862 pc=000000001e6d3862 SP=0030:000000001fe64e40 env->regs[R_EAX]=00000000000000df
RAX=00000000000000df RBX=0000000000000064 RCX=000000000000b008 RDX=00000000009b4bdc
RSI=00000000009b4cbb RDI=000000001e5b4bd4 RBP=000000001fe64e70 RSP=000000001fe64e40
R8 =000000001fe64e5f R9 =000000000000c042 R10=0000000000000000 R11=0000000000000000
R12=000000000004baf1 R13=0000000000000011 R14=000000000000c040 R15=0000000000000000
RIP=000000001e6d3862 RFL=00000202 [-------] CPL=0 II=0 A20=1 SMM=0 HLT=0
ES =0030 0000000000000000 ffffffff 00cf9300 DPL=0 DS   [-WA]
CS =0038 0000000000000000 ffffffff 00af9a00 DPL=0 CS64 [-R-]
SS =0030 0000000000000000 ffffffff 00cf9300 DPL=0 DS   [-WA]
DS =0030 0000000000000000 ffffffff 00cf9300 DPL=0 DS   [-WA]
FS =0030 0000000000000000 ffffffff 00cf9300 DPL=0 DS   [-WA]
GS =0030 0000000000000000 ffffffff 00cf9300 DPL=0 DS   [-WA]
LDT=0000 0000000000000000 0000ffff 00008200 DPL=0 LDT
TR =0000 0000000000000000 0000ffff 00008b00 DPL=0 TSS64-busy
GDT=     000000001f5dc000 00000047
IDT=     000000001efa4018 00000fff
CR0=80010033 CR2=0000000000000000 CR3=000000001f801000 CR4=00000668
DR0=0000000000000000 DR1=0000000000000000 DR2=0000000000000000 DR3=0000000000000000 
DR6=00000000ffff0ff0 DR7=0000000000000400
CCS=0000000000000000 CCD=00000000000000df CCO=EFLAGS
EFER=0000000000000d00
Servicing hardware INT=0x20
   153: v=20 e=0000 i=0 cpl=0 IP=0038:000000001e6d3862 pc=000000001e6d3862 SP=0030:000000001fe64e40 env->regs[R_EAX]=0000000000000d7b
RAX=0000000000000d7b RBX=0000000000002710 RCX=000000000000b008 RDX=00000000009bcd2c
RSI=00000000009bdaa7 RDI=000000001e5b4bd4 RBP=000000001fe64e70 RSP=000000001fe64e40
R8 =000000001fe64e90 R9 =00000000000003f6 R10=0000000000000000 R11=0000000000000000
R12=000000000000c042 R13=0000000000000011 R14=000000000000c040 R15=0000000000000000
RIP=000000001e6d3862 RFL=00000206 [-----P-] CPL=0 II=0 A20=1 SMM=0 HLT=0
ES =0030 0000000000000000 ffffffff 00cf9300 DPL=0 DS   [-WA]
CS =0038 0000000000000000 ffffffff 00af9a00 DPL=0 CS64 [-R-]
SS =0030 0000000000000000 ffffffff 00cf9300 DPL=0 DS   [-WA]
DS =0030 0000000000000000 ffffffff 00cf9300 DPL=0 DS   [-WA]
FS =0030 0000000000000000 ffffffff 00cf9300 DPL=0 DS   [-WA]
GS =0030 0000000000000000 ffffffff 00cf9300 DPL=0 DS   [-WA]
LDT=0000 0000000000000000 0000ffff 00008200 DPL=0 LDT
TR =0000 0000000000000000 0000ffff 00008b00 DPL=0 TSS64-busy
GDT=     000000001f5dc000 00000047
IDT=     000000001efa4018 00000fff
CR0=80010033 CR2=0000000000000000 CR3=000000001f801000 CR4=00000668
DR0=0000000000000000 DR1=0000000000000000 DR2=0000000000000000 DR3=0000000000000000 
DR6=00000000ffff0ff0 DR7=0000000000000400
CCS=0000000000000004 CCD=0000000000000d7b CCO=EFLAGS
EFER=0000000000000d00
Servicing hardware INT=0x20
   154: v=20 e=0000 i=0 cpl=0 IP=0038:000000001e6d3862 pc=000000001e6d3862 SP=0030:000000001fe64e40 env->regs[R_EAX]=0000000000002875
RAX=0000000000002875 RBX=0000000000002710 RCX=000000000000b008 RDX=00000000009c4de0
RSI=00000000009c7655 RDI=000000001e5b4bd4 RBP=000000001fe64e70 RSP=000000001fe64e40
R8 =000000001fe64e90 R9 =00000000000003f6 R10=0000000000000000 R11=0000000000000000
R12=000000000000c042 R13=0000000000000011 R14=000000000000c040 R15=0000000000000000
RIP=000000001e6d3862 RFL=00000202 [-------] CPL=0 II=0 A20=1 SMM=0 HLT=0
ES =0030 0000000000000000 ffffffff 00cf9300 DPL=0 DS   [-WA]
CS =0038 0000000000000000 ffffffff 00af9a00 DPL=0 CS64 [-R-]
SS =0030 0000000000000000 ffffffff 00cf9300 DPL=0 DS   [-WA]
DS =0030 0000000000000000 ffffffff 00cf9300 DPL=0 DS   [-WA]
FS =0030 0000000000000000 ffffffff 00cf9300 DPL=0 DS   [-WA]
GS =0030 0000000000000000 ffffffff 00cf9300 DPL=0 DS   [-WA]
LDT=0000 0000000000000000 0000ffff 00008200 DPL=0 LDT
TR =0000 0000000000000000 0000ffff 00008b00 DPL=0 TSS64-busy
GDT=     000000001f5dc000 00000047
IDT=     000000001efa4018 00000fff
CR0=80010033 CR2=0000000000000000 CR3=000000001f801000 CR4=00000668
DR0=0000000000000000 DR1=0000000000000000 DR2=0000000000000000 DR3=0000000000000000 
DR6=00000000ffff0ff0 DR7=0000000000000400
CCS=0000000000000000 CCD=0000000000002875 CCO=EFLAGS
EFER=0000000000000d00
Servicing hardware INT=0x20
   155: v=20 e=0000 i=0 cpl=0 IP=0038:000000001e6d3862 pc=000000001e6d3862 SP=0030:000000001fe64fe0 env->regs[R_EAX]=0000000000001cc2
RAX=0000000000001cc2 RBX=0000000000002710 RCX=000000000000b008 RDX=00000000009cf205
RSI=00000000009d0ec7 RDI=000000001e5b4bd4 RBP=000000001fe65010 RSP=000000001fe64fe0
R8 =000000001fe65030 R9 =00000000000003f6 R10=0000000000000000 R11=0000000000000000
R12=000000000000c042 R13=0000000000000011 R14=000000000000c040 R15=0000000000000000
RIP=000000001e6d3862 RFL=00000202 [-------] CPL=0 II=0 A20=1 SMM=0 HLT=0
ES =0030 0000000000000000 ffffffff 00cf9300 DPL=0 DS   [-WA]
CS =0038 0000000000000000 ffffffff 00af9a00 DPL=0 CS64 [-R-]
SS =0030 0000000000000000 ffffffff 00cf9300 DPL=0 DS   [-WA]
DS =0030 0000000000000000 ffffffff 00cf9300 DPL=0 DS   [-WA]
FS =0030 0000000000000000 ffffffff 00cf9300 DPL=0 DS   [-WA]
GS =0030 0000000000000000 ffffffff 00cf9300 DPL=0 DS   [-WA]
LDT=0000 0000000000000000 0000ffff 00008200 DPL=0 LDT
TR =0000 0000000000000000 0000ffff 00008b00 DPL=0 TSS64-busy
GDT=     000000001f5dc000 00000047
IDT=     000000001efa4018 00000fff
CR0=80010033 CR2=0000000000000000 CR3=000000001f801000 CR4=00000668
DR0=0000000000000000 DR1=0000000000000000 DR2=0000000000000000 DR3=0000000000000000 
DR6=00000000ffff0ff0 DR7=0000000000000400
CCS=0000000000000000 CCD=0000000000001cc2 CCO=EFLAGS
EFER=0000000000000d00
Servicing hardware INT=0x20
   156: v=20 e=0000 i=0 cpl=0 IP=0038:000000001e6d3862 pc=000000001e6d3862 SP=0030:000000001fe65450 env->regs[R_EAX]=00000000000040bc
RAX=00000000000040bc RBX=0000000000002710 RCX=000000000000b008 RDX=00000000009d7055
RSI=00000000009db111 RDI=000000001e5b4bd4 RBP=000000001fe65480 RSP=000000001fe65450
R8 =000000001fe654a0 R9 =00000000000003f6 R10=0000000000000000 R11=0000000000000000
R12=000000000000c042 R13=0000000000000011 R14=000000000000c040 R15=0000000000000000
RIP=000000001e6d3862 RFL=00000202 [-------] CPL=0 II=0 A20=1 SMM=0 HLT=0
ES =0030 0000000000000000 ffffffff 00cf9300 DPL=0 DS   [-WA]
CS =0038 0000000000000000 ffffffff 00af9a00 DPL=0 CS64 [-R-]
SS =0030 0000000000000000 ffffffff 00cf9300 DPL=0 DS   [-WA]
DS =0030 0000000000000000 ffffffff 00cf9300 DPL=0 DS   [-WA]
FS =0030 0000000000000000 ffffffff 00cf9300 DPL=0 DS   [-WA]
GS =0030 0000000000000000 ffffffff 00cf9300 DPL=0 DS   [-WA]
LDT=0000 0000000000000000 0000ffff 00008200 DPL=0 LDT
TR =0000 0000000000000000 0000ffff 00008b00 DPL=0 TSS64-busy
GDT=     000000001f5dc000 00000047
IDT=     000000001efa4018 00000fff
CR0=80010033 CR2=0000000000000000 CR3=000000001f801000 CR4=00000668
DR0=0000000000000000 DR1=0000000000000000 DR2=0000000000000000 DR3=0000000000000000 
DR6=00000000ffff0ff0 DR7=0000000000000400
CCS=0000000000000000 CCD=00000000000040bc CCO=EFLAGS
EFER=0000000000000d00
Servicing hardware INT=0x20
   157: v=20 e=0000 i=0 cpl=0 IP=0038:000000001eb56266 pc=000000001eb56266 SP=0030:000000001fe64d78 env->regs[R_EAX]=000000001eb6ba80
RAX=000000001eb6ba80 RBX=0000000000000010 RCX=000000001eb6ba80 RDX=abd7f02e4201db00
RSI=000000001de47000 RDI=0000000000000001 RBP=000000001fe64db0 RSP=000000001fe64d78
R8 =000000001de47000 R9 =000000001de55fff R10=000000001de55118 R11=000000001de55118
R12=000000000000001f R13=0000000000000007 R14=000000000002600f R15=000000001de55fff
RIP=000000001eb56266 RFL=00000202 [-------] CPL=0 II=0 A20=1 SMM=0 HLT=0
ES =0030 0000000000000000 ffffffff 00cf9300 DPL=0 DS   [-WA]
CS =0038 0000000000000000 ffffffff 00af9a00 DPL=0 CS64 [-R-]
SS =0030 0000000000000000 ffffffff 00cf9300 DPL=0 DS   [-WA]
DS =0030 0000000000000000 ffffffff 00cf9300 DPL=0 DS   [-WA]
FS =0030 0000000000000000 ffffffff 00cf9300 DPL=0 DS   [-WA]
GS =0030 0000000000000000 ffffffff 00cf9300 DPL=0 DS   [-WA]
LDT=0000 0000000000000000 0000ffff 00008200 DPL=0 LDT
TR =0000 0000000000000000 0000ffff 00008b00 DPL=0 TSS64-busy
GDT=     000000001f5dc000 00000047
IDT=     000000001efa4018 00000fff
CR0=80010033 CR2=0000000000000000 CR3=000000001f801000 CR4=00000668
DR0=0000000000000000 DR1=0000000000000000 DR2=0000000000000000 DR3=0000000000000000 
DR6=00000000ffff0ff0 DR7=0000000000000400
CCS=0000000000000020 CCD=000000001fe64d80 CCO=SUBQ
EFER=0000000000000d00
Servicing hardware INT=0x20
   158: v=20 e=0000 i=0 cpl=0 IP=0038:000000001fe82e8c pc=000000001fe82e8c SP=0030:000000001fe651f0 env->regs[R_EAX]=00000000000000af
RAX=00000000000000af RBX=000000001fe8c0a0 RCX=0000000000000000 RDX=000000001dd5d018
RSI=000000001fe8bb60 RDI=000000001dd6bd98 RBP=000000001fe65280 RSP=000000001fe651f0
R8 =00000000000000af R9 =000000000000f000 R10=0000000000000000 R11=0000000000000063
R12=000000000000eda8 R13=000000000000ed80 R14=000000001dd5d018 R15=000000001dd5d000
RIP=000000001fe82e8c RFL=00000206 [-----P-] CPL=0 II=0 A20=1 SMM=0 HLT=0
ES =0030 0000000000000000 ffffffff 00cf9300 DPL=0 DS   [-WA]
CS =0038 0000000000000000 ffffffff 00af9a00 DPL=0 CS64 [-R-]
SS =0030 0000000000000000 ffffffff 00cf9300 DPL=0 DS   [-WA]
DS =0030 0000000000000000 ffffffff 00cf9300 DPL=0 DS   [-WA]
FS =0030 0000000000000000 ffffffff 00cf9300 DPL=0 DS   [-WA]
GS =0030 0000000000000000 ffffffff 00cf9300 DPL=0 DS   [-WA]
LDT=0000 0000000000000000 0000ffff 00008200 DPL=0 LDT
TR =0000 0000000000000000 0000ffff 00008b00 DPL=0 TSS64-busy
GDT=     000000001f5dc000 00000047
IDT=     000000001efa4018 00000fff
CR0=80010033 CR2=0000000000000000 CR3=000000001f801000 CR4=00000668
DR0=0000000000000000 DR1=0000000000000000 DR2=0000000000000000 DR3=0000000000000000 
DR6=00000000ffff0ff0 DR7=0000000000000400
CCS=0000000000000004 CCD=000000001fe651d8 CCO=EFLAGS
EFER=0000000000000d00
Servicing hardware INT=0x20
   159: v=20 e=0000 i=0 cpl=0 IP=0038:000000001eb1e785 pc=000000001eb1e785 SP=0030:000000001fe65280 env->regs[R_EAX]=000000001fe652fa
RAX=000000001fe652fa RBX=000000001de58520 RCX=0000000000000000 RDX=000000001e72d036
RSI=0000000000000034 RDI=00000000000000f2 RBP=000000001fe65370 RSP=000000001fe65280
R8 =0000000000000006 R9 =000000001e72d04b R10=000000001e7a1798 R11=000000001e7aa698
R12=000000001de586e2 R13=000000001de678b9 R14=000000001e7aa6b8 R15=000000001e7a17a8
RIP=000000001eb1e785 RFL=00000203 [------C] CPL=0 II=0 A20=1 SMM=0 HLT=0
ES =0030 0000000000000000 ffffffff 00cf9300 DPL=0 DS   [-WA]
CS =0038 0000000000000000 ffffffff 00af9a00 DPL=0 CS64 [-R-]
SS =0030 0000000000000000 ffffffff 00cf9300 DPL=0 DS   [-WA]
DS =0030 0000000000000000 ffffffff 00cf9300 DPL=0 DS   [-WA]
FS =0030 0000000000000000 ffffffff 00cf9300 DPL=0 DS   [-WA]
GS =0030 0000000000000000 ffffffff 00cf9300 DPL=0 DS   [-WA]
LDT=0000 0000000000000000 0000ffff 00008200 DPL=0 LDT
TR =0000 0000000000000000 0000ffff 00008b00 DPL=0 TSS64-busy
GDT=     000000001f5dc000 00000047
IDT=     000000001efa4018 00000fff
CR0=80010033 CR2=0000000000000000 CR3=000000001f801000 CR4=00000668
DR0=0000000000000000 DR1=0000000000000000 DR2=0000000000000000 DR3=0000000000000000 
DR6=00000000ffff0ff0 DR7=0000000000000400
CCS=0000000000000001 CCD=0000000000000002 CCO=EFLAGS
EFER=0000000000000d00
Servicing hardware INT=0x20
   160: v=20 e=0000 i=0 cpl=0 IP=0038:000000001dc9c748 pc=000000001dc9c748 SP=0030:000000001fe65870 env->regs[R_EAX]=fffffffffffffff4
RAX=fffffffffffffff4 RBX=000000001e660598 RCX=000000001e718120 RDX=000000000000004d
RSI=000000001dd6a5a0 RDI=000000001dcec8c0 RBP=000000001fe658b0 RSP=000000001fe65870
R8 =000000001e660498 R9 =0000000000000000 R10=000000001e718120 R11=0000000000000041
R12=000000001dcfd05a R13=0000000000000021 R14=0000000000000001 R15=0000000000000000
RIP=000000001dc9c748 RFL=00000293 [--S-A-C] CPL=0 II=0 A20=1 SMM=0 HLT=0
ES =0030 0000000000000000 ffffffff 00cf9300 DPL=0 DS   [-WA]
CS =0038 0000000000000000 ffffffff 00af9a00 DPL=0 CS64 [-R-]
SS =0030 0000000000000000 ffffffff 00cf9300 DPL=0 DS   [-WA]
DS =0030 0000000000000000 ffffffff 00cf9300 DPL=0 DS   [-WA]
FS =0030 0000000000000000 ffffffff 00cf9300 DPL=0 DS   [-WA]
GS =0030 0000000000000000 ffffffff 00cf9300 DPL=0 DS   [-WA]
LDT=0000 0000000000000000 0000ffff 00008200 DPL=0 LDT
TR =0000 0000000000000000 0000ffff 00008b00 DPL=0 TSS64-busy
GDT=     000000001f5dc000 00000047
IDT=     000000001efa4018 00000fff
CR0=80010033 CR2=0000000000000000 CR3=000000001f801000 CR4=00000668
DR0=0000000000000000 DR1=0000000000000000 DR2=0000000000000000 DR3=0000000000000000 
DR6=00000000ffff0ff0 DR7=0000000000000400
CCS=0000000000000091 CCD=fffffffffffffff4 CCO=EFLAGS
EFER=0000000000000d00
Servicing hardware INT=0x20
   161: v=20 e=0000 i=0 cpl=0 IP=0038:000000001fe82e8c pc=000000001fe82e8c SP=0030:000000001fe654d0 env->regs[R_EAX]=00000000000000af
RAX=00000000000000af RBX=000000001fe8c0a0 RCX=0000000000000000 RDX=000000001de2d018
RSI=000000001fe8bb60 RDI=000000001de30018 RBP=000000001fe65560 RSP=000000001fe654d0
R8 =00000000000000af R9 =0000000000004000 R10=000000001de5005a R11=0000000000000045
R12=0000000000003028 R13=0000000000003000 R14=000000001de2d018 R15=000000001de2d000
RIP=000000001fe82e8c RFL=00000206 [-----P-] CPL=0 II=0 A20=1 SMM=0 HLT=0
ES =0030 0000000000000000 ffffffff 00cf9300 DPL=0 DS   [-WA]
CS =0038 0000000000000000 ffffffff 00af9a00 DPL=0 CS64 [-R-]
SS =0030 0000000000000000 ffffffff 00cf9300 DPL=0 DS   [-WA]
DS =0030 0000000000000000 ffffffff 00cf9300 DPL=0 DS   [-WA]
FS =0030 0000000000000000 ffffffff 00cf9300 DPL=0 DS   [-WA]
GS =0030 0000000000000000 ffffffff 00cf9300 DPL=0 DS   [-WA]
LDT=0000 0000000000000000 0000ffff 00008200 DPL=0 LDT
TR =0000 0000000000000000 0000ffff 00008b00 DPL=0 TSS64-busy
GDT=     000000001f5dc000 00000047
IDT=     000000001efa4018 00000fff
CR0=80010033 CR2=0000000000000000 CR3=000000001f801000 CR4=00000668
DR0=0000000000000000 DR1=0000000000000000 DR2=0000000000000000 DR3=0000000000000000 
DR6=00000000ffff0ff0 DR7=0000000000000400
CCS=0000000000000004 CCD=000000001fe654b8 CCO=EFLAGS
EFER=0000000000000d00
Servicing hardware INT=0x20
   162: v=20 e=0000 i=0 cpl=0 IP=0038:000000001dc86b91 pc=000000001dc86b91 SP=0030:000000001fe65738 env->regs[R_EAX]=000000001dd04220
RAX=000000001dd04220 RBX=000000001fe65760 RCX=000000001dcf715a RDX=000000001de53698
RSI=000000001fe65768 RDI=000000001de50518 RBP=000000001fe65790 RSP=000000001fe65738
R8 =0000000000000000 R9 =000000001e4bfa5f R10=0000000000000001 R11=000000001de50520
R12=000000001dcf715a R13=000000001dcfd05a R14=0000000000000000 R15=000000001dcebb00
RIP=000000001dc86b91 RFL=00000202 [-------] CPL=0 II=0 A20=1 SMM=0 HLT=0
ES =0030 0000000000000000 ffffffff 00cf9300 DPL=0 DS   [-WA]
CS =0038 0000000000000000 ffffffff 00af9a00 DPL=0 CS64 [-R-]
SS =0030 0000000000000000 ffffffff 00cf9300 DPL=0 DS   [-WA]
DS =0030 0000000000000000 ffffffff 00cf9300 DPL=0 DS   [-WA]
FS =0030 0000000000000000 ffffffff 00cf9300 DPL=0 DS   [-WA]
GS =0030 0000000000000000 ffffffff 00cf9300 DPL=0 DS   [-WA]
LDT=0000 0000000000000000 0000ffff 00008200 DPL=0 LDT
TR =0000 0000000000000000 0000ffff 00008b00 DPL=0 TSS64-busy
GDT=     000000001f5dc000 00000047
IDT=     000000001efa4018 00000fff
CR0=80010033 CR2=0000000000000000 CR3=000000001f801000 CR4=00000668
DR0=0000000000000000 DR1=0000000000000000 DR2=0000000000000000 DR3=0000000000000000 
DR6=00000000ffff0ff0 DR7=0000000000000400
CCS=0000000000000000 CCD=0000000000000001 CCO=EFLAGS
EFER=0000000000000d00
Servicing hardware INT=0x20
   163: v=20 e=0000 i=0 cpl=0 IP=0038:000000001e6b93bd pc=000000001e6b93bd SP=0030:000000001fe65380 env->regs[R_EAX]=0000000000000060
RAX=0000000000000060 RBX=000000001e5c0c18 RCX=00000000000003fd RDX=00000000000003fd
RSI=0000000000000005 RDI=000000001e5c0c18 RBP=000000001fe653d0 RSP=000000001fe65380
R8 =0000000000000003 R9 =00000000000003fd R10=0000000000000002 R11=000000001ddf7028
R12=000000001fe65548 R13=0000000000000000 R14=000000001fe6543f R15=000000001fe65545
RIP=000000001e6b93bd RFL=00000293 [--S-A-C] CPL=0 II=0 A20=1 SMM=0 HLT=0
ES =0030 0000000000000000 ffffffff 00cf9300 DPL=0 DS   [-WA]
CS =0038 0000000000000000 ffffffff 00af9a00 DPL=0 CS64 [-R-]
SS =0030 0000000000000000 ffffffff 00cf9300 DPL=0 DS   [-WA]
DS =0030 0000000000000000 ffffffff 00cf9300 DPL=0 DS   [-WA]
FS =0030 0000000000000000 ffffffff 00cf9300 DPL=0 DS   [-WA]
GS =0030 0000000000000000 ffffffff 00cf9300 DPL=0 DS   [-WA]
LDT=0000 0000000000000000 0000ffff 00008200 DPL=0 LDT
TR =0000 0000000000000000 0000ffff 00008b00 DPL=0 TSS64-busy
GDT=     000000001f5dc000 00000047
IDT=     000000001efa4018 00000fff
CR0=80010033 CR2=0000000000000000 CR3=000000001f801000 CR4=00000668
DR0=0000000000000000 DR1=0000000000000000 DR2=0000000000000000 DR3=0000000000000000 
DR6=00000000ffff0ff0 DR7=0000000000000400
CCS=0000000000000091 CCD=fffffffffffffffe CCO=EFLAGS
EFER=0000000000000d00
Servicing hardware INT=0x20
   164: v=20 e=0000 i=0 cpl=0 IP=0038:000000001fe71ae6 pc=000000001fe71ae6 SP=0030:000000001fe64d30 env->regs[R_EAX]=0000000000000030
RAX=0000000000000030 RBX=000000001fe8c0a0 RCX=0000000000000010 RDX=000000001fe86430
RSI=000000001fe64e3c RDI=0000000000000004 RBP=000000001fe64da0 RSP=000000001fe64d30
R8 =000000001de52398 R9 =0000000000000008 R10=0000000000000000 R11=0000000000000000
R12=0000000000000030 R13=000000001de52380 R14=000000001fe64e3c R15=000000001de52398
RIP=000000001fe71ae6 RFL=00000202 [-------] CPL=0 II=0 A20=1 SMM=0 HLT=0
ES =0030 0000000000000000 ffffffff 00cf9300 DPL=0 DS   [-WA]
CS =0038 0000000000000000 ffffffff 00af9a00 DPL=0 CS64 [-R-]
SS =0030 0000000000000000 ffffffff 00cf9300 DPL=0 DS   [-WA]
DS =0030 0000000000000000 ffffffff 00cf9300 DPL=0 DS   [-WA]
FS =0030 0000000000000000 ffffffff 00cf9300 DPL=0 DS   [-WA]
GS =0030 0000000000000000 ffffffff 00cf9300 DPL=0 DS   [-WA]
LDT=0000 0000000000000000 0000ffff 00008200 DPL=0 LDT
TR =0000 0000000000000000 0000ffff 00008b00 DPL=0 TSS64-busy
GDT=     000000001f5dc000 00000047
IDT=     000000001efa4018 00000fff
CR0=80010033 CR2=0000000000000000 CR3=000000001f801000 CR4=00000668
DR0=0000000000000000 DR1=0000000000000000 DR2=0000000000000000 DR3=0000000000000000 
DR6=00000000ffff0ff0 DR7=0000000000000400
CCS=0000000000000000 CCD=000000001fe64d10 CCO=EFLAGS
EFER=0000000000000d00
Servicing hardware INT=0x20
   165: v=20 e=0000 i=0 cpl=0 IP=0038:000000001dce1722 pc=000000001dce1722 SP=0030:000000001fe654c0 env->regs[R_EAX]=000000001fe6567a
RAX=000000001fe6567a RBX=0000000000000140 RCX=000000001dcf6eee RDX=0000000000000140
RSI=0000000000000013 RDI=000000001fe6567a RBP=000000001fe655b0 RSP=000000001fe654c0
R8 =000000001fe65668 R9 =000000001fe65668 R10=0000000000000000 R11=000000001fe65070
R12=0000000000000013 R13=000000001fe65668 R14=0000000000000000 R15=0000000000000001
RIP=000000001dce1722 RFL=00000283 [--S---C] CPL=0 II=0 A20=1 SMM=0 HLT=0
ES =0030 0000000000000000 ffffffff 00cf9300 DPL=0 DS   [-WA]
CS =0038 0000000000000000 ffffffff 00af9a00 DPL=0 CS64 [-R-]
SS =0030 0000000000000000 ffffffff 00cf9300 DPL=0 DS   [-WA]
DS =0030 0000000000000000 ffffffff 00cf9300 DPL=0 DS   [-WA]
FS =0030 0000000000000000 ffffffff 00cf9300 DPL=0 DS   [-WA]
GS =0030 0000000000000000 ffffffff 00cf9300 DPL=0 DS   [-WA]
LDT=0000 0000000000000000 0000ffff 00008200 DPL=0 LDT
TR =0000 0000000000000000 0000ffff 00008b00 DPL=0 TSS64-busy
GDT=     000000001f5dc000 00000047
IDT=     000000001efa4018 00000fff
CR0=80010033 CR2=0000000000000000 CR3=000000001f801000 CR4=00000668
DR0=0000000000000000 DR1=0000000000000000 DR2=0000000000000000 DR3=0000000000000000 
DR6=00000000ffff0ff0 DR7=0000000000000400
CCS=0000000000000081 CCD=0000000000000001 CCO=EFLAGS
EFER=0000000000000d00
Servicing hardware INT=0x20
   166: v=20 e=0000 i=0 cpl=0 IP=0038:000000001f6cba4c pc=000000001f6cba4c SP=0030:000000001fe655a0 env->regs[R_EAX]=00000000000000ff
RAX=00000000000000ff RBX=0000000000000000 RCX=0000000000000000 RDX=000000001eac1018
RSI=000000001f5cb198 RDI=000000001eb01018 RBP=000000001fe65670 RSP=000000001fe655a0
R8 =00000000000000ff R9 =0000000000000000 R10=000000001f58b9a0 R11=000000001fe65680
R12=000000001fe656d0 R13=000000001fe656d0 R14=0000000000000000 R15=000000001eac1018
RIP=000000001f6cba4c RFL=00000206 [-----P-] CPL=0 II=0 A20=1 SMM=0 HLT=0
ES =0030 0000000000000000 ffffffff 00cf9300 DPL=0 DS   [-WA]
CS =0038 0000000000000000 ffffffff 00af9a00 DPL=0 CS64 [-R-]
SS =0030 0000000000000000 ffffffff 00cf9300 DPL=0 DS   [-WA]
DS =0030 0000000000000000 ffffffff 00cf9300 DPL=0 DS   [-WA]
FS =0030 0000000000000000 ffffffff 00cf9300 DPL=0 DS   [-WA]
GS =0030 0000000000000000 ffffffff 00cf9300 DPL=0 DS   [-WA]
LDT=0000 0000000000000000 0000ffff 00008200 DPL=0 LDT
TR =0000 0000000000000000 0000ffff 00008b00 DPL=0 TSS64-busy
GDT=     000000001f5dc000 00000047
IDT=     000000001efa4018 00000fff
CR0=80010033 CR2=0000000000000000 CR3=000000001f801000 CR4=00000668
DR0=0000000000000000 DR1=0000000000000000 DR2=0000000000000000 DR3=0000000000000000 
DR6=00000000ffff0ff0 DR7=0000000000000400
CCS=0000000000000004 CCD=000000001fe65590 CCO=EFLAGS
EFER=0000000000000d00
Servicing hardware INT=0x20
   167: v=20 e=0000 i=0 cpl=0 IP=0038:000000001eb54171 pc=000000001eb54171 SP=0030:000000001fe65740 env->regs[R_EAX]=0000000000368b7a
RAX=0000000000368b7a RBX=0000000000d9fe29 RCX=000000000000b008 RDX=0000000000a372af
RSI=000000001de53898 RDI=0000000000369e99 RBP=000000001fe65750 RSP=000000001fe65740
R8 =000000001fe657ec R9 =00000000000000a8 R10=000000001ddf6398 R11=000000001ddf6398
R12=0000000000000000 R13=0000000000000000 R14=0000000000000000 R15=000000001fe65894
RIP=000000001eb54171 RFL=00000202 [-------] CPL=0 II=0 A20=1 SMM=0 HLT=0
ES =0030 0000000000000000 ffffffff 00cf9300 DPL=0 DS   [-WA]
CS =0038 0000000000000000 ffffffff 00af9a00 DPL=0 CS64 [-R-]
SS =0030 0000000000000000 ffffffff 00cf9300 DPL=0 DS   [-WA]
DS =0030 0000000000000000 ffffffff 00cf9300 DPL=0 DS   [-WA]
FS =0030 0000000000000000 ffffffff 00cf9300 DPL=0 DS   [-WA]
GS =0030 0000000000000000 ffffffff 00cf9300 DPL=0 DS   [-WA]
LDT=0000 0000000000000000 0000ffff 00008200 DPL=0 LDT
TR =0000 0000000000000000 0000ffff 00008b00 DPL=0 TSS64-busy
GDT=     000000001f5dc000 00000047
IDT=     000000001efa4018 00000fff
CR0=80010033 CR2=0000000000000000 CR3=000000001f801000 CR4=00000668
DR0=0000000000000000 DR1=0000000000000000 DR2=0000000000000000 DR3=0000000000000000 
DR6=00000000ffff0ff0 DR7=0000000000000400
CCS=0000000000000000 CCD=0000000000368b7a CCO=EFLAGS
EFER=0000000000000d00
Servicing hardware INT=0x20
   168: v=20 e=0000 i=0 cpl=0 IP=0038:000000001eb54171 pc=000000001eb54171 SP=0030:000000001fe65740 env->regs[R_EAX]=000000000035f28a
RAX=000000000035f28a RBX=0000000000d9fe29 RCX=000000000000b008 RDX=0000000000a40b9f
RSI=000000001de53898 RDI=0000000000369e99 RBP=000000001fe65750 RSP=000000001fe65740
R8 =000000001fe657ec R9 =00000000000000a8 R10=000000001ddf6398 R11=000000001ddf6398
R12=0000000000000000 R13=0000000000000000 R14=0000000000000000 R15=000000001fe65894
RIP=000000001eb54171 RFL=00000202 [-------] CPL=0 II=0 A20=1 SMM=0 HLT=0
ES =0030 0000000000000000 ffffffff 00cf9300 DPL=0 DS   [-WA]
CS =0038 0000000000000000 ffffffff 00af9a00 DPL=0 CS64 [-R-]
SS =0030 0000000000000000 ffffffff 00cf9300 DPL=0 DS   [-WA]
DS =0030 0000000000000000 ffffffff 00cf9300 DPL=0 DS   [-WA]
FS =0030 0000000000000000 ffffffff 00cf9300 DPL=0 DS   [-WA]
GS =0030 0000000000000000 ffffffff 00cf9300 DPL=0 DS   [-WA]
LDT=0000 0000000000000000 0000ffff 00008200 DPL=0 LDT
TR =0000 0000000000000000 0000ffff 00008b00 DPL=0 TSS64-busy
GDT=     000000001f5dc000 00000047
IDT=     000000001efa4018 00000fff
CR0=80010033 CR2=0000000000000000 CR3=000000001f801000 CR4=00000668
DR0=0000000000000000 DR1=0000000000000000 DR2=0000000000000000 DR3=0000000000000000 
DR6=00000000ffff0ff0 DR7=0000000000000400
CCS=0000000000000000 CCD=000000000035f28a CCO=EFLAGS
EFER=0000000000000d00
Servicing hardware INT=0x20
   169: v=20 e=0000 i=0 cpl=0 IP=0038:000000001eb5415f pc=000000001eb5415f SP=0030:000000001fe65720 env->regs[R_EAX]=0000000000a48994
RAX=0000000000a48994 RBX=0000000000d9fe29 RCX=000000000000b008 RDX=000000000000b008
RSI=000000001de53898 RDI=0000000000369e99 RBP=000000001fe65750 RSP=000000001fe65720
R8 =000000001fe657ec R9 =00000000000000a8 R10=000000001ddf6398 R11=000000001ddf6398
R12=0000000000000000 R13=0000000000000000 R14=0000000000000000 R15=000000001fe65894
RIP=000000001eb5415f RFL=00000206 [-----P-] CPL=0 II=0 A20=1 SMM=0 HLT=0
ES =0030 0000000000000000 ffffffff 00cf9300 DPL=0 DS   [-WA]
CS =0038 0000000000000000 ffffffff 00af9a00 DPL=0 CS64 [-R-]
SS =0030 0000000000000000 ffffffff 00cf9300 DPL=0 DS   [-WA]
DS =0030 0000000000000000 ffffffff 00cf9300 DPL=0 DS   [-WA]
FS =0030 0000000000000000 ffffffff 00cf9300 DPL=0 DS   [-WA]
GS =0030 0000000000000000 ffffffff 00cf9300 DPL=0 DS   [-WA]
LDT=0000 0000000000000000 0000ffff 00008200 DPL=0 LDT
TR =0000 0000000000000000 0000ffff 00008b00 DPL=0 TSS64-busy
GDT=     000000001f5dc000 00000047
IDT=     000000001efa4018 00000fff
CR0=80010033 CR2=0000000000000000 CR3=000000001f801000 CR4=00000668
DR0=0000000000000000 DR1=0000000000000000 DR2=0000000000000000 DR3=0000000000000000 
DR6=00000000ffff0ff0 DR7=0000000000000400
CCS=0000000000000004 CCD=000000001fe656f0 CCO=EFLAGS
EFER=0000000000000d00
Servicing hardware INT=0x20
   170: v=20 e=0000 i=0 cpl=0 IP=0038:000000001eb54171 pc=000000001eb54171 SP=0030:000000001fe65740 env->regs[R_EAX]=000000000034e8a6
RAX=000000000034e8a6 RBX=0000000000d9fe29 RCX=000000000000b008 RDX=0000000000a51583
RSI=000000001de53898 RDI=0000000000369e99 RBP=000000001fe65750 RSP=000000001fe65740
R8 =000000001fe657ec R9 =00000000000000a8 R10=000000001ddf6398 R11=000000001ddf6398
R12=0000000000000000 R13=0000000000000000 R14=0000000000000000 R15=000000001fe65894
RIP=000000001eb54171 RFL=00000206 [-----P-] CPL=0 II=0 A20=1 SMM=0 HLT=0
ES =0030 0000000000000000 ffffffff 00cf9300 DPL=0 DS   [-WA]
CS =0038 0000000000000000 ffffffff 00af9a00 DPL=0 CS64 [-R-]
SS =0030 0000000000000000 ffffffff 00cf9300 DPL=0 DS   [-WA]
DS =0030 0000000000000000 ffffffff 00cf9300 DPL=0 DS   [-WA]
FS =0030 0000000000000000 ffffffff 00cf9300 DPL=0 DS   [-WA]
GS =0030 0000000000000000 ffffffff 00cf9300 DPL=0 DS   [-WA]
LDT=0000 0000000000000000 0000ffff 00008200 DPL=0 LDT
TR =0000 0000000000000000 0000ffff 00008b00 DPL=0 TSS64-busy
GDT=     000000001f5dc000 00000047
IDT=     000000001efa4018 00000fff
CR0=80010033 CR2=0000000000000000 CR3=000000001f801000 CR4=00000668
DR0=0000000000000000 DR1=0000000000000000 DR2=0000000000000000 DR3=0000000000000000 
DR6=00000000ffff0ff0 DR7=0000000000000400
CCS=0000000000000004 CCD=000000000034e8a6 CCO=EFLAGS
EFER=0000000000000d00
Servicing hardware INT=0x20
   171: v=20 e=0000 i=0 cpl=0 IP=0038:000000001eb54171 pc=000000001eb54171 SP=0030:000000001fe65740 env->regs[R_EAX]=0000000000344e74
RAX=0000000000344e74 RBX=0000000000d9fe29 RCX=000000000000b008 RDX=0000000000a5afb5
RSI=000000001de53898 RDI=0000000000369e99 RBP=000000001fe65750 RSP=000000001fe65740
R8 =000000001fe657ec R9 =00000000000000a8 R10=000000001ddf6398 R11=000000001ddf6398
R12=0000000000000000 R13=0000000000000000 R14=0000000000000000 R15=000000001fe65894
RIP=000000001eb54171 RFL=00000206 [-----P-] CPL=0 II=0 A20=1 SMM=0 HLT=0
ES =0030 0000000000000000 ffffffff 00cf9300 DPL=0 DS   [-WA]
CS =0038 0000000000000000 ffffffff 00af9a00 DPL=0 CS64 [-R-]
SS =0030 0000000000000000 ffffffff 00cf9300 DPL=0 DS   [-WA]
DS =0030 0000000000000000 ffffffff 00cf9300 DPL=0 DS   [-WA]
FS =0030 0000000000000000 ffffffff 00cf9300 DPL=0 DS   [-WA]
GS =0030 0000000000000000 ffffffff 00cf9300 DPL=0 DS   [-WA]
LDT=0000 0000000000000000 0000ffff 00008200 DPL=0 LDT
TR =0000 0000000000000000 0000ffff 00008b00 DPL=0 TSS64-busy
GDT=     000000001f5dc000 00000047
IDT=     000000001efa4018 00000fff
CR0=80010033 CR2=0000000000000000 CR3=000000001f801000 CR4=00000668
DR0=0000000000000000 DR1=0000000000000000 DR2=0000000000000000 DR3=0000000000000000 
DR6=00000000ffff0ff0 DR7=0000000000000400
CCS=0000000000000004 CCD=0000000000344e74 CCO=EFLAGS
EFER=0000000000000d00
Servicing hardware INT=0x20
   172: v=20 e=0000 i=0 cpl=0 IP=0038:000000001eb54171 pc=000000001eb54171 SP=0030:000000001fe65740 env->regs[R_EAX]=000000000033d098
RAX=000000000033d098 RBX=0000000000d9fe29 RCX=000000000000b008 RDX=0000000000a62d91
RSI=000000001de53898 RDI=0000000000369e99 RBP=000000001fe65750 RSP=000000001fe65740
R8 =000000001fe657ec R9 =00000000000000a8 R10=000000001ddf6398 R11=000000001ddf6398
R12=0000000000000000 R13=0000000000000000 R14=0000000000000000 R15=000000001fe65894
RIP=000000001eb54171 RFL=00000202 [-------] CPL=0 II=0 A20=1 SMM=0 HLT=0
ES =0030 0000000000000000 ffffffff 00cf9300 DPL=0 DS   [-WA]
CS =0038 0000000000000000 ffffffff 00af9a00 DPL=0 CS64 [-R-]
SS =0030 0000000000000000 ffffffff 00cf9300 DPL=0 DS   [-WA]
DS =0030 0000000000000000 ffffffff 00cf9300 DPL=0 DS   [-WA]
FS =0030 0000000000000000 ffffffff 00cf9300 DPL=0 DS   [-WA]
GS =0030 0000000000000000 ffffffff 00cf9300 DPL=0 DS   [-WA]
LDT=0000 0000000000000000 0000ffff 00008200 DPL=0 LDT
TR =0000 0000000000000000 0000ffff 00008b00 DPL=0 TSS64-busy
GDT=     000000001f5dc000 00000047
IDT=     000000001efa4018 00000fff
CR0=80010033 CR2=0000000000000000 CR3=000000001f801000 CR4=00000668
DR0=0000000000000000 DR1=0000000000000000 DR2=0000000000000000 DR3=0000000000000000 
DR6=00000000ffff0ff0 DR7=0000000000000400
CCS=0000000000000000 CCD=000000000033d098 CCO=EFLAGS
EFER=0000000000000d00
Servicing hardware INT=0x20
   173: v=20 e=0000 i=0 cpl=0 IP=0038:000000001eb54171 pc=000000001eb54171 SP=0030:000000001fe65740 env->regs[R_EAX]=0000000000333697
RAX=0000000000333697 RBX=0000000000d9fe29 RCX=000000000000b008 RDX=0000000000a6c792
RSI=000000001de53898 RDI=0000000000369e99 RBP=000000001fe65750 RSP=000000001fe65740
R8 =000000001fe657ec R9 =00000000000000a8 R10=000000001ddf6398 R11=000000001ddf6398
R12=0000000000000000 R13=0000000000000000 R14=0000000000000000 R15=000000001fe65894
RIP=000000001eb54171 RFL=00000202 [-------] CPL=0 II=0 A20=1 SMM=0 HLT=0
ES =0030 0000000000000000 ffffffff 00cf9300 DPL=0 DS   [-WA]
CS =0038 0000000000000000 ffffffff 00af9a00 DPL=0 CS64 [-R-]
SS =0030 0000000000000000 ffffffff 00cf9300 DPL=0 DS   [-WA]
DS =0030 0000000000000000 ffffffff 00cf9300 DPL=0 DS   [-WA]
FS =0030 0000000000000000 ffffffff 00cf9300 DPL=0 DS   [-WA]
GS =0030 0000000000000000 ffffffff 00cf9300 DPL=0 DS   [-WA]
LDT=0000 0000000000000000 0000ffff 00008200 DPL=0 LDT
TR =0000 0000000000000000 0000ffff 00008b00 DPL=0 TSS64-busy
GDT=     000000001f5dc000 00000047
IDT=     000000001efa4018 00000fff
CR0=80010033 CR2=0000000000000000 CR3=000000001f801000 CR4=00000668
DR0=0000000000000000 DR1=0000000000000000 DR2=0000000000000000 DR3=0000000000000000 
DR6=00000000ffff0ff0 DR7=0000000000000400
CCS=0000000000000000 CCD=0000000000333697 CCO=EFLAGS
EFER=0000000000000d00
Servicing hardware INT=0x20
   174: v=20 e=0000 i=0 cpl=0 IP=0038:000000001eb54171 pc=000000001eb54171 SP=0030:000000001fe65740 env->regs[R_EAX]=000000000032abf3
RAX=000000000032abf3 RBX=0000000000d9fe29 RCX=000000000000b008 RDX=0000000000a75236
RSI=000000001de53898 RDI=0000000000369e99 RBP=000000001fe65750 RSP=000000001fe65740
R8 =000000001fe657ec R9 =00000000000000a8 R10=000000001ddf6398 R11=000000001ddf6398
R12=0000000000000000 R13=0000000000000000 R14=0000000000000000 R15=000000001fe65894
RIP=000000001eb54171 RFL=00000206 [-----P-] CPL=0 II=0 A20=1 SMM=0 HLT=0
ES =0030 0000000000000000 ffffffff 00cf9300 DPL=0 DS   [-WA]
CS =0038 0000000000000000 ffffffff 00af9a00 DPL=0 CS64 [-R-]
SS =0030 0000000000000000 ffffffff 00cf9300 DPL=0 DS   [-WA]
DS =0030 0000000000000000 ffffffff 00cf9300 DPL=0 DS   [-WA]
FS =0030 0000000000000000 ffffffff 00cf9300 DPL=0 DS   [-WA]
GS =0030 0000000000000000 ffffffff 00cf9300 DPL=0 DS   [-WA]
LDT=0000 0000000000000000 0000ffff 00008200 DPL=0 LDT
TR =0000 0000000000000000 0000ffff 00008b00 DPL=0 TSS64-busy
GDT=     000000001f5dc000 00000047
IDT=     000000001efa4018 00000fff
CR0=80010033 CR2=0000000000000000 CR3=000000001f801000 CR4=00000668
DR0=0000000000000000 DR1=0000000000000000 DR2=0000000000000000 DR3=0000000000000000 
DR6=00000000ffff0ff0 DR7=0000000000000400
CCS=0000000000000004 CCD=000000000032abf3 CCO=EFLAGS
EFER=0000000000000d00
Servicing hardware INT=0x20
   175: v=20 e=0000 i=0 cpl=0 IP=0038:000000001eb54171 pc=000000001eb54171 SP=0030:000000001fe65740 env->regs[R_EAX]=0000000000321ec4
RAX=0000000000321ec4 RBX=0000000000d9fe29 RCX=000000000000b008 RDX=0000000000a7df65
RSI=000000001de53898 RDI=0000000000369e99 RBP=000000001fe65750 RSP=000000001fe65740
R8 =000000001fe657ec R9 =00000000000000a8 R10=000000001ddf6398 R11=000000001ddf6398
R12=0000000000000000 R13=0000000000000000 R14=0000000000000000 R15=000000001fe65894
RIP=000000001eb54171 RFL=00000202 [-------] CPL=0 II=0 A20=1 SMM=0 HLT=0
ES =0030 0000000000000000 ffffffff 00cf9300 DPL=0 DS   [-WA]
CS =0038 0000000000000000 ffffffff 00af9a00 DPL=0 CS64 [-R-]
SS =0030 0000000000000000 ffffffff 00cf9300 DPL=0 DS   [-WA]
DS =0030 0000000000000000 ffffffff 00cf9300 DPL=0 DS   [-WA]
FS =0030 0000000000000000 ffffffff 00cf9300 DPL=0 DS   [-WA]
GS =0030 0000000000000000 ffffffff 00cf9300 DPL=0 DS   [-WA]
LDT=0000 0000000000000000 0000ffff 00008200 DPL=0 LDT
TR =0000 0000000000000000 0000ffff 00008b00 DPL=0 TSS64-busy
GDT=     000000001f5dc000 00000047
IDT=     000000001efa4018 00000fff
CR0=80010033 CR2=0000000000000000 CR3=000000001f801000 CR4=00000668
DR0=0000000000000000 DR1=0000000000000000 DR2=0000000000000000 DR3=0000000000000000 
DR6=00000000ffff0ff0 DR7=0000000000000400
CCS=0000000000000000 CCD=0000000000321ec4 CCO=EFLAGS
EFER=0000000000000d00
Servicing hardware INT=0x20
   176: v=20 e=0000 i=0 cpl=0 IP=0038:000000001eb54171 pc=000000001eb54171 SP=0030:000000001fe65740 env->regs[R_EAX]=000000000031944f
RAX=000000000031944f RBX=0000000000d9fe29 RCX=000000000000b008 RDX=0000000000a869da
RSI=000000001de53898 RDI=0000000000369e99 RBP=000000001fe65750 RSP=000000001fe65740
R8 =000000001fe657ec R9 =00000000000000a8 R10=000000001ddf6398 R11=000000001ddf6398
R12=0000000000000000 R13=0000000000000000 R14=0000000000000000 R15=000000001fe65894
RIP=000000001eb54171 RFL=00000202 [-------] CPL=0 II=0 A20=1 SMM=0 HLT=0
ES =0030 0000000000000000 ffffffff 00cf9300 DPL=0 DS   [-WA]
CS =0038 0000000000000000 ffffffff 00af9a00 DPL=0 CS64 [-R-]
SS =0030 0000000000000000 ffffffff 00cf9300 DPL=0 DS   [-WA]
DS =0030 0000000000000000 ffffffff 00cf9300 DPL=0 DS   [-WA]
FS =0030 0000000000000000 ffffffff 00cf9300 DPL=0 DS   [-WA]
GS =0030 0000000000000000 ffffffff 00cf9300 DPL=0 DS   [-WA]
LDT=0000 0000000000000000 0000ffff 00008200 DPL=0 LDT
TR =0000 0000000000000000 0000ffff 00008b00 DPL=0 TSS64-busy
GDT=     000000001f5dc000 00000047
IDT=     000000001efa4018 00000fff
CR0=80010033 CR2=0000000000000000 CR3=000000001f801000 CR4=00000668
DR0=0000000000000000 DR1=0000000000000000 DR2=0000000000000000 DR3=0000000000000000 
DR6=00000000ffff0ff0 DR7=0000000000000400
CCS=0000000000000000 CCD=000000000031944f CCO=EFLAGS
EFER=0000000000000d00
Servicing hardware INT=0x20
   177: v=20 e=0000 i=0 cpl=0 IP=0038:000000001eb54171 pc=000000001eb54171 SP=0030:000000001fe65740 env->regs[R_EAX]=00000000003115ea
RAX=00000000003115ea RBX=0000000000d9fe29 RCX=000000000000b008 RDX=0000000000a8e83f
RSI=000000001de53898 RDI=0000000000369e99 RBP=000000001fe65750 RSP=000000001fe65740
R8 =000000001fe657ec R9 =00000000000000a8 R10=000000001ddf6398 R11=000000001ddf6398
R12=0000000000000000 R13=0000000000000000 R14=0000000000000000 R15=000000001fe65894
RIP=000000001eb54171 RFL=00000202 [-------] CPL=0 II=0 A20=1 SMM=0 HLT=0
ES =0030 0000000000000000 ffffffff 00cf9300 DPL=0 DS   [-WA]
CS =0038 0000000000000000 ffffffff 00af9a00 DPL=0 CS64 [-R-]
SS =0030 0000000000000000 ffffffff 00cf9300 DPL=0 DS   [-WA]
DS =0030 0000000000000000 ffffffff 00cf9300 DPL=0 DS   [-WA]
FS =0030 0000000000000000 ffffffff 00cf9300 DPL=0 DS   [-WA]
GS =0030 0000000000000000 ffffffff 00cf9300 DPL=0 DS   [-WA]
LDT=0000 0000000000000000 0000ffff 00008200 DPL=0 LDT
TR =0000 0000000000000000 0000ffff 00008b00 DPL=0 TSS64-busy
GDT=     000000001f5dc000 00000047
IDT=     000000001efa4018 00000fff
CR0=80010033 CR2=0000000000000000 CR3=000000001f801000 CR4=00000668
DR0=0000000000000000 DR1=0000000000000000 DR2=0000000000000000 DR3=0000000000000000 
DR6=00000000ffff0ff0 DR7=0000000000000400
CCS=0000000000000000 CCD=00000000003115ea CCO=EFLAGS
EFER=0000000000000d00
Servicing hardware INT=0x20
   178: v=20 e=0000 i=0 cpl=0 IP=0038:000000001eb54171 pc=000000001eb54171 SP=0030:000000001fe65740 env->regs[R_EAX]=0000000000308a3b
RAX=0000000000308a3b RBX=0000000000d9fe29 RCX=000000000000b008 RDX=0000000000a973ee
RSI=000000001de53898 RDI=0000000000369e99 RBP=000000001fe65750 RSP=000000001fe65740
R8 =000000001fe657ec R9 =00000000000000a8 R10=000000001ddf6398 R11=000000001ddf6398
R12=0000000000000000 R13=0000000000000000 R14=0000000000000000 R15=000000001fe65894
RIP=000000001eb54171 RFL=00000202 [-------] CPL=0 II=0 A20=1 SMM=0 HLT=0
ES =0030 0000000000000000 ffffffff 00cf9300 DPL=0 DS   [-WA]
CS =0038 0000000000000000 ffffffff 00af9a00 DPL=0 CS64 [-R-]
SS =0030 0000000000000000 ffffffff 00cf9300 DPL=0 DS   [-WA]
DS =0030 0000000000000000 ffffffff 00cf9300 DPL=0 DS   [-WA]
FS =0030 0000000000000000 ffffffff 00cf9300 DPL=0 DS   [-WA]
GS =0030 0000000000000000 ffffffff 00cf9300 DPL=0 DS   [-WA]
LDT=0000 0000000000000000 0000ffff 00008200 DPL=0 LDT
TR =0000 0000000000000000 0000ffff 00008b00 DPL=0 TSS64-busy
GDT=     000000001f5dc000 00000047
IDT=     000000001efa4018 00000fff
CR0=80010033 CR2=0000000000000000 CR3=000000001f801000 CR4=00000668
DR0=0000000000000000 DR1=0000000000000000 DR2=0000000000000000 DR3=0000000000000000 
DR6=00000000ffff0ff0 DR7=0000000000000400
CCS=0000000000000000 CCD=0000000000308a3b CCO=EFLAGS
EFER=0000000000000d00
Servicing hardware INT=0x20
   179: v=20 e=0000 i=0 cpl=0 IP=0038:000000001eb54171 pc=000000001eb54171 SP=0030:000000001fe65740 env->regs[R_EAX]=00000000002ffdd4
RAX=00000000002ffdd4 RBX=0000000000d9fe29 RCX=000000000000b008 RDX=0000000000aa0055
RSI=000000001de53898 RDI=0000000000369e99 RBP=000000001fe65750 RSP=000000001fe65740
R8 =000000001fe657ec R9 =00000000000000a8 R10=000000001ddf6398 R11=000000001ddf6398
R12=0000000000000000 R13=0000000000000000 R14=0000000000000000 R15=000000001fe65894
RIP=000000001eb54171 RFL=00000206 [-----P-] CPL=0 II=0 A20=1 SMM=0 HLT=0
ES =0030 0000000000000000 ffffffff 00cf9300 DPL=0 DS   [-WA]
CS =0038 0000000000000000 ffffffff 00af9a00 DPL=0 CS64 [-R-]
SS =0030 0000000000000000 ffffffff 00cf9300 DPL=0 DS   [-WA]
DS =0030 0000000000000000 ffffffff 00cf9300 DPL=0 DS   [-WA]
FS =0030 0000000000000000 ffffffff 00cf9300 DPL=0 DS   [-WA]
GS =0030 0000000000000000 ffffffff 00cf9300 DPL=0 DS   [-WA]
LDT=0000 0000000000000000 0000ffff 00008200 DPL=0 LDT
TR =0000 0000000000000000 0000ffff 00008b00 DPL=0 TSS64-busy
GDT=     000000001f5dc000 00000047
IDT=     000000001efa4018 00000fff
CR0=80010033 CR2=0000000000000000 CR3=000000001f801000 CR4=00000668
DR0=0000000000000000 DR1=0000000000000000 DR2=0000000000000000 DR3=0000000000000000 
DR6=00000000ffff0ff0 DR7=0000000000000400
CCS=0000000000000004 CCD=00000000002ffdd4 CCO=EFLAGS
EFER=0000000000000d00
Servicing hardware INT=0x20
   180: v=20 e=0000 i=0 cpl=0 IP=0038:000000001eb54171 pc=000000001eb54171 SP=0030:000000001fe65740 env->regs[R_EAX]=00000000002f6402
RAX=00000000002f6402 RBX=0000000000d9fe29 RCX=000000000000b008 RDX=0000000000aa9a27
RSI=000000001de53898 RDI=0000000000369e99 RBP=000000001fe65750 RSP=000000001fe65740
R8 =000000001fe657ec R9 =00000000000000a8 R10=000000001ddf6398 R11=000000001ddf6398
R12=0000000000000000 R13=0000000000000000 R14=0000000000000000 R15=000000001fe65894
RIP=000000001eb54171 RFL=00000202 [-------] CPL=0 II=0 A20=1 SMM=0 HLT=0
ES =0030 0000000000000000 ffffffff 00cf9300 DPL=0 DS   [-WA]
CS =0038 0000000000000000 ffffffff 00af9a00 DPL=0 CS64 [-R-]
SS =0030 0000000000000000 ffffffff 00cf9300 DPL=0 DS   [-WA]
DS =0030 0000000000000000 ffffffff 00cf9300 DPL=0 DS   [-WA]
FS =0030 0000000000000000 ffffffff 00cf9300 DPL=0 DS   [-WA]
GS =0030 0000000000000000 ffffffff 00cf9300 DPL=0 DS   [-WA]
LDT=0000 0000000000000000 0000ffff 00008200 DPL=0 LDT
TR =0000 0000000000000000 0000ffff 00008b00 DPL=0 TSS64-busy
GDT=     000000001f5dc000 00000047
IDT=     000000001efa4018 00000fff
CR0=80010033 CR2=0000000000000000 CR3=000000001f801000 CR4=00000668
DR0=0000000000000000 DR1=0000000000000000 DR2=0000000000000000 DR3=0000000000000000 
DR6=00000000ffff0ff0 DR7=0000000000000400
CCS=0000000000000000 CCD=00000000002f6402 CCO=EFLAGS
EFER=0000000000000d00
Servicing hardware INT=0x20
   181: v=20 e=0000 i=0 cpl=0 IP=0038:000000001eb54171 pc=000000001eb54171 SP=0030:000000001fe65740 env->regs[R_EAX]=00000000002ee62d
RAX=00000000002ee62d RBX=0000000000d9fe29 RCX=000000000000b008 RDX=0000000000ab17fc
RSI=000000001de53898 RDI=0000000000369e99 RBP=000000001fe65750 RSP=000000001fe65740
R8 =000000001fe657ec R9 =00000000000000a8 R10=000000001ddf6398 R11=000000001ddf6398
R12=0000000000000000 R13=0000000000000000 R14=0000000000000000 R15=000000001fe65894
RIP=000000001eb54171 RFL=00000206 [-----P-] CPL=0 II=0 A20=1 SMM=0 HLT=0
ES =0030 0000000000000000 ffffffff 00cf9300 DPL=0 DS   [-WA]
CS =0038 0000000000000000 ffffffff 00af9a00 DPL=0 CS64 [-R-]
SS =0030 0000000000000000 ffffffff 00cf9300 DPL=0 DS   [-WA]
DS =0030 0000000000000000 ffffffff 00cf9300 DPL=0 DS   [-WA]
FS =0030 0000000000000000 ffffffff 00cf9300 DPL=0 DS   [-WA]
GS =0030 0000000000000000 ffffffff 00cf9300 DPL=0 DS   [-WA]
LDT=0000 0000000000000000 0000ffff 00008200 DPL=0 LDT
TR =0000 0000000000000000 0000ffff 00008b00 DPL=0 TSS64-busy
GDT=     000000001f5dc000 00000047
IDT=     000000001efa4018 00000fff
CR0=80010033 CR2=0000000000000000 CR3=000000001f801000 CR4=00000668
DR0=0000000000000000 DR1=0000000000000000 DR2=0000000000000000 DR3=0000000000000000 
DR6=00000000ffff0ff0 DR7=0000000000000400
CCS=0000000000000004 CCD=00000000002ee62d CCO=EFLAGS
EFER=0000000000000d00
Servicing hardware INT=0x20
   182: v=20 e=0000 i=0 cpl=0 IP=0038:000000001eb54171 pc=000000001eb54171 SP=0030:000000001fe65740 env->regs[R_EAX]=00000000002e5a4e
RAX=00000000002e5a4e RBX=0000000000d9fe29 RCX=000000000000b008 RDX=0000000000aba3db
RSI=000000001de53898 RDI=0000000000369e99 RBP=000000001fe65750 RSP=000000001fe65740
R8 =000000001fe657ec R9 =00000000000000a8 R10=000000001ddf6398 R11=000000001ddf6398
R12=0000000000000000 R13=0000000000000000 R14=0000000000000000 R15=000000001fe65894
RIP=000000001eb54171 RFL=00000206 [-----P-] CPL=0 II=0 A20=1 SMM=0 HLT=0
ES =0030 0000000000000000 ffffffff 00cf9300 DPL=0 DS   [-WA]
CS =0038 0000000000000000 ffffffff 00af9a00 DPL=0 CS64 [-R-]
SS =0030 0000000000000000 ffffffff 00cf9300 DPL=0 DS   [-WA]
DS =0030 0000000000000000 ffffffff 00cf9300 DPL=0 DS   [-WA]
FS =0030 0000000000000000 ffffffff 00cf9300 DPL=0 DS   [-WA]
GS =0030 0000000000000000 ffffffff 00cf9300 DPL=0 DS   [-WA]
LDT=0000 0000000000000000 0000ffff 00008200 DPL=0 LDT
TR =0000 0000000000000000 0000ffff 00008b00 DPL=0 TSS64-busy
GDT=     000000001f5dc000 00000047
IDT=     000000001efa4018 00000fff
CR0=80010033 CR2=0000000000000000 CR3=000000001f801000 CR4=00000668
DR0=0000000000000000 DR1=0000000000000000 DR2=0000000000000000 DR3=0000000000000000 
DR6=00000000ffff0ff0 DR7=0000000000000400
CCS=0000000000000004 CCD=00000000002e5a4e CCO=EFLAGS
EFER=0000000000000d00
Servicing hardware INT=0x20
   183: v=20 e=0000 i=0 cpl=0 IP=0038:000000001eb54171 pc=000000001eb54171 SP=0030:000000001fe65740 env->regs[R_EAX]=00000000002dc0db
RAX=00000000002dc0db RBX=0000000000d9fe29 RCX=000000000000b008 RDX=0000000000ac3d4e
RSI=000000001de53898 RDI=0000000000369e99 RBP=000000001fe65750 RSP=000000001fe65740
R8 =000000001fe657ec R9 =00000000000000a8 R10=000000001ddf6398 R11=000000001ddf6398
R12=0000000000000000 R13=0000000000000000 R14=0000000000000000 R15=000000001fe65894
RIP=000000001eb54171 RFL=00000206 [-----P-] CPL=0 II=0 A20=1 SMM=0 HLT=0
ES =0030 0000000000000000 ffffffff 00cf9300 DPL=0 DS   [-WA]
CS =0038 0000000000000000 ffffffff 00af9a00 DPL=0 CS64 [-R-]
SS =0030 0000000000000000 ffffffff 00cf9300 DPL=0 DS   [-WA]
DS =0030 0000000000000000 ffffffff 00cf9300 DPL=0 DS   [-WA]
FS =0030 0000000000000000 ffffffff 00cf9300 DPL=0 DS   [-WA]
GS =0030 0000000000000000 ffffffff 00cf9300 DPL=0 DS   [-WA]
LDT=0000 0000000000000000 0000ffff 00008200 DPL=0 LDT
TR =0000 0000000000000000 0000ffff 00008b00 DPL=0 TSS64-busy
GDT=     000000001f5dc000 00000047
IDT=     000000001efa4018 00000fff
CR0=80010033 CR2=0000000000000000 CR3=000000001f801000 CR4=00000668
DR0=0000000000000000 DR1=0000000000000000 DR2=0000000000000000 DR3=0000000000000000 
DR6=00000000ffff0ff0 DR7=0000000000000400
CCS=0000000000000004 CCD=00000000002dc0db CCO=EFLAGS
EFER=0000000000000d00
Servicing hardware INT=0x20
   184: v=20 e=0000 i=0 cpl=0 IP=0038:000000001eb54171 pc=000000001eb54171 SP=0030:000000001fe65740 env->regs[R_EAX]=00000000002d42ac
RAX=00000000002d42ac RBX=0000000000d9fe29 RCX=000000000000b008 RDX=0000000000acbb7d
RSI=000000001de53898 RDI=0000000000369e99 RBP=000000001fe65750 RSP=000000001fe65740
R8 =000000001fe657ec R9 =00000000000000a8 R10=000000001ddf6398 R11=000000001ddf6398
R12=0000000000000000 R13=0000000000000000 R14=0000000000000000 R15=000000001fe65894
RIP=000000001eb54171 RFL=00000206 [-----P-] CPL=0 II=0 A20=1 SMM=0 HLT=0
ES =0030 0000000000000000 ffffffff 00cf9300 DPL=0 DS   [-WA]
CS =0038 0000000000000000 ffffffff 00af9a00 DPL=0 CS64 [-R-]
SS =0030 0000000000000000 ffffffff 00cf9300 DPL=0 DS   [-WA]
DS =0030 0000000000000000 ffffffff 00cf9300 DPL=0 DS   [-WA]
FS =0030 0000000000000000 ffffffff 00cf9300 DPL=0 DS   [-WA]
GS =0030 0000000000000000 ffffffff 00cf9300 DPL=0 DS   [-WA]
LDT=0000 0000000000000000 0000ffff 00008200 DPL=0 LDT
TR =0000 0000000000000000 0000ffff 00008b00 DPL=0 TSS64-busy
GDT=     000000001f5dc000 00000047
IDT=     000000001efa4018 00000fff
CR0=80010033 CR2=0000000000000000 CR3=000000001f801000 CR4=00000668
DR0=0000000000000000 DR1=0000000000000000 DR2=0000000000000000 DR3=0000000000000000 
DR6=00000000ffff0ff0 DR7=0000000000000400
CCS=0000000000000004 CCD=00000000002d42ac CCO=EFLAGS
EFER=0000000000000d00
Servicing hardware INT=0x20
   185: v=20 e=0000 i=0 cpl=0 IP=0038:000000001eb54171 pc=000000001eb54171 SP=0030:000000001fe65740 env->regs[R_EAX]=00000000002ca8e4
RAX=00000000002ca8e4 RBX=0000000000d9fe29 RCX=000000000000b008 RDX=0000000000ad5545
RSI=000000001de53898 RDI=0000000000369e99 RBP=000000001fe65750 RSP=000000001fe65740
R8 =000000001fe657ec R9 =00000000000000a8 R10=000000001ddf6398 R11=000000001ddf6398
R12=0000000000000000 R13=0000000000000000 R14=0000000000000000 R15=000000001fe65894
RIP=000000001eb54171 RFL=00000206 [-----P-] CPL=0 II=0 A20=1 SMM=0 HLT=0
ES =0030 0000000000000000 ffffffff 00cf9300 DPL=0 DS   [-WA]
CS =0038 0000000000000000 ffffffff 00af9a00 DPL=0 CS64 [-R-]
SS =0030 0000000000000000 ffffffff 00cf9300 DPL=0 DS   [-WA]
DS =0030 0000000000000000 ffffffff 00cf9300 DPL=0 DS   [-WA]
FS =0030 0000000000000000 ffffffff 00cf9300 DPL=0 DS   [-WA]
GS =0030 0000000000000000 ffffffff 00cf9300 DPL=0 DS   [-WA]
LDT=0000 0000000000000000 0000ffff 00008200 DPL=0 LDT
TR =0000 0000000000000000 0000ffff 00008b00 DPL=0 TSS64-busy
GDT=     000000001f5dc000 00000047
IDT=     000000001efa4018 00000fff
CR0=80010033 CR2=0000000000000000 CR3=000000001f801000 CR4=00000668
DR0=0000000000000000 DR1=0000000000000000 DR2=0000000000000000 DR3=0000000000000000 
DR6=00000000ffff0ff0 DR7=0000000000000400
CCS=0000000000000004 CCD=00000000002ca8e4 CCO=EFLAGS
EFER=0000000000000d00
Servicing hardware INT=0x20
   186: v=20 e=0000 i=0 cpl=0 IP=0038:000000001eb54171 pc=000000001eb54171 SP=0030:000000001fe65740 env->regs[R_EAX]=00000000002c1d0e
RAX=00000000002c1d0e RBX=0000000000d9fe29 RCX=000000000000b008 RDX=0000000000ade11b
RSI=000000001de53898 RDI=0000000000369e99 RBP=000000001fe65750 RSP=000000001fe65740
R8 =000000001fe657ec R9 =00000000000000a8 R10=000000001ddf6398 R11=000000001ddf6398
R12=0000000000000000 R13=0000000000000000 R14=0000000000000000 R15=000000001fe65894
RIP=000000001eb54171 RFL=00000202 [-------] CPL=0 II=0 A20=1 SMM=0 HLT=0
ES =0030 0000000000000000 ffffffff 00cf9300 DPL=0 DS   [-WA]
CS =0038 0000000000000000 ffffffff 00af9a00 DPL=0 CS64 [-R-]
SS =0030 0000000000000000 ffffffff 00cf9300 DPL=0 DS   [-WA]
DS =0030 0000000000000000 ffffffff 00cf9300 DPL=0 DS   [-WA]
FS =0030 0000000000000000 ffffffff 00cf9300 DPL=0 DS   [-WA]
GS =0030 0000000000000000 ffffffff 00cf9300 DPL=0 DS   [-WA]
LDT=0000 0000000000000000 0000ffff 00008200 DPL=0 LDT
TR =0000 0000000000000000 0000ffff 00008b00 DPL=0 TSS64-busy
GDT=     000000001f5dc000 00000047
IDT=     000000001efa4018 00000fff
CR0=80010033 CR2=0000000000000000 CR3=000000001f801000 CR4=00000668
DR0=0000000000000000 DR1=0000000000000000 DR2=0000000000000000 DR3=0000000000000000 
DR6=00000000ffff0ff0 DR7=0000000000000400
CCS=0000000000000000 CCD=00000000002c1d0e CCO=EFLAGS
EFER=0000000000000d00
Servicing hardware INT=0x20
   187: v=20 e=0000 i=0 cpl=0 IP=0038:000000001eb54171 pc=000000001eb54171 SP=0030:000000001fe65740 env->regs[R_EAX]=00000000002b924d
RAX=00000000002b924d RBX=0000000000d9fe29 RCX=000000000000b008 RDX=0000000000ae6bdc
RSI=000000001de53898 RDI=0000000000369e99 RBP=000000001fe65750 RSP=000000001fe65740
R8 =000000001fe657ec R9 =00000000000000a8 R10=000000001ddf6398 R11=000000001ddf6398
R12=0000000000000000 R13=0000000000000000 R14=0000000000000000 R15=000000001fe65894
RIP=000000001eb54171 RFL=00000206 [-----P-] CPL=0 II=0 A20=1 SMM=0 HLT=0
ES =0030 0000000000000000 ffffffff 00cf9300 DPL=0 DS   [-WA]
CS =0038 0000000000000000 ffffffff 00af9a00 DPL=0 CS64 [-R-]
SS =0030 0000000000000000 ffffffff 00cf9300 DPL=0 DS   [-WA]
DS =0030 0000000000000000 ffffffff 00cf9300 DPL=0 DS   [-WA]
FS =0030 0000000000000000 ffffffff 00cf9300 DPL=0 DS   [-WA]
GS =0030 0000000000000000 ffffffff 00cf9300 DPL=0 DS   [-WA]
LDT=0000 0000000000000000 0000ffff 00008200 DPL=0 LDT
TR =0000 0000000000000000 0000ffff 00008b00 DPL=0 TSS64-busy
GDT=     000000001f5dc000 00000047
IDT=     000000001efa4018 00000fff
CR0=80010033 CR2=0000000000000000 CR3=000000001f801000 CR4=00000668
DR0=0000000000000000 DR1=0000000000000000 DR2=0000000000000000 DR3=0000000000000000 
DR6=00000000ffff0ff0 DR7=0000000000000400
CCS=0000000000000004 CCD=00000000002b924d CCO=EFLAGS
EFER=0000000000000d00
Servicing hardware INT=0x20
   188: v=20 e=0000 i=0 cpl=0 IP=0038:000000001eb54171 pc=000000001eb54171 SP=0030:000000001fe65740 env->regs[R_EAX]=00000000002b1477
RAX=00000000002b1477 RBX=0000000000d9fe29 RCX=000000000000b008 RDX=0000000000aee9b2
RSI=000000001de53898 RDI=0000000000369e99 RBP=000000001fe65750 RSP=000000001fe65740
R8 =000000001fe657ec R9 =00000000000000a8 R10=000000001ddf6398 R11=000000001ddf6398
R12=0000000000000000 R13=0000000000000000 R14=0000000000000000 R15=000000001fe65894
RIP=000000001eb54171 RFL=00000206 [-----P-] CPL=0 II=0 A20=1 SMM=0 HLT=0
ES =0030 0000000000000000 ffffffff 00cf9300 DPL=0 DS   [-WA]
CS =0038 0000000000000000 ffffffff 00af9a00 DPL=0 CS64 [-R-]
SS =0030 0000000000000000 ffffffff 00cf9300 DPL=0 DS   [-WA]
DS =0030 0000000000000000 ffffffff 00cf9300 DPL=0 DS   [-WA]
FS =0030 0000000000000000 ffffffff 00cf9300 DPL=0 DS   [-WA]
GS =0030 0000000000000000 ffffffff 00cf9300 DPL=0 DS   [-WA]
LDT=0000 0000000000000000 0000ffff 00008200 DPL=0 LDT
TR =0000 0000000000000000 0000ffff 00008b00 DPL=0 TSS64-busy
GDT=     000000001f5dc000 00000047
IDT=     000000001efa4018 00000fff
CR0=80010033 CR2=0000000000000000 CR3=000000001f801000 CR4=00000668
DR0=0000000000000000 DR1=0000000000000000 DR2=0000000000000000 DR3=0000000000000000 
DR6=00000000ffff0ff0 DR7=0000000000000400
CCS=0000000000000004 CCD=00000000002b1477 CCO=EFLAGS
EFER=0000000000000d00
Servicing hardware INT=0x20
   189: v=20 e=0000 i=0 cpl=0 IP=0038:000000001eb54171 pc=000000001eb54171 SP=0030:000000001fe65740 env->regs[R_EAX]=00000000002a7997
RAX=00000000002a7997 RBX=0000000000d9fe29 RCX=000000000000b008 RDX=0000000000af8492
RSI=000000001de53898 RDI=0000000000369e99 RBP=000000001fe65750 RSP=000000001fe65740
R8 =000000001fe657ec R9 =00000000000000a8 R10=000000001ddf6398 R11=000000001ddf6398
R12=0000000000000000 R13=0000000000000000 R14=0000000000000000 R15=000000001fe65894
RIP=000000001eb54171 RFL=00000202 [-------] CPL=0 II=0 A20=1 SMM=0 HLT=0
ES =0030 0000000000000000 ffffffff 00cf9300 DPL=0 DS   [-WA]
CS =0038 0000000000000000 ffffffff 00af9a00 DPL=0 CS64 [-R-]
SS =0030 0000000000000000 ffffffff 00cf9300 DPL=0 DS   [-WA]
DS =0030 0000000000000000 ffffffff 00cf9300 DPL=0 DS   [-WA]
FS =0030 0000000000000000 ffffffff 00cf9300 DPL=0 DS   [-WA]
GS =0030 0000000000000000 ffffffff 00cf9300 DPL=0 DS   [-WA]
LDT=0000 0000000000000000 0000ffff 00008200 DPL=0 LDT
TR =0000 0000000000000000 0000ffff 00008b00 DPL=0 TSS64-busy
GDT=     000000001f5dc000 00000047
IDT=     000000001efa4018 00000fff
CR0=80010033 CR2=0000000000000000 CR3=000000001f801000 CR4=00000668
DR0=0000000000000000 DR1=0000000000000000 DR2=0000000000000000 DR3=0000000000000000 
DR6=00000000ffff0ff0 DR7=0000000000000400
CCS=0000000000000000 CCD=00000000002a7997 CCO=EFLAGS
EFER=0000000000000d00
Servicing hardware INT=0x20
   190: v=20 e=0000 i=0 cpl=0 IP=0038:000000001eb54171 pc=000000001eb54171 SP=0030:000000001fe65740 env->regs[R_EAX]=000000000029fbad
RAX=000000000029fbad RBX=0000000000d9fe29 RCX=000000000000b008 RDX=0000000000b0027c
RSI=000000001de53898 RDI=0000000000369e99 RBP=000000001fe65750 RSP=000000001fe65740
R8 =000000001fe657ec R9 =00000000000000a8 R10=000000001ddf6398 R11=000000001ddf6398
R12=0000000000000000 R13=0000000000000000 R14=0000000000000000 R15=000000001fe65894
RIP=000000001eb54171 RFL=00000202 [-------] CPL=0 II=0 A20=1 SMM=0 HLT=0
ES =0030 0000000000000000 ffffffff 00cf9300 DPL=0 DS   [-WA]
CS =0038 0000000000000000 ffffffff 00af9a00 DPL=0 CS64 [-R-]
SS =0030 0000000000000000 ffffffff 00cf9300 DPL=0 DS   [-WA]
DS =0030 0000000000000000 ffffffff 00cf9300 DPL=0 DS   [-WA]
FS =0030 0000000000000000 ffffffff 00cf9300 DPL=0 DS   [-WA]
GS =0030 0000000000000000 ffffffff 00cf9300 DPL=0 DS   [-WA]
LDT=0000 0000000000000000 0000ffff 00008200 DPL=0 LDT
TR =0000 0000000000000000 0000ffff 00008b00 DPL=0 TSS64-busy
GDT=     000000001f5dc000 00000047
IDT=     000000001efa4018 00000fff
CR0=80010033 CR2=0000000000000000 CR3=000000001f801000 CR4=00000668
DR0=0000000000000000 DR1=0000000000000000 DR2=0000000000000000 DR3=0000000000000000 
DR6=00000000ffff0ff0 DR7=0000000000000400
CCS=0000000000000000 CCD=000000000029fbad CCO=EFLAGS
EFER=0000000000000d00
Servicing hardware INT=0x20
   191: v=20 e=0000 i=0 cpl=0 IP=0038:000000001eb54171 pc=000000001eb54171 SP=0030:000000001fe65740 env->regs[R_EAX]=0000000000296fe8
RAX=0000000000296fe8 RBX=0000000000d9fe29 RCX=000000000000b008 RDX=0000000000b08e41
RSI=000000001de53898 RDI=0000000000369e99 RBP=000000001fe65750 RSP=000000001fe65740
R8 =000000001fe657ec R9 =00000000000000a8 R10=000000001ddf6398 R11=000000001ddf6398
R12=0000000000000000 R13=0000000000000000 R14=0000000000000000 R15=000000001fe65894
RIP=000000001eb54171 RFL=00000206 [-----P-] CPL=0 II=0 A20=1 SMM=0 HLT=0
ES =0030 0000000000000000 ffffffff 00cf9300 DPL=0 DS   [-WA]
CS =0038 0000000000000000 ffffffff 00af9a00 DPL=0 CS64 [-R-]
SS =0030 0000000000000000 ffffffff 00cf9300 DPL=0 DS   [-WA]
DS =0030 0000000000000000 ffffffff 00cf9300 DPL=0 DS   [-WA]
FS =0030 0000000000000000 ffffffff 00cf9300 DPL=0 DS   [-WA]
GS =0030 0000000000000000 ffffffff 00cf9300 DPL=0 DS   [-WA]
LDT=0000 0000000000000000 0000ffff 00008200 DPL=0 LDT
TR =0000 0000000000000000 0000ffff 00008b00 DPL=0 TSS64-busy
GDT=     000000001f5dc000 00000047
IDT=     000000001efa4018 00000fff
CR0=80010033 CR2=0000000000000000 CR3=000000001f801000 CR4=00000668
DR0=0000000000000000 DR1=0000000000000000 DR2=0000000000000000 DR3=0000000000000000 
DR6=00000000ffff0ff0 DR7=0000000000000400
CCS=0000000000000004 CCD=0000000000296fe8 CCO=EFLAGS
EFER=0000000000000d00
Servicing hardware INT=0x20
   192: v=20 e=0000 i=0 cpl=0 IP=0038:000000001eb54171 pc=000000001eb54171 SP=0030:000000001fe65740 env->regs[R_EAX]=000000000028e41c
RAX=000000000028e41c RBX=0000000000d9fe29 RCX=000000000000b008 RDX=0000000000b11a0d
RSI=000000001de53898 RDI=0000000000369e99 RBP=000000001fe65750 RSP=000000001fe65740
R8 =000000001fe657ec R9 =00000000000000a8 R10=000000001ddf6398 R11=000000001ddf6398
R12=0000000000000000 R13=0000000000000000 R14=0000000000000000 R15=000000001fe65894
RIP=000000001eb54171 RFL=00000202 [-------] CPL=0 II=0 A20=1 SMM=0 HLT=0
ES =0030 0000000000000000 ffffffff 00cf9300 DPL=0 DS   [-WA]
CS =0038 0000000000000000 ffffffff 00af9a00 DPL=0 CS64 [-R-]
SS =0030 0000000000000000 ffffffff 00cf9300 DPL=0 DS   [-WA]
DS =0030 0000000000000000 ffffffff 00cf9300 DPL=0 DS   [-WA]
FS =0030 0000000000000000 ffffffff 00cf9300 DPL=0 DS   [-WA]
GS =0030 0000000000000000 ffffffff 00cf9300 DPL=0 DS   [-WA]
LDT=0000 0000000000000000 0000ffff 00008200 DPL=0 LDT
TR =0000 0000000000000000 0000ffff 00008b00 DPL=0 TSS64-busy
GDT=     000000001f5dc000 00000047
IDT=     000000001efa4018 00000fff
CR0=80010033 CR2=0000000000000000 CR3=000000001f801000 CR4=00000668
DR0=0000000000000000 DR1=0000000000000000 DR2=0000000000000000 DR3=0000000000000000 
DR6=00000000ffff0ff0 DR7=0000000000000400
CCS=0000000000000000 CCD=000000000028e41c CCO=EFLAGS
EFER=0000000000000d00
Servicing hardware INT=0x20
   193: v=20 e=0000 i=0 cpl=0 IP=0038:000000001eb54171 pc=000000001eb54171 SP=0030:000000001fe65740 env->regs[R_EAX]=00000000002848d7
RAX=00000000002848d7 RBX=0000000000d9fe29 RCX=000000000000b008 RDX=0000000000b1b552
RSI=000000001de53898 RDI=0000000000369e99 RBP=000000001fe65750 RSP=000000001fe65740
R8 =000000001fe657ec R9 =00000000000000a8 R10=000000001ddf6398 R11=000000001ddf6398
R12=0000000000000000 R13=0000000000000000 R14=0000000000000000 R15=000000001fe65894
RIP=000000001eb54171 RFL=00000206 [-----P-] CPL=0 II=0 A20=1 SMM=0 HLT=0
ES =0030 0000000000000000 ffffffff 00cf9300 DPL=0 DS   [-WA]
CS =0038 0000000000000000 ffffffff 00af9a00 DPL=0 CS64 [-R-]
SS =0030 0000000000000000 ffffffff 00cf9300 DPL=0 DS   [-WA]
DS =0030 0000000000000000 ffffffff 00cf9300 DPL=0 DS   [-WA]
FS =0030 0000000000000000 ffffffff 00cf9300 DPL=0 DS   [-WA]
GS =0030 0000000000000000 ffffffff 00cf9300 DPL=0 DS   [-WA]
LDT=0000 0000000000000000 0000ffff 00008200 DPL=0 LDT
TR =0000 0000000000000000 0000ffff 00008b00 DPL=0 TSS64-busy
GDT=     000000001f5dc000 00000047
IDT=     000000001efa4018 00000fff
CR0=80010033 CR2=0000000000000000 CR3=000000001f801000 CR4=00000668
DR0=0000000000000000 DR1=0000000000000000 DR2=0000000000000000 DR3=0000000000000000 
DR6=00000000ffff0ff0 DR7=0000000000000400
CCS=0000000000000004 CCD=00000000002848d7 CCO=EFLAGS
EFER=0000000000000d00
Servicing hardware INT=0x20
   194: v=20 e=0000 i=0 cpl=0 IP=0038:000000001eb54171 pc=000000001eb54171 SP=0030:000000001fe65740 env->regs[R_EAX]=000000000027ccef
RAX=000000000027ccef RBX=0000000000d9fe29 RCX=000000000000b008 RDX=0000000000b2313a
RSI=000000001de53898 RDI=0000000000369e99 RBP=000000001fe65750 RSP=000000001fe65740
R8 =000000001fe657ec R9 =00000000000000a8 R10=000000001ddf6398 R11=000000001ddf6398
R12=0000000000000000 R13=0000000000000000 R14=0000000000000000 R15=000000001fe65894
RIP=000000001eb54171 RFL=00000202 [-------] CPL=0 II=0 A20=1 SMM=0 HLT=0
ES =0030 0000000000000000 ffffffff 00cf9300 DPL=0 DS   [-WA]
CS =0038 0000000000000000 ffffffff 00af9a00 DPL=0 CS64 [-R-]
SS =0030 0000000000000000 ffffffff 00cf9300 DPL=0 DS   [-WA]
DS =0030 0000000000000000 ffffffff 00cf9300 DPL=0 DS   [-WA]
FS =0030 0000000000000000 ffffffff 00cf9300 DPL=0 DS   [-WA]
GS =0030 0000000000000000 ffffffff 00cf9300 DPL=0 DS   [-WA]
LDT=0000 0000000000000000 0000ffff 00008200 DPL=0 LDT
TR =0000 0000000000000000 0000ffff 00008b00 DPL=0 TSS64-busy
GDT=     000000001f5dc000 00000047
IDT=     000000001efa4018 00000fff
CR0=80010033 CR2=0000000000000000 CR3=000000001f801000 CR4=00000668
DR0=0000000000000000 DR1=0000000000000000 DR2=0000000000000000 DR3=0000000000000000 
DR6=00000000ffff0ff0 DR7=0000000000000400
CCS=0000000000000000 CCD=000000000027ccef CCO=EFLAGS
EFER=0000000000000d00
Servicing hardware INT=0x20
   195: v=20 e=0000 i=0 cpl=0 IP=0038:000000001eb54171 pc=000000001eb54171 SP=0030:000000001fe65740 env->regs[R_EAX]=000000000027409b
RAX=000000000027409b RBX=0000000000d9fe29 RCX=000000000000b008 RDX=0000000000b2bd8e
RSI=000000001de53898 RDI=0000000000369e99 RBP=000000001fe65750 RSP=000000001fe65740
R8 =000000001fe657ec R9 =00000000000000a8 R10=000000001ddf6398 R11=000000001ddf6398
R12=0000000000000000 R13=0000000000000000 R14=0000000000000000 R15=000000001fe65894
RIP=000000001eb54171 RFL=00000202 [-------] CPL=0 II=0 A20=1 SMM=0 HLT=0
ES =0030 0000000000000000 ffffffff 00cf9300 DPL=0 DS   [-WA]
CS =0038 0000000000000000 ffffffff 00af9a00 DPL=0 CS64 [-R-]
SS =0030 0000000000000000 ffffffff 00cf9300 DPL=0 DS   [-WA]
DS =0030 0000000000000000 ffffffff 00cf9300 DPL=0 DS   [-WA]
FS =0030 0000000000000000 ffffffff 00cf9300 DPL=0 DS   [-WA]
GS =0030 0000000000000000 ffffffff 00cf9300 DPL=0 DS   [-WA]
LDT=0000 0000000000000000 0000ffff 00008200 DPL=0 LDT
TR =0000 0000000000000000 0000ffff 00008b00 DPL=0 TSS64-busy
GDT=     000000001f5dc000 00000047
IDT=     000000001efa4018 00000fff
CR0=80010033 CR2=0000000000000000 CR3=000000001f801000 CR4=00000668
DR0=0000000000000000 DR1=0000000000000000 DR2=0000000000000000 DR3=0000000000000000 
DR6=00000000ffff0ff0 DR7=0000000000000400
CCS=0000000000000000 CCD=000000000027409b CCO=EFLAGS
EFER=0000000000000d00
Servicing hardware INT=0x20
   196: v=20 e=0000 i=0 cpl=0 IP=0038:000000001eb54171 pc=000000001eb54171 SP=0030:000000001fe65740 env->regs[R_EAX]=000000000026a6c6
RAX=000000000026a6c6 RBX=0000000000d9fe29 RCX=000000000000b008 RDX=0000000000b35763
RSI=000000001de53898 RDI=0000000000369e99 RBP=000000001fe65750 RSP=000000001fe65740
R8 =000000001fe657ec R9 =00000000000000a8 R10=000000001ddf6398 R11=000000001ddf6398
R12=0000000000000000 R13=0000000000000000 R14=0000000000000000 R15=000000001fe65894
RIP=000000001eb54171 RFL=00000206 [-----P-] CPL=0 II=0 A20=1 SMM=0 HLT=0
ES =0030 0000000000000000 ffffffff 00cf9300 DPL=0 DS   [-WA]
CS =0038 0000000000000000 ffffffff 00af9a00 DPL=0 CS64 [-R-]
SS =0030 0000000000000000 ffffffff 00cf9300 DPL=0 DS   [-WA]
DS =0030 0000000000000000 ffffffff 00cf9300 DPL=0 DS   [-WA]
FS =0030 0000000000000000 ffffffff 00cf9300 DPL=0 DS   [-WA]
GS =0030 0000000000000000 ffffffff 00cf9300 DPL=0 DS   [-WA]
LDT=0000 0000000000000000 0000ffff 00008200 DPL=0 LDT
TR =0000 0000000000000000 0000ffff 00008b00 DPL=0 TSS64-busy
GDT=     000000001f5dc000 00000047
IDT=     000000001efa4018 00000fff
CR0=80010033 CR2=0000000000000000 CR3=000000001f801000 CR4=00000668
DR0=0000000000000000 DR1=0000000000000000 DR2=0000000000000000 DR3=0000000000000000 
DR6=00000000ffff0ff0 DR7=0000000000000400
CCS=0000000000000004 CCD=000000000026a6c6 CCO=EFLAGS
EFER=0000000000000d00
Servicing hardware INT=0x20
   197: v=20 e=0000 i=0 cpl=0 IP=0038:000000001eb54171 pc=000000001eb54171 SP=0030:000000001fe65740 env->regs[R_EAX]=0000000000261b20
RAX=0000000000261b20 RBX=0000000000d9fe29 RCX=000000000000b008 RDX=0000000000b3e309
RSI=000000001de53898 RDI=0000000000369e99 RBP=000000001fe65750 RSP=000000001fe65740
R8 =000000001fe657ec R9 =00000000000000a8 R10=000000001ddf6398 R11=000000001ddf6398
R12=0000000000000000 R13=0000000000000000 R14=0000000000000000 R15=000000001fe65894
RIP=000000001eb54171 RFL=00000202 [-------] CPL=0 II=0 A20=1 SMM=0 HLT=0
ES =0030 0000000000000000 ffffffff 00cf9300 DPL=0 DS   [-WA]
CS =0038 0000000000000000 ffffffff 00af9a00 DPL=0 CS64 [-R-]
SS =0030 0000000000000000 ffffffff 00cf9300 DPL=0 DS   [-WA]
DS =0030 0000000000000000 ffffffff 00cf9300 DPL=0 DS   [-WA]
FS =0030 0000000000000000 ffffffff 00cf9300 DPL=0 DS   [-WA]
GS =0030 0000000000000000 ffffffff 00cf9300 DPL=0 DS   [-WA]
LDT=0000 0000000000000000 0000ffff 00008200 DPL=0 LDT
TR =0000 0000000000000000 0000ffff 00008b00 DPL=0 TSS64-busy
GDT=     000000001f5dc000 00000047
IDT=     000000001efa4018 00000fff
CR0=80010033 CR2=0000000000000000 CR3=000000001f801000 CR4=00000668
DR0=0000000000000000 DR1=0000000000000000 DR2=0000000000000000 DR3=0000000000000000 
DR6=00000000ffff0ff0 DR7=0000000000000400
CCS=0000000000000000 CCD=0000000000261b20 CCO=EFLAGS
EFER=0000000000000d00
Servicing hardware INT=0x20
   198: v=20 e=0000 i=0 cpl=0 IP=0038:000000001eb54171 pc=000000001eb54171 SP=0030:000000001fe65740 env->regs[R_EAX]=0000000000258b81
RAX=0000000000258b81 RBX=0000000000d9fe29 RCX=000000000000b008 RDX=0000000000b472a8
RSI=000000001de53898 RDI=0000000000369e99 RBP=000000001fe65750 RSP=000000001fe65740
R8 =000000001fe657ec R9 =00000000000000a8 R10=000000001ddf6398 R11=000000001ddf6398
R12=0000000000000000 R13=0000000000000000 R14=0000000000000000 R15=000000001fe65894
RIP=000000001eb54171 RFL=00000206 [-----P-] CPL=0 II=0 A20=1 SMM=0 HLT=0
ES =0030 0000000000000000 ffffffff 00cf9300 DPL=0 DS   [-WA]
CS =0038 0000000000000000 ffffffff 00af9a00 DPL=0 CS64 [-R-]
SS =0030 0000000000000000 ffffffff 00cf9300 DPL=0 DS   [-WA]
DS =0030 0000000000000000 ffffffff 00cf9300 DPL=0 DS   [-WA]
FS =0030 0000000000000000 ffffffff 00cf9300 DPL=0 DS   [-WA]
GS =0030 0000000000000000 ffffffff 00cf9300 DPL=0 DS   [-WA]
LDT=0000 0000000000000000 0000ffff 00008200 DPL=0 LDT
TR =0000 0000000000000000 0000ffff 00008b00 DPL=0 TSS64-busy
GDT=     000000001f5dc000 00000047
IDT=     000000001efa4018 00000fff
CR0=80010033 CR2=0000000000000000 CR3=000000001f801000 CR4=00000668
DR0=0000000000000000 DR1=0000000000000000 DR2=0000000000000000 DR3=0000000000000000 
DR6=00000000ffff0ff0 DR7=0000000000000400
CCS=0000000000000004 CCD=0000000000258b81 CCO=EFLAGS
EFER=0000000000000d00
Servicing hardware INT=0x20
   199: v=20 e=0000 i=0 cpl=0 IP=0038:000000001eb54171 pc=000000001eb54171 SP=0030:000000001fe65740 env->regs[R_EAX]=00000000002500f3
RAX=00000000002500f3 RBX=0000000000d9fe29 RCX=000000000000b008 RDX=0000000000b4fd36
RSI=000000001de53898 RDI=0000000000369e99 RBP=000000001fe65750 RSP=000000001fe65740
R8 =000000001fe657ec R9 =00000000000000a8 R10=000000001ddf6398 R11=000000001ddf6398
R12=0000000000000000 R13=0000000000000000 R14=0000000000000000 R15=000000001fe65894
RIP=000000001eb54171 RFL=00000206 [-----P-] CPL=0 II=0 A20=1 SMM=0 HLT=0
ES =0030 0000000000000000 ffffffff 00cf9300 DPL=0 DS   [-WA]
CS =0038 0000000000000000 ffffffff 00af9a00 DPL=0 CS64 [-R-]
SS =0030 0000000000000000 ffffffff 00cf9300 DPL=0 DS   [-WA]
DS =0030 0000000000000000 ffffffff 00cf9300 DPL=0 DS   [-WA]
FS =0030 0000000000000000 ffffffff 00cf9300 DPL=0 DS   [-WA]
GS =0030 0000000000000000 ffffffff 00cf9300 DPL=0 DS   [-WA]
LDT=0000 0000000000000000 0000ffff 00008200 DPL=0 LDT
TR =0000 0000000000000000 0000ffff 00008b00 DPL=0 TSS64-busy
GDT=     000000001f5dc000 00000047
IDT=     000000001efa4018 00000fff
CR0=80010033 CR2=0000000000000000 CR3=000000001f801000 CR4=00000668
DR0=0000000000000000 DR1=0000000000000000 DR2=0000000000000000 DR3=0000000000000000 
DR6=00000000ffff0ff0 DR7=0000000000000400
CCS=0000000000000004 CCD=00000000002500f3 CCO=EFLAGS
EFER=0000000000000d00
Servicing hardware INT=0x20
   200: v=20 e=0000 i=0 cpl=0 IP=0038:000000001eb54171 pc=000000001eb54171 SP=0030:000000001fe65740 env->regs[R_EAX]=00000000002483b0
RAX=00000000002483b0 RBX=0000000000d9fe29 RCX=000000000000b008 RDX=0000000000b57a79
RSI=000000001de53898 RDI=0000000000369e99 RBP=000000001fe65750 RSP=000000001fe65740
R8 =000000001fe657ec R9 =00000000000000a8 R10=000000001ddf6398 R11=000000001ddf6398
R12=0000000000000000 R13=0000000000000000 R14=0000000000000000 R15=000000001fe65894
RIP=000000001eb54171 RFL=00000202 [-------] CPL=0 II=0 A20=1 SMM=0 HLT=0
ES =0030 0000000000000000 ffffffff 00cf9300 DPL=0 DS   [-WA]
CS =0038 0000000000000000 ffffffff 00af9a00 DPL=0 CS64 [-R-]
SS =0030 0000000000000000 ffffffff 00cf9300 DPL=0 DS   [-WA]
DS =0030 0000000000000000 ffffffff 00cf9300 DPL=0 DS   [-WA]
FS =0030 0000000000000000 ffffffff 00cf9300 DPL=0 DS   [-WA]
GS =0030 0000000000000000 ffffffff 00cf9300 DPL=0 DS   [-WA]
LDT=0000 0000000000000000 0000ffff 00008200 DPL=0 LDT
TR =0000 0000000000000000 0000ffff 00008b00 DPL=0 TSS64-busy
GDT=     000000001f5dc000 00000047
IDT=     000000001efa4018 00000fff
CR0=80010033 CR2=0000000000000000 CR3=000000001f801000 CR4=00000668
DR0=0000000000000000 DR1=0000000000000000 DR2=0000000000000000 DR3=0000000000000000 
DR6=00000000ffff0ff0 DR7=0000000000000400
CCS=0000000000000000 CCD=00000000002483b0 CCO=EFLAGS
EFER=0000000000000d00
Servicing hardware INT=0x20
   201: v=20 e=0000 i=0 cpl=0 IP=0038:000000001eb54171 pc=000000001eb54171 SP=0030:000000001fe65740 env->regs[R_EAX]=000000000023e9e3
RAX=000000000023e9e3 RBX=0000000000d9fe29 RCX=000000000000b008 RDX=0000000000b61446
RSI=000000001de53898 RDI=0000000000369e99 RBP=000000001fe65750 RSP=000000001fe65740
R8 =000000001fe657ec R9 =00000000000000a8 R10=000000001ddf6398 R11=000000001ddf6398
R12=0000000000000000 R13=0000000000000000 R14=0000000000000000 R15=000000001fe65894
RIP=000000001eb54171 RFL=00000202 [-------] CPL=0 II=0 A20=1 SMM=0 HLT=0
ES =0030 0000000000000000 ffffffff 00cf9300 DPL=0 DS   [-WA]
CS =0038 0000000000000000 ffffffff 00af9a00 DPL=0 CS64 [-R-]
SS =0030 0000000000000000 ffffffff 00cf9300 DPL=0 DS   [-WA]
DS =0030 0000000000000000 ffffffff 00cf9300 DPL=0 DS   [-WA]
FS =0030 0000000000000000 ffffffff 00cf9300 DPL=0 DS   [-WA]
GS =0030 0000000000000000 ffffffff 00cf9300 DPL=0 DS   [-WA]
LDT=0000 0000000000000000 0000ffff 00008200 DPL=0 LDT
TR =0000 0000000000000000 0000ffff 00008b00 DPL=0 TSS64-busy
GDT=     000000001f5dc000 00000047
IDT=     000000001efa4018 00000fff
CR0=80010033 CR2=0000000000000000 CR3=000000001f801000 CR4=00000668
DR0=0000000000000000 DR1=0000000000000000 DR2=0000000000000000 DR3=0000000000000000 
DR6=00000000ffff0ff0 DR7=0000000000000400
CCS=0000000000000000 CCD=000000000023e9e3 CCO=EFLAGS
EFER=0000000000000d00
Servicing hardware INT=0x20
   202: v=20 e=0000 i=0 cpl=0 IP=0038:000000001eb54171 pc=000000001eb54171 SP=0030:000000001fe65740 env->regs[R_EAX]=0000000000237c22
RAX=0000000000237c22 RBX=0000000000d9fe29 RCX=000000000000b008 RDX=0000000000b68207
RSI=000000001de53898 RDI=0000000000369e99 RBP=000000001fe65750 RSP=000000001fe65740
R8 =000000001fe657ec R9 =00000000000000a8 R10=000000001ddf6398 R11=000000001ddf6398
R12=0000000000000000 R13=0000000000000000 R14=0000000000000000 R15=000000001fe65894
RIP=000000001eb54171 RFL=00000206 [-----P-] CPL=0 II=0 A20=1 SMM=0 HLT=0
ES =0030 0000000000000000 ffffffff 00cf9300 DPL=0 DS   [-WA]
CS =0038 0000000000000000 ffffffff 00af9a00 DPL=0 CS64 [-R-]
SS =0030 0000000000000000 ffffffff 00cf9300 DPL=0 DS   [-WA]
DS =0030 0000000000000000 ffffffff 00cf9300 DPL=0 DS   [-WA]
FS =0030 0000000000000000 ffffffff 00cf9300 DPL=0 DS   [-WA]
GS =0030 0000000000000000 ffffffff 00cf9300 DPL=0 DS   [-WA]
LDT=0000 0000000000000000 0000ffff 00008200 DPL=0 LDT
TR =0000 0000000000000000 0000ffff 00008b00 DPL=0 TSS64-busy
GDT=     000000001f5dc000 00000047
IDT=     000000001efa4018 00000fff
CR0=80010033 CR2=0000000000000000 CR3=000000001f801000 CR4=00000668
DR0=0000000000000000 DR1=0000000000000000 DR2=0000000000000000 DR3=0000000000000000 
DR6=00000000ffff0ff0 DR7=0000000000000400
CCS=0000000000000004 CCD=0000000000237c22 CCO=EFLAGS
EFER=0000000000000d00
Servicing hardware INT=0x20
   203: v=20 e=0000 i=0 cpl=0 IP=0038:000000001eb54171 pc=000000001eb54171 SP=0030:000000001fe65740 env->regs[R_EAX]=000000000022ddd4
RAX=000000000022ddd4 RBX=0000000000d9fe29 RCX=000000000000b008 RDX=0000000000b72055
RSI=000000001de53898 RDI=0000000000369e99 RBP=000000001fe65750 RSP=000000001fe65740
R8 =000000001fe657ec R9 =00000000000000a8 R10=000000001ddf6398 R11=000000001ddf6398
R12=0000000000000000 R13=0000000000000000 R14=0000000000000000 R15=000000001fe65894
RIP=000000001eb54171 RFL=00000206 [-----P-] CPL=0 II=0 A20=1 SMM=0 HLT=0
ES =0030 0000000000000000 ffffffff 00cf9300 DPL=0 DS   [-WA]
CS =0038 0000000000000000 ffffffff 00af9a00 DPL=0 CS64 [-R-]
SS =0030 0000000000000000 ffffffff 00cf9300 DPL=0 DS   [-WA]
DS =0030 0000000000000000 ffffffff 00cf9300 DPL=0 DS   [-WA]
FS =0030 0000000000000000 ffffffff 00cf9300 DPL=0 DS   [-WA]
GS =0030 0000000000000000 ffffffff 00cf9300 DPL=0 DS   [-WA]
LDT=0000 0000000000000000 0000ffff 00008200 DPL=0 LDT
TR =0000 0000000000000000 0000ffff 00008b00 DPL=0 TSS64-busy
GDT=     000000001f5dc000 00000047
IDT=     000000001efa4018 00000fff
CR0=80010033 CR2=0000000000000000 CR3=000000001f801000 CR4=00000668
DR0=0000000000000000 DR1=0000000000000000 DR2=0000000000000000 DR3=0000000000000000 
DR6=00000000ffff0ff0 DR7=0000000000000400
CCS=0000000000000004 CCD=000000000022ddd4 CCO=EFLAGS
EFER=0000000000000d00
Servicing hardware INT=0x20
   204: v=20 e=0000 i=0 cpl=0 IP=0038:000000001eb54171 pc=000000001eb54171 SP=0030:000000001fe65740 env->regs[R_EAX]=000000000022534e
RAX=000000000022534e RBX=0000000000d9fe29 RCX=000000000000b008 RDX=0000000000b7aadb
RSI=000000001de53898 RDI=0000000000369e99 RBP=000000001fe65750 RSP=000000001fe65740
R8 =000000001fe657ec R9 =00000000000000a8 R10=000000001ddf6398 R11=000000001ddf6398
R12=0000000000000000 R13=0000000000000000 R14=0000000000000000 R15=000000001fe65894
RIP=000000001eb54171 RFL=00000206 [-----P-] CPL=0 II=0 A20=1 SMM=0 HLT=0
ES =0030 0000000000000000 ffffffff 00cf9300 DPL=0 DS   [-WA]
CS =0038 0000000000000000 ffffffff 00af9a00 DPL=0 CS64 [-R-]
SS =0030 0000000000000000 ffffffff 00cf9300 DPL=0 DS   [-WA]
DS =0030 0000000000000000 ffffffff 00cf9300 DPL=0 DS   [-WA]
FS =0030 0000000000000000 ffffffff 00cf9300 DPL=0 DS   [-WA]
GS =0030 0000000000000000 ffffffff 00cf9300 DPL=0 DS   [-WA]
LDT=0000 0000000000000000 0000ffff 00008200 DPL=0 LDT
TR =0000 0000000000000000 0000ffff 00008b00 DPL=0 TSS64-busy
GDT=     000000001f5dc000 00000047
IDT=     000000001efa4018 00000fff
CR0=80010033 CR2=0000000000000000 CR3=000000001f801000 CR4=00000668
DR0=0000000000000000 DR1=0000000000000000 DR2=0000000000000000 DR3=0000000000000000 
DR6=00000000ffff0ff0 DR7=0000000000000400
CCS=0000000000000004 CCD=000000000022534e CCO=EFLAGS
EFER=0000000000000d00
Servicing hardware INT=0x20
   205: v=20 e=0000 i=0 cpl=0 IP=0038:000000001eb54171 pc=000000001eb54171 SP=0030:000000001fe65740 env->regs[R_EAX]=000000000021c772
RAX=000000000021c772 RBX=0000000000d9fe29 RCX=000000000000b008 RDX=0000000000b836b7
RSI=000000001de53898 RDI=0000000000369e99 RBP=000000001fe65750 RSP=000000001fe65740
R8 =000000001fe657ec R9 =00000000000000a8 R10=000000001ddf6398 R11=000000001ddf6398
R12=0000000000000000 R13=0000000000000000 R14=0000000000000000 R15=000000001fe65894
RIP=000000001eb54171 RFL=00000206 [-----P-] CPL=0 II=0 A20=1 SMM=0 HLT=0
ES =0030 0000000000000000 ffffffff 00cf9300 DPL=0 DS   [-WA]
CS =0038 0000000000000000 ffffffff 00af9a00 DPL=0 CS64 [-R-]
SS =0030 0000000000000000 ffffffff 00cf9300 DPL=0 DS   [-WA]
DS =0030 0000000000000000 ffffffff 00cf9300 DPL=0 DS   [-WA]
FS =0030 0000000000000000 ffffffff 00cf9300 DPL=0 DS   [-WA]
GS =0030 0000000000000000 ffffffff 00cf9300 DPL=0 DS   [-WA]
LDT=0000 0000000000000000 0000ffff 00008200 DPL=0 LDT
TR =0000 0000000000000000 0000ffff 00008b00 DPL=0 TSS64-busy
GDT=     000000001f5dc000 00000047
IDT=     000000001efa4018 00000fff
CR0=80010033 CR2=0000000000000000 CR3=000000001f801000 CR4=00000668
DR0=0000000000000000 DR1=0000000000000000 DR2=0000000000000000 DR3=0000000000000000 
DR6=00000000ffff0ff0 DR7=0000000000000400
CCS=0000000000000004 CCD=000000000021c772 CCO=EFLAGS
EFER=0000000000000d00
Servicing hardware INT=0x20
   206: v=20 e=0000 i=0 cpl=0 IP=0038:000000001eb54171 pc=000000001eb54171 SP=0030:000000001fe65740 env->regs[R_EAX]=0000000000213c25
RAX=0000000000213c25 RBX=0000000000d9fe29 RCX=000000000000b008 RDX=0000000000b8c204
RSI=000000001de53898 RDI=0000000000369e99 RBP=000000001fe65750 RSP=000000001fe65740
R8 =000000001fe657ec R9 =00000000000000a8 R10=000000001ddf6398 R11=000000001ddf6398
R12=0000000000000000 R13=0000000000000000 R14=0000000000000000 R15=000000001fe65894
RIP=000000001eb54171 RFL=00000202 [-------] CPL=0 II=0 A20=1 SMM=0 HLT=0
ES =0030 0000000000000000 ffffffff 00cf9300 DPL=0 DS   [-WA]
CS =0038 0000000000000000 ffffffff 00af9a00 DPL=0 CS64 [-R-]
SS =0030 0000000000000000 ffffffff 00cf9300 DPL=0 DS   [-WA]
DS =0030 0000000000000000 ffffffff 00cf9300 DPL=0 DS   [-WA]
FS =0030 0000000000000000 ffffffff 00cf9300 DPL=0 DS   [-WA]
GS =0030 0000000000000000 ffffffff 00cf9300 DPL=0 DS   [-WA]
LDT=0000 0000000000000000 0000ffff 00008200 DPL=0 LDT
TR =0000 0000000000000000 0000ffff 00008b00 DPL=0 TSS64-busy
GDT=     000000001f5dc000 00000047
IDT=     000000001efa4018 00000fff
CR0=80010033 CR2=0000000000000000 CR3=000000001f801000 CR4=00000668
DR0=0000000000000000 DR1=0000000000000000 DR2=0000000000000000 DR3=0000000000000000 
DR6=00000000ffff0ff0 DR7=0000000000000400
CCS=0000000000000000 CCD=0000000000213c25 CCO=EFLAGS
EFER=0000000000000d00
Servicing hardware INT=0x20
   207: v=20 e=0000 i=0 cpl=0 IP=0038:000000001eb54171 pc=000000001eb54171 SP=0030:000000001fe65740 env->regs[R_EAX]=000000000020a1bd
RAX=000000000020a1bd RBX=0000000000d9fe29 RCX=000000000000b008 RDX=0000000000b95c6c
RSI=000000001de53898 RDI=0000000000369e99 RBP=000000001fe65750 RSP=000000001fe65740
R8 =000000001fe657ec R9 =00000000000000a8 R10=000000001ddf6398 R11=000000001ddf6398
R12=0000000000000000 R13=0000000000000000 R14=0000000000000000 R15=000000001fe65894
RIP=000000001eb54171 RFL=00000206 [-----P-] CPL=0 II=0 A20=1 SMM=0 HLT=0
ES =0030 0000000000000000 ffffffff 00cf9300 DPL=0 DS   [-WA]
CS =0038 0000000000000000 ffffffff 00af9a00 DPL=0 CS64 [-R-]
SS =0030 0000000000000000 ffffffff 00cf9300 DPL=0 DS   [-WA]
DS =0030 0000000000000000 ffffffff 00cf9300 DPL=0 DS   [-WA]
FS =0030 0000000000000000 ffffffff 00cf9300 DPL=0 DS   [-WA]
GS =0030 0000000000000000 ffffffff 00cf9300 DPL=0 DS   [-WA]
LDT=0000 0000000000000000 0000ffff 00008200 DPL=0 LDT
TR =0000 0000000000000000 0000ffff 00008b00 DPL=0 TSS64-busy
GDT=     000000001f5dc000 00000047
IDT=     000000001efa4018 00000fff
CR0=80010033 CR2=0000000000000000 CR3=000000001f801000 CR4=00000668
DR0=0000000000000000 DR1=0000000000000000 DR2=0000000000000000 DR3=0000000000000000 
DR6=00000000ffff0ff0 DR7=0000000000000400
CCS=0000000000000004 CCD=000000000020a1bd CCO=EFLAGS
EFER=0000000000000d00
Servicing hardware INT=0x20
   208: v=20 e=0000 i=0 cpl=0 IP=0038:000000001eb54171 pc=000000001eb54171 SP=0030:000000001fe65740 env->regs[R_EAX]=00000000002030f6
RAX=00000000002030f6 RBX=0000000000d9fe29 RCX=000000000000b008 RDX=0000000000b9cd33
RSI=000000001de53898 RDI=0000000000369e99 RBP=000000001fe65750 RSP=000000001fe65740
R8 =000000001fe657ec R9 =00000000000000a8 R10=000000001ddf6398 R11=000000001ddf6398
R12=0000000000000000 R13=0000000000000000 R14=0000000000000000 R15=000000001fe65894
RIP=000000001eb54171 RFL=00000206 [-----P-] CPL=0 II=0 A20=1 SMM=0 HLT=0
ES =0030 0000000000000000 ffffffff 00cf9300 DPL=0 DS   [-WA]
CS =0038 0000000000000000 ffffffff 00af9a00 DPL=0 CS64 [-R-]
SS =0030 0000000000000000 ffffffff 00cf9300 DPL=0 DS   [-WA]
DS =0030 0000000000000000 ffffffff 00cf9300 DPL=0 DS   [-WA]
FS =0030 0000000000000000 ffffffff 00cf9300 DPL=0 DS   [-WA]
GS =0030 0000000000000000 ffffffff 00cf9300 DPL=0 DS   [-WA]
LDT=0000 0000000000000000 0000ffff 00008200 DPL=0 LDT
TR =0000 0000000000000000 0000ffff 00008b00 DPL=0 TSS64-busy
GDT=     000000001f5dc000 00000047
IDT=     000000001efa4018 00000fff
CR0=80010033 CR2=0000000000000000 CR3=000000001f801000 CR4=00000668
DR0=0000000000000000 DR1=0000000000000000 DR2=0000000000000000 DR3=0000000000000000 
DR6=00000000ffff0ff0 DR7=0000000000000400
CCS=0000000000000004 CCD=00000000002030f6 CCO=EFLAGS
EFER=0000000000000d00
Servicing hardware INT=0x20
   209: v=20 e=0000 i=0 cpl=0 IP=0038:000000001eb54171 pc=000000001eb54171 SP=0030:000000001fe65740 env->regs[R_EAX]=00000000001fa5d1
RAX=00000000001fa5d1 RBX=0000000000d9fe29 RCX=000000000000b008 RDX=0000000000ba5858
RSI=000000001de53898 RDI=0000000000369e99 RBP=000000001fe65750 RSP=000000001fe65740
R8 =000000001fe657ec R9 =00000000000000a8 R10=000000001ddf6398 R11=000000001ddf6398
R12=0000000000000000 R13=0000000000000000 R14=0000000000000000 R15=000000001fe65894
RIP=000000001eb54171 RFL=00000206 [-----P-] CPL=0 II=0 A20=1 SMM=0 HLT=0
ES =0030 0000000000000000 ffffffff 00cf9300 DPL=0 DS   [-WA]
CS =0038 0000000000000000 ffffffff 00af9a00 DPL=0 CS64 [-R-]
SS =0030 0000000000000000 ffffffff 00cf9300 DPL=0 DS   [-WA]
DS =0030 0000000000000000 ffffffff 00cf9300 DPL=0 DS   [-WA]
FS =0030 0000000000000000 ffffffff 00cf9300 DPL=0 DS   [-WA]
GS =0030 0000000000000000 ffffffff 00cf9300 DPL=0 DS   [-WA]
LDT=0000 0000000000000000 0000ffff 00008200 DPL=0 LDT
TR =0000 0000000000000000 0000ffff 00008b00 DPL=0 TSS64-busy
GDT=     000000001f5dc000 00000047
IDT=     000000001efa4018 00000fff
CR0=80010033 CR2=0000000000000000 CR3=000000001f801000 CR4=00000668
DR0=0000000000000000 DR1=0000000000000000 DR2=0000000000000000 DR3=0000000000000000 
DR6=00000000ffff0ff0 DR7=0000000000000400
CCS=0000000000000004 CCD=00000000001fa5d1 CCO=EFLAGS
EFER=0000000000000d00
Servicing hardware INT=0x20
   210: v=20 e=0000 i=0 cpl=0 IP=0038:000000001eb54171 pc=000000001eb54171 SP=0030:000000001fe65740 env->regs[R_EAX]=00000000001f0c5e
RAX=00000000001f0c5e RBX=0000000000d9fe29 RCX=000000000000b008 RDX=0000000000baf1cb
RSI=000000001de53898 RDI=0000000000369e99 RBP=000000001fe65750 RSP=000000001fe65740
R8 =000000001fe657ec R9 =00000000000000a8 R10=000000001ddf6398 R11=000000001ddf6398
R12=0000000000000000 R13=0000000000000000 R14=0000000000000000 R15=000000001fe65894
RIP=000000001eb54171 RFL=00000202 [-------] CPL=0 II=0 A20=1 SMM=0 HLT=0
ES =0030 0000000000000000 ffffffff 00cf9300 DPL=0 DS   [-WA]
CS =0038 0000000000000000 ffffffff 00af9a00 DPL=0 CS64 [-R-]
SS =0030 0000000000000000 ffffffff 00cf9300 DPL=0 DS   [-WA]
DS =0030 0000000000000000 ffffffff 00cf9300 DPL=0 DS   [-WA]
FS =0030 0000000000000000 ffffffff 00cf9300 DPL=0 DS   [-WA]
GS =0030 0000000000000000 ffffffff 00cf9300 DPL=0 DS   [-WA]
LDT=0000 0000000000000000 0000ffff 00008200 DPL=0 LDT
TR =0000 0000000000000000 0000ffff 00008b00 DPL=0 TSS64-busy
GDT=     000000001f5dc000 00000047
IDT=     000000001efa4018 00000fff
CR0=80010033 CR2=0000000000000000 CR3=000000001f801000 CR4=00000668
DR0=0000000000000000 DR1=0000000000000000 DR2=0000000000000000 DR3=0000000000000000 
DR6=00000000ffff0ff0 DR7=0000000000000400
CCS=0000000000000000 CCD=00000000001f0c5e CCO=EFLAGS
EFER=0000000000000d00
Servicing hardware INT=0x20
   211: v=20 e=0000 i=0 cpl=0 IP=0038:000000001eb54171 pc=000000001eb54171 SP=0030:000000001fe65740 env->regs[R_EAX]=00000000001e8088
RAX=00000000001e8088 RBX=0000000000d9fe29 RCX=000000000000b008 RDX=0000000000bb7da1
RSI=000000001de53898 RDI=0000000000369e99 RBP=000000001fe65750 RSP=000000001fe65740
R8 =000000001fe657ec R9 =00000000000000a8 R10=000000001ddf6398 R11=000000001ddf6398
R12=0000000000000000 R13=0000000000000000 R14=0000000000000000 R15=000000001fe65894
RIP=000000001eb54171 RFL=00000206 [-----P-] CPL=0 II=0 A20=1 SMM=0 HLT=0
ES =0030 0000000000000000 ffffffff 00cf9300 DPL=0 DS   [-WA]
CS =0038 0000000000000000 ffffffff 00af9a00 DPL=0 CS64 [-R-]
SS =0030 0000000000000000 ffffffff 00cf9300 DPL=0 DS   [-WA]
DS =0030 0000000000000000 ffffffff 00cf9300 DPL=0 DS   [-WA]
FS =0030 0000000000000000 ffffffff 00cf9300 DPL=0 DS   [-WA]
GS =0030 0000000000000000 ffffffff 00cf9300 DPL=0 DS   [-WA]
LDT=0000 0000000000000000 0000ffff 00008200 DPL=0 LDT
TR =0000 0000000000000000 0000ffff 00008b00 DPL=0 TSS64-busy
GDT=     000000001f5dc000 00000047
IDT=     000000001efa4018 00000fff
CR0=80010033 CR2=0000000000000000 CR3=000000001f801000 CR4=00000668
DR0=0000000000000000 DR1=0000000000000000 DR2=0000000000000000 DR3=0000000000000000 
DR6=00000000ffff0ff0 DR7=0000000000000400
CCS=0000000000000004 CCD=00000000001e8088 CCO=EFLAGS
EFER=0000000000000d00
Servicing hardware INT=0x20
   212: v=20 e=0000 i=0 cpl=0 IP=0038:000000001eb54171 pc=000000001eb54171 SP=0030:000000001fe65740 env->regs[R_EAX]=00000000001de652
RAX=00000000001de652 RBX=0000000000d9fe29 RCX=000000000000b008 RDX=0000000000bc17d7
RSI=000000001de53898 RDI=0000000000369e99 RBP=000000001fe65750 RSP=000000001fe65740
R8 =000000001fe657ec R9 =00000000000000a8 R10=000000001ddf6398 R11=000000001ddf6398
R12=0000000000000000 R13=0000000000000000 R14=0000000000000000 R15=000000001fe65894
RIP=000000001eb54171 RFL=00000202 [-------] CPL=0 II=0 A20=1 SMM=0 HLT=0
ES =0030 0000000000000000 ffffffff 00cf9300 DPL=0 DS   [-WA]
CS =0038 0000000000000000 ffffffff 00af9a00 DPL=0 CS64 [-R-]
SS =0030 0000000000000000 ffffffff 00cf9300 DPL=0 DS   [-WA]
DS =0030 0000000000000000 ffffffff 00cf9300 DPL=0 DS   [-WA]
FS =0030 0000000000000000 ffffffff 00cf9300 DPL=0 DS   [-WA]
GS =0030 0000000000000000 ffffffff 00cf9300 DPL=0 DS   [-WA]
LDT=0000 0000000000000000 0000ffff 00008200 DPL=0 LDT
TR =0000 0000000000000000 0000ffff 00008b00 DPL=0 TSS64-busy
GDT=     000000001f5dc000 00000047
IDT=     000000001efa4018 00000fff
CR0=80010033 CR2=0000000000000000 CR3=000000001f801000 CR4=00000668
DR0=0000000000000000 DR1=0000000000000000 DR2=0000000000000000 DR3=0000000000000000 
DR6=00000000ffff0ff0 DR7=0000000000000400
CCS=0000000000000000 CCD=00000000001de652 CCO=EFLAGS
EFER=0000000000000d00
Servicing hardware INT=0x20
   213: v=20 e=0000 i=0 cpl=0 IP=0038:000000001eb54171 pc=000000001eb54171 SP=0030:000000001fe65740 env->regs[R_EAX]=00000000001d68e4
RAX=00000000001d68e4 RBX=0000000000d9fe29 RCX=000000000000b008 RDX=0000000000bc9545
RSI=000000001de53898 RDI=0000000000369e99 RBP=000000001fe65750 RSP=000000001fe65740
R8 =000000001fe657ec R9 =00000000000000a8 R10=000000001ddf6398 R11=000000001ddf6398
R12=0000000000000000 R13=0000000000000000 R14=0000000000000000 R15=000000001fe65894
RIP=000000001eb54171 RFL=00000206 [-----P-] CPL=0 II=0 A20=1 SMM=0 HLT=0
ES =0030 0000000000000000 ffffffff 00cf9300 DPL=0 DS   [-WA]
CS =0038 0000000000000000 ffffffff 00af9a00 DPL=0 CS64 [-R-]
SS =0030 0000000000000000 ffffffff 00cf9300 DPL=0 DS   [-WA]
DS =0030 0000000000000000 ffffffff 00cf9300 DPL=0 DS   [-WA]
FS =0030 0000000000000000 ffffffff 00cf9300 DPL=0 DS   [-WA]
GS =0030 0000000000000000 ffffffff 00cf9300 DPL=0 DS   [-WA]
LDT=0000 0000000000000000 0000ffff 00008200 DPL=0 LDT
TR =0000 0000000000000000 0000ffff 00008b00 DPL=0 TSS64-busy
GDT=     000000001f5dc000 00000047
IDT=     000000001efa4018 00000fff
CR0=80010033 CR2=0000000000000000 CR3=000000001f801000 CR4=00000668
DR0=0000000000000000 DR1=0000000000000000 DR2=0000000000000000 DR3=0000000000000000 
DR6=00000000ffff0ff0 DR7=0000000000000400
CCS=0000000000000004 CCD=00000000001d68e4 CCO=EFLAGS
EFER=0000000000000d00
Servicing hardware INT=0x20
   214: v=20 e=0000 i=0 cpl=0 IP=0038:000000001eb54171 pc=000000001eb54171 SP=0030:000000001fe65740 env->regs[R_EAX]=00000000001cdda3
RAX=00000000001cdda3 RBX=0000000000d9fe29 RCX=000000000000b008 RDX=0000000000bd2086
RSI=000000001de53898 RDI=0000000000369e99 RBP=000000001fe65750 RSP=000000001fe65740
R8 =000000001fe657ec R9 =00000000000000a8 R10=000000001ddf6398 R11=000000001ddf6398
R12=0000000000000000 R13=0000000000000000 R14=0000000000000000 R15=000000001fe65894
RIP=000000001eb54171 RFL=00000206 [-----P-] CPL=0 II=0 A20=1 SMM=0 HLT=0
ES =0030 0000000000000000 ffffffff 00cf9300 DPL=0 DS   [-WA]
CS =0038 0000000000000000 ffffffff 00af9a00 DPL=0 CS64 [-R-]
SS =0030 0000000000000000 ffffffff 00cf9300 DPL=0 DS   [-WA]
DS =0030 0000000000000000 ffffffff 00cf9300 DPL=0 DS   [-WA]
FS =0030 0000000000000000 ffffffff 00cf9300 DPL=0 DS   [-WA]
GS =0030 0000000000000000 ffffffff 00cf9300 DPL=0 DS   [-WA]
LDT=0000 0000000000000000 0000ffff 00008200 DPL=0 LDT
TR =0000 0000000000000000 0000ffff 00008b00 DPL=0 TSS64-busy
GDT=     000000001f5dc000 00000047
IDT=     000000001efa4018 00000fff
CR0=80010033 CR2=0000000000000000 CR3=000000001f801000 CR4=00000668
DR0=0000000000000000 DR1=0000000000000000 DR2=0000000000000000 DR3=0000000000000000 
DR6=00000000ffff0ff0 DR7=0000000000000400
CCS=0000000000000004 CCD=00000000001cdda3 CCO=EFLAGS
EFER=0000000000000d00
Servicing hardware INT=0x20
   215: v=20 e=0000 i=0 cpl=0 IP=0038:000000001eb54171 pc=000000001eb54171 SP=0030:000000001fe65740 env->regs[R_EAX]=00000000001c513d
RAX=00000000001c513d RBX=0000000000d9fe29 RCX=000000000000b008 RDX=0000000000bdacec
RSI=000000001de53898 RDI=0000000000369e99 RBP=000000001fe65750 RSP=000000001fe65740
R8 =000000001fe657ec R9 =00000000000000a8 R10=000000001ddf6398 R11=000000001ddf6398
R12=0000000000000000 R13=0000000000000000 R14=0000000000000000 R15=000000001fe65894
RIP=000000001eb54171 RFL=00000202 [-------] CPL=0 II=0 A20=1 SMM=0 HLT=0
ES =0030 0000000000000000 ffffffff 00cf9300 DPL=0 DS   [-WA]
CS =0038 0000000000000000 ffffffff 00af9a00 DPL=0 CS64 [-R-]
SS =0030 0000000000000000 ffffffff 00cf9300 DPL=0 DS   [-WA]
DS =0030 0000000000000000 ffffffff 00cf9300 DPL=0 DS   [-WA]
FS =0030 0000000000000000 ffffffff 00cf9300 DPL=0 DS   [-WA]
GS =0030 0000000000000000 ffffffff 00cf9300 DPL=0 DS   [-WA]
LDT=0000 0000000000000000 0000ffff 00008200 DPL=0 LDT
TR =0000 0000000000000000 0000ffff 00008b00 DPL=0 TSS64-busy
GDT=     000000001f5dc000 00000047
IDT=     000000001efa4018 00000fff
CR0=80010033 CR2=0000000000000000 CR3=000000001f801000 CR4=00000668
DR0=0000000000000000 DR1=0000000000000000 DR2=0000000000000000 DR3=0000000000000000 
DR6=00000000ffff0ff0 DR7=0000000000000400
CCS=0000000000000000 CCD=00000000001c513d CCO=EFLAGS
EFER=0000000000000d00
Servicing hardware INT=0x20
   216: v=20 e=0000 i=0 cpl=0 IP=0038:000000001eb54171 pc=000000001eb54171 SP=0030:000000001fe65740 env->regs[R_EAX]=00000000001bc453
RAX=00000000001bc453 RBX=0000000000d9fe29 RCX=000000000000b008 RDX=0000000000be39d6
RSI=000000001de53898 RDI=0000000000369e99 RBP=000000001fe65750 RSP=000000001fe65740
R8 =000000001fe657ec R9 =00000000000000a8 R10=000000001ddf6398 R11=000000001ddf6398
R12=0000000000000000 R13=0000000000000000 R14=0000000000000000 R15=000000001fe65894
RIP=000000001eb54171 RFL=00000206 [-----P-] CPL=0 II=0 A20=1 SMM=0 HLT=0
ES =0030 0000000000000000 ffffffff 00cf9300 DPL=0 DS   [-WA]
CS =0038 0000000000000000 ffffffff 00af9a00 DPL=0 CS64 [-R-]
SS =0030 0000000000000000 ffffffff 00cf9300 DPL=0 DS   [-WA]
DS =0030 0000000000000000 ffffffff 00cf9300 DPL=0 DS   [-WA]
FS =0030 0000000000000000 ffffffff 00cf9300 DPL=0 DS   [-WA]
GS =0030 0000000000000000 ffffffff 00cf9300 DPL=0 DS   [-WA]
LDT=0000 0000000000000000 0000ffff 00008200 DPL=0 LDT
TR =0000 0000000000000000 0000ffff 00008b00 DPL=0 TSS64-busy
GDT=     000000001f5dc000 00000047
IDT=     000000001efa4018 00000fff
CR0=80010033 CR2=0000000000000000 CR3=000000001f801000 CR4=00000668
DR0=0000000000000000 DR1=0000000000000000 DR2=0000000000000000 DR3=0000000000000000 
DR6=00000000ffff0ff0 DR7=0000000000000400
CCS=0000000000000004 CCD=00000000001bc453 CCO=EFLAGS
EFER=0000000000000d00
Servicing hardware INT=0x20
   217: v=20 e=0000 i=0 cpl=0 IP=0038:000000001eb54171 pc=000000001eb54171 SP=0030:000000001fe65740 env->regs[R_EAX]=00000000001b4821
RAX=00000000001b4821 RBX=0000000000d9fe29 RCX=000000000000b008 RDX=0000000000beb608
RSI=000000001de53898 RDI=0000000000369e99 RBP=000000001fe65750 RSP=000000001fe65740
R8 =000000001fe657ec R9 =00000000000000a8 R10=000000001ddf6398 R11=000000001ddf6398
R12=0000000000000000 R13=0000000000000000 R14=0000000000000000 R15=000000001fe65894
RIP=000000001eb54171 RFL=00000206 [-----P-] CPL=0 II=0 A20=1 SMM=0 HLT=0
ES =0030 0000000000000000 ffffffff 00cf9300 DPL=0 DS   [-WA]
CS =0038 0000000000000000 ffffffff 00af9a00 DPL=0 CS64 [-R-]
SS =0030 0000000000000000 ffffffff 00cf9300 DPL=0 DS   [-WA]
DS =0030 0000000000000000 ffffffff 00cf9300 DPL=0 DS   [-WA]
FS =0030 0000000000000000 ffffffff 00cf9300 DPL=0 DS   [-WA]
GS =0030 0000000000000000 ffffffff 00cf9300 DPL=0 DS   [-WA]
LDT=0000 0000000000000000 0000ffff 00008200 DPL=0 LDT
TR =0000 0000000000000000 0000ffff 00008b00 DPL=0 TSS64-busy
GDT=     000000001f5dc000 00000047
IDT=     000000001efa4018 00000fff
CR0=80010033 CR2=0000000000000000 CR3=000000001f801000 CR4=00000668
DR0=0000000000000000 DR1=0000000000000000 DR2=0000000000000000 DR3=0000000000000000 
DR6=00000000ffff0ff0 DR7=0000000000000400
CCS=0000000000000004 CCD=00000000001b4821 CCO=EFLAGS
EFER=0000000000000d00
Servicing hardware INT=0x20
   218: v=20 e=0000 i=0 cpl=0 IP=0038:000000001eb54171 pc=000000001eb54171 SP=0030:000000001fe65740 env->regs[R_EAX]=00000000001aadc0
RAX=00000000001aadc0 RBX=0000000000d9fe29 RCX=000000000000b008 RDX=0000000000bf5069
RSI=000000001de53898 RDI=0000000000369e99 RBP=000000001fe65750 RSP=000000001fe65740
R8 =000000001fe657ec R9 =00000000000000a8 R10=000000001ddf6398 R11=000000001ddf6398
R12=0000000000000000 R13=0000000000000000 R14=0000000000000000 R15=000000001fe65894
RIP=000000001eb54171 RFL=00000206 [-----P-] CPL=0 II=0 A20=1 SMM=0 HLT=0
ES =0030 0000000000000000 ffffffff 00cf9300 DPL=0 DS   [-WA]
CS =0038 0000000000000000 ffffffff 00af9a00 DPL=0 CS64 [-R-]
SS =0030 0000000000000000 ffffffff 00cf9300 DPL=0 DS   [-WA]
DS =0030 0000000000000000 ffffffff 00cf9300 DPL=0 DS   [-WA]
FS =0030 0000000000000000 ffffffff 00cf9300 DPL=0 DS   [-WA]
GS =0030 0000000000000000 ffffffff 00cf9300 DPL=0 DS   [-WA]
LDT=0000 0000000000000000 0000ffff 00008200 DPL=0 LDT
TR =0000 0000000000000000 0000ffff 00008b00 DPL=0 TSS64-busy
GDT=     000000001f5dc000 00000047
IDT=     000000001efa4018 00000fff
CR0=80010033 CR2=0000000000000000 CR3=000000001f801000 CR4=00000668
DR0=0000000000000000 DR1=0000000000000000 DR2=0000000000000000 DR3=0000000000000000 
DR6=00000000ffff0ff0 DR7=0000000000000400
CCS=0000000000000004 CCD=00000000001aadc0 CCO=EFLAGS
EFER=0000000000000d00
Servicing hardware INT=0x20
   219: v=20 e=0000 i=0 cpl=0 IP=0038:000000001eb54171 pc=000000001eb54171 SP=0030:000000001fe65740 env->regs[R_EAX]=00000000001a21ec
RAX=00000000001a21ec RBX=0000000000d9fe29 RCX=000000000000b008 RDX=0000000000bfdc3d
RSI=000000001de53898 RDI=0000000000369e99 RBP=000000001fe65750 RSP=000000001fe65740
R8 =000000001fe657ec R9 =00000000000000a8 R10=000000001ddf6398 R11=000000001ddf6398
R12=0000000000000000 R13=0000000000000000 R14=0000000000000000 R15=000000001fe65894
RIP=000000001eb54171 RFL=00000202 [-------] CPL=0 II=0 A20=1 SMM=0 HLT=0
ES =0030 0000000000000000 ffffffff 00cf9300 DPL=0 DS   [-WA]
CS =0038 0000000000000000 ffffffff 00af9a00 DPL=0 CS64 [-R-]
SS =0030 0000000000000000 ffffffff 00cf9300 DPL=0 DS   [-WA]
DS =0030 0000000000000000 ffffffff 00cf9300 DPL=0 DS   [-WA]
FS =0030 0000000000000000 ffffffff 00cf9300 DPL=0 DS   [-WA]
GS =0030 0000000000000000 ffffffff 00cf9300 DPL=0 DS   [-WA]
LDT=0000 0000000000000000 0000ffff 00008200 DPL=0 LDT
TR =0000 0000000000000000 0000ffff 00008b00 DPL=0 TSS64-busy
GDT=     000000001f5dc000 00000047
IDT=     000000001efa4018 00000fff
CR0=80010033 CR2=0000000000000000 CR3=000000001f801000 CR4=00000668
DR0=0000000000000000 DR1=0000000000000000 DR2=0000000000000000 DR3=0000000000000000 
DR6=00000000ffff0ff0 DR7=0000000000000400
CCS=0000000000000000 CCD=00000000001a21ec CCO=EFLAGS
EFER=0000000000000d00
Servicing hardware INT=0x20
   220: v=20 e=0000 i=0 cpl=0 IP=0038:000000001eb54171 pc=000000001eb54171 SP=0030:000000001fe65740 env->regs[R_EAX]=000000000019875d
RAX=000000000019875d RBX=0000000000d9fe29 RCX=000000000000b008 RDX=0000000000c076cc
RSI=000000001de53898 RDI=0000000000369e99 RBP=000000001fe65750 RSP=000000001fe65740
R8 =000000001fe657ec R9 =00000000000000a8 R10=000000001ddf6398 R11=000000001ddf6398
R12=0000000000000000 R13=0000000000000000 R14=0000000000000000 R15=000000001fe65894
RIP=000000001eb54171 RFL=00000202 [-------] CPL=0 II=0 A20=1 SMM=0 HLT=0
ES =0030 0000000000000000 ffffffff 00cf9300 DPL=0 DS   [-WA]
CS =0038 0000000000000000 ffffffff 00af9a00 DPL=0 CS64 [-R-]
SS =0030 0000000000000000 ffffffff 00cf9300 DPL=0 DS   [-WA]
DS =0030 0000000000000000 ffffffff 00cf9300 DPL=0 DS   [-WA]
FS =0030 0000000000000000 ffffffff 00cf9300 DPL=0 DS   [-WA]
GS =0030 0000000000000000 ffffffff 00cf9300 DPL=0 DS   [-WA]
LDT=0000 0000000000000000 0000ffff 00008200 DPL=0 LDT
TR =0000 0000000000000000 0000ffff 00008b00 DPL=0 TSS64-busy
GDT=     000000001f5dc000 00000047
IDT=     000000001efa4018 00000fff
CR0=80010033 CR2=0000000000000000 CR3=000000001f801000 CR4=00000668
DR0=0000000000000000 DR1=0000000000000000 DR2=0000000000000000 DR3=0000000000000000 
DR6=00000000ffff0ff0 DR7=0000000000000400
CCS=0000000000000000 CCD=000000000019875d CCO=EFLAGS
EFER=0000000000000d00
Servicing hardware INT=0x20
   221: v=20 e=0000 i=0 cpl=0 IP=0038:000000001eb54171 pc=000000001eb54171 SP=0030:000000001fe65740 env->regs[R_EAX]=0000000000191739
RAX=0000000000191739 RBX=0000000000d9fe29 RCX=000000000000b008 RDX=0000000000c0e6f0
RSI=000000001de53898 RDI=0000000000369e99 RBP=000000001fe65750 RSP=000000001fe65740
R8 =000000001fe657ec R9 =00000000000000a8 R10=000000001ddf6398 R11=000000001ddf6398
R12=0000000000000000 R13=0000000000000000 R14=0000000000000000 R15=000000001fe65894
RIP=000000001eb54171 RFL=00000206 [-----P-] CPL=0 II=0 A20=1 SMM=0 HLT=0
ES =0030 0000000000000000 ffffffff 00cf9300 DPL=0 DS   [-WA]
CS =0038 0000000000000000 ffffffff 00af9a00 DPL=0 CS64 [-R-]
SS =0030 0000000000000000 ffffffff 00cf9300 DPL=0 DS   [-WA]
DS =0030 0000000000000000 ffffffff 00cf9300 DPL=0 DS   [-WA]
FS =0030 0000000000000000 ffffffff 00cf9300 DPL=0 DS   [-WA]
GS =0030 0000000000000000 ffffffff 00cf9300 DPL=0 DS   [-WA]
LDT=0000 0000000000000000 0000ffff 00008200 DPL=0 LDT
TR =0000 0000000000000000 0000ffff 00008b00 DPL=0 TSS64-busy
GDT=     000000001f5dc000 00000047
IDT=     000000001efa4018 00000fff
CR0=80010033 CR2=0000000000000000 CR3=000000001f801000 CR4=00000668
DR0=0000000000000000 DR1=0000000000000000 DR2=0000000000000000 DR3=0000000000000000 
DR6=00000000ffff0ff0 DR7=0000000000000400
CCS=0000000000000004 CCD=0000000000191739 CCO=EFLAGS
EFER=0000000000000d00
Servicing hardware INT=0x20
   222: v=20 e=0000 i=0 cpl=0 IP=0038:000000001eb54171 pc=000000001eb54171 SP=0030:000000001fe65740 env->regs[R_EAX]=0000000000187e68
RAX=0000000000187e68 RBX=0000000000d9fe29 RCX=000000000000b008 RDX=0000000000c17fc1
RSI=000000001de53898 RDI=0000000000369e99 RBP=000000001fe65750 RSP=000000001fe65740
R8 =000000001fe657ec R9 =00000000000000a8 R10=000000001ddf6398 R11=000000001ddf6398
R12=0000000000000000 R13=0000000000000000 R14=0000000000000000 R15=000000001fe65894
RIP=000000001eb54171 RFL=00000202 [-------] CPL=0 II=0 A20=1 SMM=0 HLT=0
ES =0030 0000000000000000 ffffffff 00cf9300 DPL=0 DS   [-WA]
CS =0038 0000000000000000 ffffffff 00af9a00 DPL=0 CS64 [-R-]
SS =0030 0000000000000000 ffffffff 00cf9300 DPL=0 DS   [-WA]
DS =0030 0000000000000000 ffffffff 00cf9300 DPL=0 DS   [-WA]
FS =0030 0000000000000000 ffffffff 00cf9300 DPL=0 DS   [-WA]
GS =0030 0000000000000000 ffffffff 00cf9300 DPL=0 DS   [-WA]
LDT=0000 0000000000000000 0000ffff 00008200 DPL=0 LDT
TR =0000 0000000000000000 0000ffff 00008b00 DPL=0 TSS64-busy
GDT=     000000001f5dc000 00000047
IDT=     000000001efa4018 00000fff
CR0=80010033 CR2=0000000000000000 CR3=000000001f801000 CR4=00000668
DR0=0000000000000000 DR1=0000000000000000 DR2=0000000000000000 DR3=0000000000000000 
DR6=00000000ffff0ff0 DR7=0000000000000400
CCS=0000000000000000 CCD=0000000000187e68 CCO=EFLAGS
EFER=0000000000000d00
Servicing hardware INT=0x20
   223: v=20 e=0000 i=0 cpl=0 IP=0038:000000001eb54171 pc=000000001eb54171 SP=0030:000000001fe65740 env->regs[R_EAX]=000000000017f2a0
RAX=000000000017f2a0 RBX=0000000000d9fe29 RCX=000000000000b008 RDX=0000000000c20b89
RSI=000000001de53898 RDI=0000000000369e99 RBP=000000001fe65750 RSP=000000001fe65740
R8 =000000001fe657ec R9 =00000000000000a8 R10=000000001ddf6398 R11=000000001ddf6398
R12=0000000000000000 R13=0000000000000000 R14=0000000000000000 R15=000000001fe65894
RIP=000000001eb54171 RFL=00000206 [-----P-] CPL=0 II=0 A20=1 SMM=0 HLT=0
ES =0030 0000000000000000 ffffffff 00cf9300 DPL=0 DS   [-WA]
CS =0038 0000000000000000 ffffffff 00af9a00 DPL=0 CS64 [-R-]
SS =0030 0000000000000000 ffffffff 00cf9300 DPL=0 DS   [-WA]
DS =0030 0000000000000000 ffffffff 00cf9300 DPL=0 DS   [-WA]
FS =0030 0000000000000000 ffffffff 00cf9300 DPL=0 DS   [-WA]
GS =0030 0000000000000000 ffffffff 00cf9300 DPL=0 DS   [-WA]
LDT=0000 0000000000000000 0000ffff 00008200 DPL=0 LDT
TR =0000 0000000000000000 0000ffff 00008b00 DPL=0 TSS64-busy
GDT=     000000001f5dc000 00000047
IDT=     000000001efa4018 00000fff
CR0=80010033 CR2=0000000000000000 CR3=000000001f801000 CR4=00000668
DR0=0000000000000000 DR1=0000000000000000 DR2=0000000000000000 DR3=0000000000000000 
DR6=00000000ffff0ff0 DR7=0000000000000400
CCS=0000000000000004 CCD=000000000017f2a0 CCO=EFLAGS
EFER=0000000000000d00
Servicing hardware INT=0x20
   224: v=20 e=0000 i=0 cpl=0 IP=0038:000000001eb54171 pc=000000001eb54171 SP=0030:000000001fe65740 env->regs[R_EAX]=0000000000177487
RAX=0000000000177487 RBX=0000000000d9fe29 RCX=000000000000b008 RDX=0000000000c289a2
RSI=000000001de53898 RDI=0000000000369e99 RBP=000000001fe65750 RSP=000000001fe65740
R8 =000000001fe657ec R9 =00000000000000a8 R10=000000001ddf6398 R11=000000001ddf6398
R12=0000000000000000 R13=0000000000000000 R14=0000000000000000 R15=000000001fe65894
RIP=000000001eb54171 RFL=00000206 [-----P-] CPL=0 II=0 A20=1 SMM=0 HLT=0
ES =0030 0000000000000000 ffffffff 00cf9300 DPL=0 DS   [-WA]
CS =0038 0000000000000000 ffffffff 00af9a00 DPL=0 CS64 [-R-]
SS =0030 0000000000000000 ffffffff 00cf9300 DPL=0 DS   [-WA]
DS =0030 0000000000000000 ffffffff 00cf9300 DPL=0 DS   [-WA]
FS =0030 0000000000000000 ffffffff 00cf9300 DPL=0 DS   [-WA]
GS =0030 0000000000000000 ffffffff 00cf9300 DPL=0 DS   [-WA]
LDT=0000 0000000000000000 0000ffff 00008200 DPL=0 LDT
TR =0000 0000000000000000 0000ffff 00008b00 DPL=0 TSS64-busy
GDT=     000000001f5dc000 00000047
IDT=     000000001efa4018 00000fff
CR0=80010033 CR2=0000000000000000 CR3=000000001f801000 CR4=00000668
DR0=0000000000000000 DR1=0000000000000000 DR2=0000000000000000 DR3=0000000000000000 
DR6=00000000ffff0ff0 DR7=0000000000000400
CCS=0000000000000004 CCD=0000000000177487 CCO=EFLAGS
EFER=0000000000000d00
Servicing hardware INT=0x20
   225: v=20 e=0000 i=0 cpl=0 IP=0038:000000001eb54171 pc=000000001eb54171 SP=0030:000000001fe65740 env->regs[R_EAX]=000000000016e8ac
RAX=000000000016e8ac RBX=0000000000d9fe29 RCX=000000000000b008 RDX=0000000000c3157d
RSI=000000001de53898 RDI=0000000000369e99 RBP=000000001fe65750 RSP=000000001fe65740
R8 =000000001fe657ec R9 =00000000000000a8 R10=000000001ddf6398 R11=000000001ddf6398
R12=0000000000000000 R13=0000000000000000 R14=0000000000000000 R15=000000001fe65894
RIP=000000001eb54171 RFL=00000206 [-----P-] CPL=0 II=0 A20=1 SMM=0 HLT=0
ES =0030 0000000000000000 ffffffff 00cf9300 DPL=0 DS   [-WA]
CS =0038 0000000000000000 ffffffff 00af9a00 DPL=0 CS64 [-R-]
SS =0030 0000000000000000 ffffffff 00cf9300 DPL=0 DS   [-WA]
DS =0030 0000000000000000 ffffffff 00cf9300 DPL=0 DS   [-WA]
FS =0030 0000000000000000 ffffffff 00cf9300 DPL=0 DS   [-WA]
GS =0030 0000000000000000 ffffffff 00cf9300 DPL=0 DS   [-WA]
LDT=0000 0000000000000000 0000ffff 00008200 DPL=0 LDT
TR =0000 0000000000000000 0000ffff 00008b00 DPL=0 TSS64-busy
GDT=     000000001f5dc000 00000047
IDT=     000000001efa4018 00000fff
CR0=80010033 CR2=0000000000000000 CR3=000000001f801000 CR4=00000668
DR0=0000000000000000 DR1=0000000000000000 DR2=0000000000000000 DR3=0000000000000000 
DR6=00000000ffff0ff0 DR7=0000000000000400
CCS=0000000000000004 CCD=000000000016e8ac CCO=EFLAGS
EFER=0000000000000d00
Servicing hardware INT=0x20
   226: v=20 e=0000 i=0 cpl=0 IP=0038:000000001eb54171 pc=000000001eb54171 SP=0030:000000001fe65740 env->regs[R_EAX]=0000000000164f26
RAX=0000000000164f26 RBX=0000000000d9fe29 RCX=000000000000b008 RDX=0000000000c3af03
RSI=000000001de53898 RDI=0000000000369e99 RBP=000000001fe65750 RSP=000000001fe65740
R8 =000000001fe657ec R9 =00000000000000a8 R10=000000001ddf6398 R11=000000001ddf6398
R12=0000000000000000 R13=0000000000000000 R14=0000000000000000 R15=000000001fe65894
RIP=000000001eb54171 RFL=00000202 [-------] CPL=0 II=0 A20=1 SMM=0 HLT=0
ES =0030 0000000000000000 ffffffff 00cf9300 DPL=0 DS   [-WA]
CS =0038 0000000000000000 ffffffff 00af9a00 DPL=0 CS64 [-R-]
SS =0030 0000000000000000 ffffffff 00cf9300 DPL=0 DS   [-WA]
DS =0030 0000000000000000 ffffffff 00cf9300 DPL=0 DS   [-WA]
FS =0030 0000000000000000 ffffffff 00cf9300 DPL=0 DS   [-WA]
GS =0030 0000000000000000 ffffffff 00cf9300 DPL=0 DS   [-WA]
LDT=0000 0000000000000000 0000ffff 00008200 DPL=0 LDT
TR =0000 0000000000000000 0000ffff 00008b00 DPL=0 TSS64-busy
GDT=     000000001f5dc000 00000047
IDT=     000000001efa4018 00000fff
CR0=80010033 CR2=0000000000000000 CR3=000000001f801000 CR4=00000668
DR0=0000000000000000 DR1=0000000000000000 DR2=0000000000000000 DR3=0000000000000000 
DR6=00000000ffff0ff0 DR7=0000000000000400
CCS=0000000000000000 CCD=0000000000164f26 CCO=EFLAGS
EFER=0000000000000d00
Servicing hardware INT=0x20
   227: v=20 e=0000 i=0 cpl=0 IP=0038:000000001eb54171 pc=000000001eb54171 SP=0030:000000001fe65740 env->regs[R_EAX]=000000000015c33e
RAX=000000000015c33e RBX=0000000000d9fe29 RCX=000000000000b008 RDX=0000000000c43aeb
RSI=000000001de53898 RDI=0000000000369e99 RBP=000000001fe65750 RSP=000000001fe65740
R8 =000000001fe657ec R9 =00000000000000a8 R10=000000001ddf6398 R11=000000001ddf6398
R12=0000000000000000 R13=0000000000000000 R14=0000000000000000 R15=000000001fe65894
RIP=000000001eb54171 RFL=00000202 [-------] CPL=0 II=0 A20=1 SMM=0 HLT=0
ES =0030 0000000000000000 ffffffff 00cf9300 DPL=0 DS   [-WA]
CS =0038 0000000000000000 ffffffff 00af9a00 DPL=0 CS64 [-R-]
SS =0030 0000000000000000 ffffffff 00cf9300 DPL=0 DS   [-WA]
DS =0030 0000000000000000 ffffffff 00cf9300 DPL=0 DS   [-WA]
FS =0030 0000000000000000 ffffffff 00cf9300 DPL=0 DS   [-WA]
GS =0030 0000000000000000 ffffffff 00cf9300 DPL=0 DS   [-WA]
LDT=0000 0000000000000000 0000ffff 00008200 DPL=0 LDT
TR =0000 0000000000000000 0000ffff 00008b00 DPL=0 TSS64-busy
GDT=     000000001f5dc000 00000047
IDT=     000000001efa4018 00000fff
CR0=80010033 CR2=0000000000000000 CR3=000000001f801000 CR4=00000668
DR0=0000000000000000 DR1=0000000000000000 DR2=0000000000000000 DR3=0000000000000000 
DR6=00000000ffff0ff0 DR7=0000000000000400
CCS=0000000000000000 CCD=000000000015c33e CCO=EFLAGS
EFER=0000000000000d00
Servicing hardware INT=0x20
   228: v=20 e=0000 i=0 cpl=0 IP=0038:000000001eb54171 pc=000000001eb54171 SP=0030:000000001fe65740 env->regs[R_EAX]=0000000000153734
RAX=0000000000153734 RBX=0000000000d9fe29 RCX=000000000000b008 RDX=0000000000c4c6f5
RSI=000000001de53898 RDI=0000000000369e99 RBP=000000001fe65750 RSP=000000001fe65740
R8 =000000001fe657ec R9 =00000000000000a8 R10=000000001ddf6398 R11=000000001ddf6398
R12=0000000000000000 R13=0000000000000000 R14=0000000000000000 R15=000000001fe65894
RIP=000000001eb54171 RFL=00000202 [-------] CPL=0 II=0 A20=1 SMM=0 HLT=0
ES =0030 0000000000000000 ffffffff 00cf9300 DPL=0 DS   [-WA]
CS =0038 0000000000000000 ffffffff 00af9a00 DPL=0 CS64 [-R-]
SS =0030 0000000000000000 ffffffff 00cf9300 DPL=0 DS   [-WA]
DS =0030 0000000000000000 ffffffff 00cf9300 DPL=0 DS   [-WA]
FS =0030 0000000000000000 ffffffff 00cf9300 DPL=0 DS   [-WA]
GS =0030 0000000000000000 ffffffff 00cf9300 DPL=0 DS   [-WA]
LDT=0000 0000000000000000 0000ffff 00008200 DPL=0 LDT
TR =0000 0000000000000000 0000ffff 00008b00 DPL=0 TSS64-busy
GDT=     000000001f5dc000 00000047
IDT=     000000001efa4018 00000fff
CR0=80010033 CR2=0000000000000000 CR3=000000001f801000 CR4=00000668
DR0=0000000000000000 DR1=0000000000000000 DR2=0000000000000000 DR3=0000000000000000 
DR6=00000000ffff0ff0 DR7=0000000000000400
CCS=0000000000000000 CCD=0000000000153734 CCO=EFLAGS
EFER=0000000000000d00
Servicing hardware INT=0x20
   229: v=20 e=0000 i=0 cpl=0 IP=0038:000000001eb54171 pc=000000001eb54171 SP=0030:000000001fe65740 env->regs[R_EAX]=000000000014aa97
RAX=000000000014aa97 RBX=0000000000d9fe29 RCX=000000000000b008 RDX=0000000000c55392
RSI=000000001de53898 RDI=0000000000369e99 RBP=000000001fe65750 RSP=000000001fe65740
R8 =000000001fe657ec R9 =00000000000000a8 R10=000000001ddf6398 R11=000000001ddf6398
R12=0000000000000000 R13=0000000000000000 R14=0000000000000000 R15=000000001fe65894
RIP=000000001eb54171 RFL=00000202 [-------] CPL=0 II=0 A20=1 SMM=0 HLT=0
ES =0030 0000000000000000 ffffffff 00cf9300 DPL=0 DS   [-WA]
CS =0038 0000000000000000 ffffffff 00af9a00 DPL=0 CS64 [-R-]
SS =0030 0000000000000000 ffffffff 00cf9300 DPL=0 DS   [-WA]
DS =0030 0000000000000000 ffffffff 00cf9300 DPL=0 DS   [-WA]
FS =0030 0000000000000000 ffffffff 00cf9300 DPL=0 DS   [-WA]
GS =0030 0000000000000000 ffffffff 00cf9300 DPL=0 DS   [-WA]
LDT=0000 0000000000000000 0000ffff 00008200 DPL=0 LDT
TR =0000 0000000000000000 0000ffff 00008b00 DPL=0 TSS64-busy
GDT=     000000001f5dc000 00000047
IDT=     000000001efa4018 00000fff
CR0=80010033 CR2=0000000000000000 CR3=000000001f801000 CR4=00000668
DR0=0000000000000000 DR1=0000000000000000 DR2=0000000000000000 DR3=0000000000000000 
DR6=00000000ffff0ff0 DR7=0000000000000400
CCS=0000000000000000 CCD=000000000014aa97 CCO=EFLAGS
EFER=0000000000000d00
Servicing hardware INT=0x20
   230: v=20 e=0000 i=0 cpl=0 IP=0038:000000001eb54171 pc=000000001eb54171 SP=0030:000000001fe65740 env->regs[R_EAX]=0000000000142066
RAX=0000000000142066 RBX=0000000000d9fe29 RCX=000000000000b008 RDX=0000000000c5ddc3
RSI=000000001de53898 RDI=0000000000369e99 RBP=000000001fe65750 RSP=000000001fe65740
R8 =000000001fe657ec R9 =00000000000000a8 R10=000000001ddf6398 R11=000000001ddf6398
R12=0000000000000000 R13=0000000000000000 R14=0000000000000000 R15=000000001fe65894
RIP=000000001eb54171 RFL=00000206 [-----P-] CPL=0 II=0 A20=1 SMM=0 HLT=0
ES =0030 0000000000000000 ffffffff 00cf9300 DPL=0 DS   [-WA]
CS =0038 0000000000000000 ffffffff 00af9a00 DPL=0 CS64 [-R-]
SS =0030 0000000000000000 ffffffff 00cf9300 DPL=0 DS   [-WA]
DS =0030 0000000000000000 ffffffff 00cf9300 DPL=0 DS   [-WA]
FS =0030 0000000000000000 ffffffff 00cf9300 DPL=0 DS   [-WA]
GS =0030 0000000000000000 ffffffff 00cf9300 DPL=0 DS   [-WA]
LDT=0000 0000000000000000 0000ffff 00008200 DPL=0 LDT
TR =0000 0000000000000000 0000ffff 00008b00 DPL=0 TSS64-busy
GDT=     000000001f5dc000 00000047
IDT=     000000001efa4018 00000fff
CR0=80010033 CR2=0000000000000000 CR3=000000001f801000 CR4=00000668
DR0=0000000000000000 DR1=0000000000000000 DR2=0000000000000000 DR3=0000000000000000 
DR6=00000000ffff0ff0 DR7=0000000000000400
CCS=0000000000000004 CCD=0000000000142066 CCO=EFLAGS
EFER=0000000000000d00
Servicing hardware INT=0x20
   231: v=20 e=0000 i=0 cpl=0 IP=0038:000000001eb54171 pc=000000001eb54171 SP=0030:000000001fe65740 env->regs[R_EAX]=0000000000139405
RAX=0000000000139405 RBX=0000000000d9fe29 RCX=000000000000b008 RDX=0000000000c66a24
RSI=000000001de53898 RDI=0000000000369e99 RBP=000000001fe65750 RSP=000000001fe65740
R8 =000000001fe657ec R9 =00000000000000a8 R10=000000001ddf6398 R11=000000001ddf6398
R12=0000000000000000 R13=0000000000000000 R14=0000000000000000 R15=000000001fe65894
RIP=000000001eb54171 RFL=00000206 [-----P-] CPL=0 II=0 A20=1 SMM=0 HLT=0
ES =0030 0000000000000000 ffffffff 00cf9300 DPL=0 DS   [-WA]
CS =0038 0000000000000000 ffffffff 00af9a00 DPL=0 CS64 [-R-]
SS =0030 0000000000000000 ffffffff 00cf9300 DPL=0 DS   [-WA]
DS =0030 0000000000000000 ffffffff 00cf9300 DPL=0 DS   [-WA]
FS =0030 0000000000000000 ffffffff 00cf9300 DPL=0 DS   [-WA]
GS =0030 0000000000000000 ffffffff 00cf9300 DPL=0 DS   [-WA]
LDT=0000 0000000000000000 0000ffff 00008200 DPL=0 LDT
TR =0000 0000000000000000 0000ffff 00008b00 DPL=0 TSS64-busy
GDT=     000000001f5dc000 00000047
IDT=     000000001efa4018 00000fff
CR0=80010033 CR2=0000000000000000 CR3=000000001f801000 CR4=00000668
DR0=0000000000000000 DR1=0000000000000000 DR2=0000000000000000 DR3=0000000000000000 
DR6=00000000ffff0ff0 DR7=0000000000000400
CCS=0000000000000004 CCD=0000000000139405 CCO=EFLAGS
EFER=0000000000000d00
Servicing hardware INT=0x20
   232: v=20 e=0000 i=0 cpl=0 IP=0038:000000001eb54171 pc=000000001eb54171 SP=0030:000000001fe65740 env->regs[R_EAX]=0000000000130830
RAX=0000000000130830 RBX=0000000000d9fe29 RCX=000000000000b008 RDX=0000000000c6f5f9
RSI=000000001de53898 RDI=0000000000369e99 RBP=000000001fe65750 RSP=000000001fe65740
R8 =000000001fe657ec R9 =00000000000000a8 R10=000000001ddf6398 R11=000000001ddf6398
R12=0000000000000000 R13=0000000000000000 R14=0000000000000000 R15=000000001fe65894
RIP=000000001eb54171 RFL=00000206 [-----P-] CPL=0 II=0 A20=1 SMM=0 HLT=0
ES =0030 0000000000000000 ffffffff 00cf9300 DPL=0 DS   [-WA]
CS =0038 0000000000000000 ffffffff 00af9a00 DPL=0 CS64 [-R-]
SS =0030 0000000000000000 ffffffff 00cf9300 DPL=0 DS   [-WA]
DS =0030 0000000000000000 ffffffff 00cf9300 DPL=0 DS   [-WA]
FS =0030 0000000000000000 ffffffff 00cf9300 DPL=0 DS   [-WA]
GS =0030 0000000000000000 ffffffff 00cf9300 DPL=0 DS   [-WA]
LDT=0000 0000000000000000 0000ffff 00008200 DPL=0 LDT
TR =0000 0000000000000000 0000ffff 00008b00 DPL=0 TSS64-busy
GDT=     000000001f5dc000 00000047
IDT=     000000001efa4018 00000fff
CR0=80010033 CR2=0000000000000000 CR3=000000001f801000 CR4=00000668
DR0=0000000000000000 DR1=0000000000000000 DR2=0000000000000000 DR3=0000000000000000 
DR6=00000000ffff0ff0 DR7=0000000000000400
CCS=0000000000000004 CCD=0000000000130830 CCO=EFLAGS
EFER=0000000000000d00
Servicing hardware INT=0x20
   233: v=20 e=0000 i=0 cpl=0 IP=0038:000000001eb54171 pc=000000001eb54171 SP=0030:000000001fe65740 env->regs[R_EAX]=0000000000127c5e
RAX=0000000000127c5e RBX=0000000000d9fe29 RCX=000000000000b008 RDX=0000000000c781cb
RSI=000000001de53898 RDI=0000000000369e99 RBP=000000001fe65750 RSP=000000001fe65740
R8 =000000001fe657ec R9 =00000000000000a8 R10=000000001ddf6398 R11=000000001ddf6398
R12=0000000000000000 R13=0000000000000000 R14=0000000000000000 R15=000000001fe65894
RIP=000000001eb54171 RFL=00000202 [-------] CPL=0 II=0 A20=1 SMM=0 HLT=0
ES =0030 0000000000000000 ffffffff 00cf9300 DPL=0 DS   [-WA]
CS =0038 0000000000000000 ffffffff 00af9a00 DPL=0 CS64 [-R-]
SS =0030 0000000000000000 ffffffff 00cf9300 DPL=0 DS   [-WA]
DS =0030 0000000000000000 ffffffff 00cf9300 DPL=0 DS   [-WA]
FS =0030 0000000000000000 ffffffff 00cf9300 DPL=0 DS   [-WA]
GS =0030 0000000000000000 ffffffff 00cf9300 DPL=0 DS   [-WA]
LDT=0000 0000000000000000 0000ffff 00008200 DPL=0 LDT
TR =0000 0000000000000000 0000ffff 00008b00 DPL=0 TSS64-busy
GDT=     000000001f5dc000 00000047
IDT=     000000001efa4018 00000fff
CR0=80010033 CR2=0000000000000000 CR3=000000001f801000 CR4=00000668
DR0=0000000000000000 DR1=0000000000000000 DR2=0000000000000000 DR3=0000000000000000 
DR6=00000000ffff0ff0 DR7=0000000000000400
CCS=0000000000000000 CCD=0000000000127c5e CCO=EFLAGS
EFER=0000000000000d00
Servicing hardware INT=0x20
   234: v=20 e=0000 i=0 cpl=0 IP=0038:000000001eb54171 pc=000000001eb54171 SP=0030:000000001fe65740 env->regs[R_EAX]=000000000011f11c
RAX=000000000011f11c RBX=0000000000d9fe29 RCX=000000000000b008 RDX=0000000000c80d0d
RSI=000000001de53898 RDI=0000000000369e99 RBP=000000001fe65750 RSP=000000001fe65740
R8 =000000001fe657ec R9 =00000000000000a8 R10=000000001ddf6398 R11=000000001ddf6398
R12=0000000000000000 R13=0000000000000000 R14=0000000000000000 R15=000000001fe65894
RIP=000000001eb54171 RFL=00000202 [-------] CPL=0 II=0 A20=1 SMM=0 HLT=0
ES =0030 0000000000000000 ffffffff 00cf9300 DPL=0 DS   [-WA]
CS =0038 0000000000000000 ffffffff 00af9a00 DPL=0 CS64 [-R-]
SS =0030 0000000000000000 ffffffff 00cf9300 DPL=0 DS   [-WA]
DS =0030 0000000000000000 ffffffff 00cf9300 DPL=0 DS   [-WA]
FS =0030 0000000000000000 ffffffff 00cf9300 DPL=0 DS   [-WA]
GS =0030 0000000000000000 ffffffff 00cf9300 DPL=0 DS   [-WA]
LDT=0000 0000000000000000 0000ffff 00008200 DPL=0 LDT
TR =0000 0000000000000000 0000ffff 00008b00 DPL=0 TSS64-busy
GDT=     000000001f5dc000 00000047
IDT=     000000001efa4018 00000fff
CR0=80010033 CR2=0000000000000000 CR3=000000001f801000 CR4=00000668
DR0=0000000000000000 DR1=0000000000000000 DR2=0000000000000000 DR3=0000000000000000 
DR6=00000000ffff0ff0 DR7=0000000000000400
CCS=0000000000000000 CCD=000000000011f11c CCO=EFLAGS
EFER=0000000000000d00
Servicing hardware INT=0x20
   235: v=20 e=0000 i=0 cpl=0 IP=0038:000000001eb54171 pc=000000001eb54171 SP=0030:000000001fe65740 env->regs[R_EAX]=000000000011654b
RAX=000000000011654b RBX=0000000000d9fe29 RCX=000000000000b008 RDX=0000000000c898de
RSI=000000001de53898 RDI=0000000000369e99 RBP=000000001fe65750 RSP=000000001fe65740
R8 =000000001fe657ec R9 =00000000000000a8 R10=000000001ddf6398 R11=000000001ddf6398
R12=0000000000000000 R13=0000000000000000 R14=0000000000000000 R15=000000001fe65894
RIP=000000001eb54171 RFL=00000206 [-----P-] CPL=0 II=0 A20=1 SMM=0 HLT=0
ES =0030 0000000000000000 ffffffff 00cf9300 DPL=0 DS   [-WA]
CS =0038 0000000000000000 ffffffff 00af9a00 DPL=0 CS64 [-R-]
SS =0030 0000000000000000 ffffffff 00cf9300 DPL=0 DS   [-WA]
DS =0030 0000000000000000 ffffffff 00cf9300 DPL=0 DS   [-WA]
FS =0030 0000000000000000 ffffffff 00cf9300 DPL=0 DS   [-WA]
GS =0030 0000000000000000 ffffffff 00cf9300 DPL=0 DS   [-WA]
LDT=0000 0000000000000000 0000ffff 00008200 DPL=0 LDT
TR =0000 0000000000000000 0000ffff 00008b00 DPL=0 TSS64-busy
GDT=     000000001f5dc000 00000047
IDT=     000000001efa4018 00000fff
CR0=80010033 CR2=0000000000000000 CR3=000000001f801000 CR4=00000668
DR0=0000000000000000 DR1=0000000000000000 DR2=0000000000000000 DR3=0000000000000000 
DR6=00000000ffff0ff0 DR7=0000000000000400
CCS=0000000000000004 CCD=000000000011654b CCO=EFLAGS
EFER=0000000000000d00
Servicing hardware INT=0x20
   236: v=20 e=0000 i=0 cpl=0 IP=0038:000000001eb54171 pc=000000001eb54171 SP=0030:000000001fe65740 env->regs[R_EAX]=000000000010e6dd
RAX=000000000010e6dd RBX=0000000000d9fe29 RCX=000000000000b008 RDX=0000000000c9174c
RSI=000000001de53898 RDI=0000000000369e99 RBP=000000001fe65750 RSP=000000001fe65740
R8 =000000001fe657ec R9 =00000000000000a8 R10=000000001ddf6398 R11=000000001ddf6398
R12=0000000000000000 R13=0000000000000000 R14=0000000000000000 R15=000000001fe65894
RIP=000000001eb54171 RFL=00000206 [-----P-] CPL=0 II=0 A20=1 SMM=0 HLT=0
ES =0030 0000000000000000 ffffffff 00cf9300 DPL=0 DS   [-WA]
CS =0038 0000000000000000 ffffffff 00af9a00 DPL=0 CS64 [-R-]
SS =0030 0000000000000000 ffffffff 00cf9300 DPL=0 DS   [-WA]
DS =0030 0000000000000000 ffffffff 00cf9300 DPL=0 DS   [-WA]
FS =0030 0000000000000000 ffffffff 00cf9300 DPL=0 DS   [-WA]
GS =0030 0000000000000000 ffffffff 00cf9300 DPL=0 DS   [-WA]
LDT=0000 0000000000000000 0000ffff 00008200 DPL=0 LDT
TR =0000 0000000000000000 0000ffff 00008b00 DPL=0 TSS64-busy
GDT=     000000001f5dc000 00000047
IDT=     000000001efa4018 00000fff
CR0=80010033 CR2=0000000000000000 CR3=000000001f801000 CR4=00000668
DR0=0000000000000000 DR1=0000000000000000 DR2=0000000000000000 DR3=0000000000000000 
DR6=00000000ffff0ff0 DR7=0000000000000400
CCS=0000000000000004 CCD=000000000010e6dd CCO=EFLAGS
EFER=0000000000000d00
Servicing hardware INT=0x20
   237: v=20 e=0000 i=0 cpl=0 IP=0038:000000001eb54171 pc=000000001eb54171 SP=0030:000000001fe65740 env->regs[R_EAX]=0000000000104bee
RAX=0000000000104bee RBX=0000000000d9fe29 RCX=000000000000b008 RDX=0000000000c9b23b
RSI=000000001de53898 RDI=0000000000369e99 RBP=000000001fe65750 RSP=000000001fe65740
R8 =000000001fe657ec R9 =00000000000000a8 R10=000000001ddf6398 R11=000000001ddf6398
R12=0000000000000000 R13=0000000000000000 R14=0000000000000000 R15=000000001fe65894
RIP=000000001eb54171 RFL=00000206 [-----P-] CPL=0 II=0 A20=1 SMM=0 HLT=0
ES =0030 0000000000000000 ffffffff 00cf9300 DPL=0 DS   [-WA]
CS =0038 0000000000000000 ffffffff 00af9a00 DPL=0 CS64 [-R-]
SS =0030 0000000000000000 ffffffff 00cf9300 DPL=0 DS   [-WA]
DS =0030 0000000000000000 ffffffff 00cf9300 DPL=0 DS   [-WA]
FS =0030 0000000000000000 ffffffff 00cf9300 DPL=0 DS   [-WA]
GS =0030 0000000000000000 ffffffff 00cf9300 DPL=0 DS   [-WA]
LDT=0000 0000000000000000 0000ffff 00008200 DPL=0 LDT
TR =0000 0000000000000000 0000ffff 00008b00 DPL=0 TSS64-busy
GDT=     000000001f5dc000 00000047
IDT=     000000001efa4018 00000fff
CR0=80010033 CR2=0000000000000000 CR3=000000001f801000 CR4=00000668
DR0=0000000000000000 DR1=0000000000000000 DR2=0000000000000000 DR3=0000000000000000 
DR6=00000000ffff0ff0 DR7=0000000000000400
CCS=0000000000000004 CCD=0000000000104bee CCO=EFLAGS
EFER=0000000000000d00
Servicing hardware INT=0x20
   238: v=20 e=0000 i=0 cpl=0 IP=0038:000000001eb54171 pc=000000001eb54171 SP=0030:000000001fe65740 env->regs[R_EAX]=00000000000fc123
RAX=00000000000fc123 RBX=0000000000d9fe29 RCX=000000000000b008 RDX=0000000000ca3d06
RSI=000000001de53898 RDI=0000000000369e99 RBP=000000001fe65750 RSP=000000001fe65740
R8 =000000001fe657ec R9 =00000000000000a8 R10=000000001ddf6398 R11=000000001ddf6398
R12=0000000000000000 R13=0000000000000000 R14=0000000000000000 R15=000000001fe65894
RIP=000000001eb54171 RFL=00000202 [-------] CPL=0 II=0 A20=1 SMM=0 HLT=0
ES =0030 0000000000000000 ffffffff 00cf9300 DPL=0 DS   [-WA]
CS =0038 0000000000000000 ffffffff 00af9a00 DPL=0 CS64 [-R-]
SS =0030 0000000000000000 ffffffff 00cf9300 DPL=0 DS   [-WA]
DS =0030 0000000000000000 ffffffff 00cf9300 DPL=0 DS   [-WA]
FS =0030 0000000000000000 ffffffff 00cf9300 DPL=0 DS   [-WA]
GS =0030 0000000000000000 ffffffff 00cf9300 DPL=0 DS   [-WA]
LDT=0000 0000000000000000 0000ffff 00008200 DPL=0 LDT
TR =0000 0000000000000000 0000ffff 00008b00 DPL=0 TSS64-busy
GDT=     000000001f5dc000 00000047
IDT=     000000001efa4018 00000fff
CR0=80010033 CR2=0000000000000000 CR3=000000001f801000 CR4=00000668
DR0=0000000000000000 DR1=0000000000000000 DR2=0000000000000000 DR3=0000000000000000 
DR6=00000000ffff0ff0 DR7=0000000000000400
CCS=0000000000000000 CCD=00000000000fc123 CCO=EFLAGS
EFER=0000000000000d00
Servicing hardware INT=0x20
   239: v=20 e=0000 i=0 cpl=0 IP=0038:000000001eb54171 pc=000000001eb54171 SP=0030:000000001fe65740 env->regs[R_EAX]=00000000000f35fd
RAX=00000000000f35fd RBX=0000000000d9fe29 RCX=000000000000b008 RDX=0000000000cac82c
RSI=000000001de53898 RDI=0000000000369e99 RBP=000000001fe65750 RSP=000000001fe65740
R8 =000000001fe657ec R9 =00000000000000a8 R10=000000001ddf6398 R11=000000001ddf6398
R12=0000000000000000 R13=0000000000000000 R14=0000000000000000 R15=000000001fe65894
RIP=000000001eb54171 RFL=00000202 [-------] CPL=0 II=0 A20=1 SMM=0 HLT=0
ES =0030 0000000000000000 ffffffff 00cf9300 DPL=0 DS   [-WA]
CS =0038 0000000000000000 ffffffff 00af9a00 DPL=0 CS64 [-R-]
SS =0030 0000000000000000 ffffffff 00cf9300 DPL=0 DS   [-WA]
DS =0030 0000000000000000 ffffffff 00cf9300 DPL=0 DS   [-WA]
FS =0030 0000000000000000 ffffffff 00cf9300 DPL=0 DS   [-WA]
GS =0030 0000000000000000 ffffffff 00cf9300 DPL=0 DS   [-WA]
LDT=0000 0000000000000000 0000ffff 00008200 DPL=0 LDT
TR =0000 0000000000000000 0000ffff 00008b00 DPL=0 TSS64-busy
GDT=     000000001f5dc000 00000047
IDT=     000000001efa4018 00000fff
CR0=80010033 CR2=0000000000000000 CR3=000000001f801000 CR4=00000668
DR0=0000000000000000 DR1=0000000000000000 DR2=0000000000000000 DR3=0000000000000000 
DR6=00000000ffff0ff0 DR7=0000000000000400
CCS=0000000000000000 CCD=00000000000f35fd CCO=EFLAGS
EFER=0000000000000d00
Servicing hardware INT=0x20
   240: v=20 e=0000 i=0 cpl=0 IP=0038:000000001eb54171 pc=000000001eb54171 SP=0030:000000001fe65740 env->regs[R_EAX]=00000000000e9b94
RAX=00000000000e9b94 RBX=0000000000d9fe29 RCX=000000000000b008 RDX=0000000000cb6295
RSI=000000001de53898 RDI=0000000000369e99 RBP=000000001fe65750 RSP=000000001fe65740
R8 =000000001fe657ec R9 =00000000000000a8 R10=000000001ddf6398 R11=000000001ddf6398
R12=0000000000000000 R13=0000000000000000 R14=0000000000000000 R15=000000001fe65894
RIP=000000001eb54171 RFL=00000202 [-------] CPL=0 II=0 A20=1 SMM=0 HLT=0
ES =0030 0000000000000000 ffffffff 00cf9300 DPL=0 DS   [-WA]
CS =0038 0000000000000000 ffffffff 00af9a00 DPL=0 CS64 [-R-]
SS =0030 0000000000000000 ffffffff 00cf9300 DPL=0 DS   [-WA]
DS =0030 0000000000000000 ffffffff 00cf9300 DPL=0 DS   [-WA]
FS =0030 0000000000000000 ffffffff 00cf9300 DPL=0 DS   [-WA]
GS =0030 0000000000000000 ffffffff 00cf9300 DPL=0 DS   [-WA]
LDT=0000 0000000000000000 0000ffff 00008200 DPL=0 LDT
TR =0000 0000000000000000 0000ffff 00008b00 DPL=0 TSS64-busy
GDT=     000000001f5dc000 00000047
IDT=     000000001efa4018 00000fff
CR0=80010033 CR2=0000000000000000 CR3=000000001f801000 CR4=00000668
DR0=0000000000000000 DR1=0000000000000000 DR2=0000000000000000 DR3=0000000000000000 
DR6=00000000ffff0ff0 DR7=0000000000000400
CCS=0000000000000000 CCD=00000000000e9b94 CCO=EFLAGS
EFER=0000000000000d00
Servicing hardware INT=0x20
   241: v=20 e=0000 i=0 cpl=0 IP=0038:000000001eb54171 pc=000000001eb54171 SP=0030:000000001fe65740 env->regs[R_EAX]=00000000000e1e49
RAX=00000000000e1e49 RBX=0000000000d9fe29 RCX=000000000000b008 RDX=0000000000cbdfe0
RSI=000000001de53898 RDI=0000000000369e99 RBP=000000001fe65750 RSP=000000001fe65740
R8 =000000001fe657ec R9 =00000000000000a8 R10=000000001ddf6398 R11=000000001ddf6398
R12=0000000000000000 R13=0000000000000000 R14=0000000000000000 R15=000000001fe65894
RIP=000000001eb54171 RFL=00000202 [-------] CPL=0 II=0 A20=1 SMM=0 HLT=0
ES =0030 0000000000000000 ffffffff 00cf9300 DPL=0 DS   [-WA]
CS =0038 0000000000000000 ffffffff 00af9a00 DPL=0 CS64 [-R-]
SS =0030 0000000000000000 ffffffff 00cf9300 DPL=0 DS   [-WA]
DS =0030 0000000000000000 ffffffff 00cf9300 DPL=0 DS   [-WA]
FS =0030 0000000000000000 ffffffff 00cf9300 DPL=0 DS   [-WA]
GS =0030 0000000000000000 ffffffff 00cf9300 DPL=0 DS   [-WA]
LDT=0000 0000000000000000 0000ffff 00008200 DPL=0 LDT
TR =0000 0000000000000000 0000ffff 00008b00 DPL=0 TSS64-busy
GDT=     000000001f5dc000 00000047
IDT=     000000001efa4018 00000fff
CR0=80010033 CR2=0000000000000000 CR3=000000001f801000 CR4=00000668
DR0=0000000000000000 DR1=0000000000000000 DR2=0000000000000000 DR3=0000000000000000 
DR6=00000000ffff0ff0 DR7=0000000000000400
CCS=0000000000000000 CCD=00000000000e1e49 CCO=EFLAGS
EFER=0000000000000d00
Servicing hardware INT=0x20
   242: v=20 e=0000 i=0 cpl=0 IP=0038:000000001eb54171 pc=000000001eb54171 SP=0030:000000001fe65740 env->regs[R_EAX]=00000000000d9283
RAX=00000000000d9283 RBX=0000000000d9fe29 RCX=000000000000b008 RDX=0000000000cc6ba6
RSI=000000001de53898 RDI=0000000000369e99 RBP=000000001fe65750 RSP=000000001fe65740
R8 =000000001fe657ec R9 =00000000000000a8 R10=000000001ddf6398 R11=000000001ddf6398
R12=0000000000000000 R13=0000000000000000 R14=0000000000000000 R15=000000001fe65894
RIP=000000001eb54171 RFL=00000202 [-------] CPL=0 II=0 A20=1 SMM=0 HLT=0
ES =0030 0000000000000000 ffffffff 00cf9300 DPL=0 DS   [-WA]
CS =0038 0000000000000000 ffffffff 00af9a00 DPL=0 CS64 [-R-]
SS =0030 0000000000000000 ffffffff 00cf9300 DPL=0 DS   [-WA]
DS =0030 0000000000000000 ffffffff 00cf9300 DPL=0 DS   [-WA]
FS =0030 0000000000000000 ffffffff 00cf9300 DPL=0 DS   [-WA]
GS =0030 0000000000000000 ffffffff 00cf9300 DPL=0 DS   [-WA]
LDT=0000 0000000000000000 0000ffff 00008200 DPL=0 LDT
TR =0000 0000000000000000 0000ffff 00008b00 DPL=0 TSS64-busy
GDT=     000000001f5dc000 00000047
IDT=     000000001efa4018 00000fff
CR0=80010033 CR2=0000000000000000 CR3=000000001f801000 CR4=00000668
DR0=0000000000000000 DR1=0000000000000000 DR2=0000000000000000 DR3=0000000000000000 
DR6=00000000ffff0ff0 DR7=0000000000000400
CCS=0000000000000000 CCD=00000000000d9283 CCO=EFLAGS
EFER=0000000000000d00
Servicing hardware INT=0x20
   243: v=20 e=0000 i=0 cpl=0 IP=0038:000000001eb54171 pc=000000001eb54171 SP=0030:000000001fe65740 env->regs[R_EAX]=00000000000d06ae
RAX=00000000000d06ae RBX=0000000000d9fe29 RCX=000000000000b008 RDX=0000000000ccf77b
RSI=000000001de53898 RDI=0000000000369e99 RBP=000000001fe65750 RSP=000000001fe65740
R8 =000000001fe657ec R9 =00000000000000a8 R10=000000001ddf6398 R11=000000001ddf6398
R12=0000000000000000 R13=0000000000000000 R14=0000000000000000 R15=000000001fe65894
RIP=000000001eb54171 RFL=00000202 [-------] CPL=0 II=0 A20=1 SMM=0 HLT=0
ES =0030 0000000000000000 ffffffff 00cf9300 DPL=0 DS   [-WA]
CS =0038 0000000000000000 ffffffff 00af9a00 DPL=0 CS64 [-R-]
SS =0030 0000000000000000 ffffffff 00cf9300 DPL=0 DS   [-WA]
DS =0030 0000000000000000 ffffffff 00cf9300 DPL=0 DS   [-WA]
FS =0030 0000000000000000 ffffffff 00cf9300 DPL=0 DS   [-WA]
GS =0030 0000000000000000 ffffffff 00cf9300 DPL=0 DS   [-WA]
LDT=0000 0000000000000000 0000ffff 00008200 DPL=0 LDT
TR =0000 0000000000000000 0000ffff 00008b00 DPL=0 TSS64-busy
GDT=     000000001f5dc000 00000047
IDT=     000000001efa4018 00000fff
CR0=80010033 CR2=0000000000000000 CR3=000000001f801000 CR4=00000668
DR0=0000000000000000 DR1=0000000000000000 DR2=0000000000000000 DR3=0000000000000000 
DR6=00000000ffff0ff0 DR7=0000000000000400
CCS=0000000000000000 CCD=00000000000d06ae CCO=EFLAGS
EFER=0000000000000d00
Servicing hardware INT=0x20
   244: v=20 e=0000 i=0 cpl=0 IP=0038:000000001eb54171 pc=000000001eb54171 SP=0030:000000001fe65740 env->regs[R_EAX]=00000000000c6cde
RAX=00000000000c6cde RBX=0000000000d9fe29 RCX=000000000000b008 RDX=0000000000cd914b
RSI=000000001de53898 RDI=0000000000369e99 RBP=000000001fe65750 RSP=000000001fe65740
R8 =000000001fe657ec R9 =00000000000000a8 R10=000000001ddf6398 R11=000000001ddf6398
R12=0000000000000000 R13=0000000000000000 R14=0000000000000000 R15=000000001fe65894
RIP=000000001eb54171 RFL=00000206 [-----P-] CPL=0 II=0 A20=1 SMM=0 HLT=0
ES =0030 0000000000000000 ffffffff 00cf9300 DPL=0 DS   [-WA]
CS =0038 0000000000000000 ffffffff 00af9a00 DPL=0 CS64 [-R-]
SS =0030 0000000000000000 ffffffff 00cf9300 DPL=0 DS   [-WA]
DS =0030 0000000000000000 ffffffff 00cf9300 DPL=0 DS   [-WA]
FS =0030 0000000000000000 ffffffff 00cf9300 DPL=0 DS   [-WA]
GS =0030 0000000000000000 ffffffff 00cf9300 DPL=0 DS   [-WA]
LDT=0000 0000000000000000 0000ffff 00008200 DPL=0 LDT
TR =0000 0000000000000000 0000ffff 00008b00 DPL=0 TSS64-busy
GDT=     000000001f5dc000 00000047
IDT=     000000001efa4018 00000fff
CR0=80010033 CR2=0000000000000000 CR3=000000001f801000 CR4=00000668
DR0=0000000000000000 DR1=0000000000000000 DR2=0000000000000000 DR3=0000000000000000 
DR6=00000000ffff0ff0 DR7=0000000000000400
CCS=0000000000000004 CCD=00000000000c6cde CCO=EFLAGS
EFER=0000000000000d00
Servicing hardware INT=0x20
   245: v=20 e=0000 i=0 cpl=0 IP=0038:000000001eb54171 pc=000000001eb54171 SP=0030:000000001fe65740 env->regs[R_EAX]=00000000000be37e
RAX=00000000000be37e RBX=0000000000d9fe29 RCX=000000000000b008 RDX=0000000000ce1aab
RSI=000000001de53898 RDI=0000000000369e99 RBP=000000001fe65750 RSP=000000001fe65740
R8 =000000001fe657ec R9 =00000000000000a8 R10=000000001ddf6398 R11=000000001ddf6398
R12=0000000000000000 R13=0000000000000000 R14=0000000000000000 R15=000000001fe65894
RIP=000000001eb54171 RFL=00000206 [-----P-] CPL=0 II=0 A20=1 SMM=0 HLT=0
ES =0030 0000000000000000 ffffffff 00cf9300 DPL=0 DS   [-WA]
CS =0038 0000000000000000 ffffffff 00af9a00 DPL=0 CS64 [-R-]
SS =0030 0000000000000000 ffffffff 00cf9300 DPL=0 DS   [-WA]
DS =0030 0000000000000000 ffffffff 00cf9300 DPL=0 DS   [-WA]
FS =0030 0000000000000000 ffffffff 00cf9300 DPL=0 DS   [-WA]
GS =0030 0000000000000000 ffffffff 00cf9300 DPL=0 DS   [-WA]
LDT=0000 0000000000000000 0000ffff 00008200 DPL=0 LDT
TR =0000 0000000000000000 0000ffff 00008b00 DPL=0 TSS64-busy
GDT=     000000001f5dc000 00000047
IDT=     000000001efa4018 00000fff
CR0=80010033 CR2=0000000000000000 CR3=000000001f801000 CR4=00000668
DR0=0000000000000000 DR1=0000000000000000 DR2=0000000000000000 DR3=0000000000000000 
DR6=00000000ffff0ff0 DR7=0000000000000400
CCS=0000000000000004 CCD=00000000000be37e CCO=EFLAGS
EFER=0000000000000d00
Servicing hardware INT=0x20
   246: v=20 e=0000 i=0 cpl=0 IP=0038:000000001eb54171 pc=000000001eb54171 SP=0030:000000001fe65740 env->regs[R_EAX]=00000000000b6335
RAX=00000000000b6335 RBX=0000000000d9fe29 RCX=000000000000b008 RDX=0000000000ce9af4
RSI=000000001de53898 RDI=0000000000369e99 RBP=000000001fe65750 RSP=000000001fe65740
R8 =000000001fe657ec R9 =00000000000000a8 R10=000000001ddf6398 R11=000000001ddf6398
R12=0000000000000000 R13=0000000000000000 R14=0000000000000000 R15=000000001fe65894
RIP=000000001eb54171 RFL=00000206 [-----P-] CPL=0 II=0 A20=1 SMM=0 HLT=0
ES =0030 0000000000000000 ffffffff 00cf9300 DPL=0 DS   [-WA]
CS =0038 0000000000000000 ffffffff 00af9a00 DPL=0 CS64 [-R-]
SS =0030 0000000000000000 ffffffff 00cf9300 DPL=0 DS   [-WA]
DS =0030 0000000000000000 ffffffff 00cf9300 DPL=0 DS   [-WA]
FS =0030 0000000000000000 ffffffff 00cf9300 DPL=0 DS   [-WA]
GS =0030 0000000000000000 ffffffff 00cf9300 DPL=0 DS   [-WA]
LDT=0000 0000000000000000 0000ffff 00008200 DPL=0 LDT
TR =0000 0000000000000000 0000ffff 00008b00 DPL=0 TSS64-busy
GDT=     000000001f5dc000 00000047
IDT=     000000001efa4018 00000fff
CR0=80010033 CR2=0000000000000000 CR3=000000001f801000 CR4=00000668
DR0=0000000000000000 DR1=0000000000000000 DR2=0000000000000000 DR3=0000000000000000 
DR6=00000000ffff0ff0 DR7=0000000000000400
CCS=0000000000000004 CCD=00000000000b6335 CCO=EFLAGS
EFER=0000000000000d00
Servicing hardware INT=0x20
   247: v=20 e=0000 i=0 cpl=0 IP=0038:000000001eb54171 pc=000000001eb54171 SP=0030:000000001fe65740 env->regs[R_EAX]=00000000000ad6c7
RAX=00000000000ad6c7 RBX=0000000000d9fe29 RCX=000000000000b008 RDX=0000000000cf2762
RSI=000000001de53898 RDI=0000000000369e99 RBP=000000001fe65750 RSP=000000001fe65740
R8 =000000001fe657ec R9 =00000000000000a8 R10=000000001ddf6398 R11=000000001ddf6398
R12=0000000000000000 R13=0000000000000000 R14=0000000000000000 R15=000000001fe65894
RIP=000000001eb54171 RFL=00000202 [-------] CPL=0 II=0 A20=1 SMM=0 HLT=0
ES =0030 0000000000000000 ffffffff 00cf9300 DPL=0 DS   [-WA]
CS =0038 0000000000000000 ffffffff 00af9a00 DPL=0 CS64 [-R-]
SS =0030 0000000000000000 ffffffff 00cf9300 DPL=0 DS   [-WA]
DS =0030 0000000000000000 ffffffff 00cf9300 DPL=0 DS   [-WA]
FS =0030 0000000000000000 ffffffff 00cf9300 DPL=0 DS   [-WA]
GS =0030 0000000000000000 ffffffff 00cf9300 DPL=0 DS   [-WA]
LDT=0000 0000000000000000 0000ffff 00008200 DPL=0 LDT
TR =0000 0000000000000000 0000ffff 00008b00 DPL=0 TSS64-busy
GDT=     000000001f5dc000 00000047
IDT=     000000001efa4018 00000fff
CR0=80010033 CR2=0000000000000000 CR3=000000001f801000 CR4=00000668
DR0=0000000000000000 DR1=0000000000000000 DR2=0000000000000000 DR3=0000000000000000 
DR6=00000000ffff0ff0 DR7=0000000000000400
CCS=0000000000000000 CCD=00000000000ad6c7 CCO=EFLAGS
EFER=0000000000000d00
Servicing hardware INT=0x20
   248: v=20 e=0000 i=0 cpl=0 IP=0038:000000001eb54171 pc=000000001eb54171 SP=0030:000000001fe65740 env->regs[R_EAX]=00000000000a4af9
RAX=00000000000a4af9 RBX=0000000000d9fe29 RCX=000000000000b008 RDX=0000000000cfb330
RSI=000000001de53898 RDI=0000000000369e99 RBP=000000001fe65750 RSP=000000001fe65740
R8 =000000001fe657ec R9 =00000000000000a8 R10=000000001ddf6398 R11=000000001ddf6398
R12=0000000000000000 R13=0000000000000000 R14=0000000000000000 R15=000000001fe65894
RIP=000000001eb54171 RFL=00000206 [-----P-] CPL=0 II=0 A20=1 SMM=0 HLT=0
ES =0030 0000000000000000 ffffffff 00cf9300 DPL=0 DS   [-WA]
CS =0038 0000000000000000 ffffffff 00af9a00 DPL=0 CS64 [-R-]
SS =0030 0000000000000000 ffffffff 00cf9300 DPL=0 DS   [-WA]
DS =0030 0000000000000000 ffffffff 00cf9300 DPL=0 DS   [-WA]
FS =0030 0000000000000000 ffffffff 00cf9300 DPL=0 DS   [-WA]
GS =0030 0000000000000000 ffffffff 00cf9300 DPL=0 DS   [-WA]
LDT=0000 0000000000000000 0000ffff 00008200 DPL=0 LDT
TR =0000 0000000000000000 0000ffff 00008b00 DPL=0 TSS64-busy
GDT=     000000001f5dc000 00000047
IDT=     000000001efa4018 00000fff
CR0=80010033 CR2=0000000000000000 CR3=000000001f801000 CR4=00000668
DR0=0000000000000000 DR1=0000000000000000 DR2=0000000000000000 DR3=0000000000000000 
DR6=00000000ffff0ff0 DR7=0000000000000400
CCS=0000000000000004 CCD=00000000000a4af9 CCO=EFLAGS
EFER=0000000000000d00
Servicing hardware INT=0x20
   249: v=20 e=0000 i=0 cpl=0 IP=0038:000000001eb54171 pc=000000001eb54171 SP=0030:000000001fe65740 env->regs[R_EAX]=000000000009bf15
RAX=000000000009bf15 RBX=0000000000d9fe29 RCX=000000000000b008 RDX=0000000000d03f14
RSI=000000001de53898 RDI=0000000000369e99 RBP=000000001fe65750 RSP=000000001fe65740
R8 =000000001fe657ec R9 =00000000000000a8 R10=000000001ddf6398 R11=000000001ddf6398
R12=0000000000000000 R13=0000000000000000 R14=0000000000000000 R15=000000001fe65894
RIP=000000001eb54171 RFL=00000202 [-------] CPL=0 II=0 A20=1 SMM=0 HLT=0
ES =0030 0000000000000000 ffffffff 00cf9300 DPL=0 DS   [-WA]
CS =0038 0000000000000000 ffffffff 00af9a00 DPL=0 CS64 [-R-]
SS =0030 0000000000000000 ffffffff 00cf9300 DPL=0 DS   [-WA]
DS =0030 0000000000000000 ffffffff 00cf9300 DPL=0 DS   [-WA]
FS =0030 0000000000000000 ffffffff 00cf9300 DPL=0 DS   [-WA]
GS =0030 0000000000000000 ffffffff 00cf9300 DPL=0 DS   [-WA]
LDT=0000 0000000000000000 0000ffff 00008200 DPL=0 LDT
TR =0000 0000000000000000 0000ffff 00008b00 DPL=0 TSS64-busy
GDT=     000000001f5dc000 00000047
IDT=     000000001efa4018 00000fff
CR0=80010033 CR2=0000000000000000 CR3=000000001f801000 CR4=00000668
DR0=0000000000000000 DR1=0000000000000000 DR2=0000000000000000 DR3=0000000000000000 
DR6=00000000ffff0ff0 DR7=0000000000000400
CCS=0000000000000000 CCD=000000000009bf15 CCO=EFLAGS
EFER=0000000000000d00
Servicing hardware INT=0x20
   250: v=20 e=0000 i=0 cpl=0 IP=0038:000000001eb54171 pc=000000001eb54171 SP=0030:000000001fe65740 env->regs[R_EAX]=00000000000933e5
RAX=00000000000933e5 RBX=0000000000d9fe29 RCX=000000000000b008 RDX=0000000000d0ca44
RSI=000000001de53898 RDI=0000000000369e99 RBP=000000001fe65750 RSP=000000001fe65740
R8 =000000001fe657ec R9 =00000000000000a8 R10=000000001ddf6398 R11=000000001ddf6398
R12=0000000000000000 R13=0000000000000000 R14=0000000000000000 R15=000000001fe65894
RIP=000000001eb54171 RFL=00000202 [-------] CPL=0 II=0 A20=1 SMM=0 HLT=0
ES =0030 0000000000000000 ffffffff 00cf9300 DPL=0 DS   [-WA]
CS =0038 0000000000000000 ffffffff 00af9a00 DPL=0 CS64 [-R-]
SS =0030 0000000000000000 ffffffff 00cf9300 DPL=0 DS   [-WA]
DS =0030 0000000000000000 ffffffff 00cf9300 DPL=0 DS   [-WA]
FS =0030 0000000000000000 ffffffff 00cf9300 DPL=0 DS   [-WA]
GS =0030 0000000000000000 ffffffff 00cf9300 DPL=0 DS   [-WA]
LDT=0000 0000000000000000 0000ffff 00008200 DPL=0 LDT
TR =0000 0000000000000000 0000ffff 00008b00 DPL=0 TSS64-busy
GDT=     000000001f5dc000 00000047
IDT=     000000001efa4018 00000fff
CR0=80010033 CR2=0000000000000000 CR3=000000001f801000 CR4=00000668
DR0=0000000000000000 DR1=0000000000000000 DR2=0000000000000000 DR3=0000000000000000 
DR6=00000000ffff0ff0 DR7=0000000000000400
CCS=0000000000000000 CCD=00000000000933e5 CCO=EFLAGS
EFER=0000000000000d00
Servicing hardware INT=0x20
   251: v=20 e=0000 i=0 cpl=0 IP=0038:000000001eb54171 pc=000000001eb54171 SP=0030:000000001fe65740 env->regs[R_EAX]=000000000008a810
RAX=000000000008a810 RBX=0000000000d9fe29 RCX=000000000000b008 RDX=0000000000d15619
RSI=000000001de53898 RDI=0000000000369e99 RBP=000000001fe65750 RSP=000000001fe65740
R8 =000000001fe657ec R9 =00000000000000a8 R10=000000001ddf6398 R11=000000001ddf6398
R12=0000000000000000 R13=0000000000000000 R14=0000000000000000 R15=000000001fe65894
RIP=000000001eb54171 RFL=00000202 [-------] CPL=0 II=0 A20=1 SMM=0 HLT=0
ES =0030 0000000000000000 ffffffff 00cf9300 DPL=0 DS   [-WA]
CS =0038 0000000000000000 ffffffff 00af9a00 DPL=0 CS64 [-R-]
SS =0030 0000000000000000 ffffffff 00cf9300 DPL=0 DS   [-WA]
DS =0030 0000000000000000 ffffffff 00cf9300 DPL=0 DS   [-WA]
FS =0030 0000000000000000 ffffffff 00cf9300 DPL=0 DS   [-WA]
GS =0030 0000000000000000 ffffffff 00cf9300 DPL=0 DS   [-WA]
LDT=0000 0000000000000000 0000ffff 00008200 DPL=0 LDT
TR =0000 0000000000000000 0000ffff 00008b00 DPL=0 TSS64-busy
GDT=     000000001f5dc000 00000047
IDT=     000000001efa4018 00000fff
CR0=80010033 CR2=0000000000000000 CR3=000000001f801000 CR4=00000668
DR0=0000000000000000 DR1=0000000000000000 DR2=0000000000000000 DR3=0000000000000000 
DR6=00000000ffff0ff0 DR7=0000000000000400
CCS=0000000000000000 CCD=000000000008a810 CCO=EFLAGS
EFER=0000000000000d00
Servicing hardware INT=0x20
   252: v=20 e=0000 i=0 cpl=0 IP=0038:000000001eb54171 pc=000000001eb54171 SP=0030:000000001fe65740 env->regs[R_EAX]=000000000008295a
RAX=000000000008295a RBX=0000000000d9fe29 RCX=000000000000b008 RDX=0000000000d1d4cf
RSI=000000001de53898 RDI=0000000000369e99 RBP=000000001fe65750 RSP=000000001fe65740
R8 =000000001fe657ec R9 =00000000000000a8 R10=000000001ddf6398 R11=000000001ddf6398
R12=0000000000000000 R13=0000000000000000 R14=0000000000000000 R15=000000001fe65894
RIP=000000001eb54171 RFL=00000206 [-----P-] CPL=0 II=0 A20=1 SMM=0 HLT=0
ES =0030 0000000000000000 ffffffff 00cf9300 DPL=0 DS   [-WA]
CS =0038 0000000000000000 ffffffff 00af9a00 DPL=0 CS64 [-R-]
SS =0030 0000000000000000 ffffffff 00cf9300 DPL=0 DS   [-WA]
DS =0030 0000000000000000 ffffffff 00cf9300 DPL=0 DS   [-WA]
FS =0030 0000000000000000 ffffffff 00cf9300 DPL=0 DS   [-WA]
GS =0030 0000000000000000 ffffffff 00cf9300 DPL=0 DS   [-WA]
LDT=0000 0000000000000000 0000ffff 00008200 DPL=0 LDT
TR =0000 0000000000000000 0000ffff 00008b00 DPL=0 TSS64-busy
GDT=     000000001f5dc000 00000047
IDT=     000000001efa4018 00000fff
CR0=80010033 CR2=0000000000000000 CR3=000000001f801000 CR4=00000668
DR0=0000000000000000 DR1=0000000000000000 DR2=0000000000000000 DR3=0000000000000000 
DR6=00000000ffff0ff0 DR7=0000000000000400
CCS=0000000000000004 CCD=000000000008295a CCO=EFLAGS
EFER=0000000000000d00
Servicing hardware INT=0x20
   253: v=20 e=0000 i=0 cpl=0 IP=0038:000000001eb54171 pc=000000001eb54171 SP=0030:000000001fe65740 env->regs[R_EAX]=000000000007904c
RAX=000000000007904c RBX=0000000000d9fe29 RCX=000000000000b008 RDX=0000000000d26ddd
RSI=000000001de53898 RDI=0000000000369e99 RBP=000000001fe65750 RSP=000000001fe65740
R8 =000000001fe657ec R9 =00000000000000a8 R10=000000001ddf6398 R11=000000001ddf6398
R12=0000000000000000 R13=0000000000000000 R14=0000000000000000 R15=000000001fe65894
RIP=000000001eb54171 RFL=00000202 [-------] CPL=0 II=0 A20=1 SMM=0 HLT=0
ES =0030 0000000000000000 ffffffff 00cf9300 DPL=0 DS   [-WA]
CS =0038 0000000000000000 ffffffff 00af9a00 DPL=0 CS64 [-R-]
SS =0030 0000000000000000 ffffffff 00cf9300 DPL=0 DS   [-WA]
DS =0030 0000000000000000 ffffffff 00cf9300 DPL=0 DS   [-WA]
FS =0030 0000000000000000 ffffffff 00cf9300 DPL=0 DS   [-WA]
GS =0030 0000000000000000 ffffffff 00cf9300 DPL=0 DS   [-WA]
LDT=0000 0000000000000000 0000ffff 00008200 DPL=0 LDT
TR =0000 0000000000000000 0000ffff 00008b00 DPL=0 TSS64-busy
GDT=     000000001f5dc000 00000047
IDT=     000000001efa4018 00000fff
CR0=80010033 CR2=0000000000000000 CR3=000000001f801000 CR4=00000668
DR0=0000000000000000 DR1=0000000000000000 DR2=0000000000000000 DR3=0000000000000000 
DR6=00000000ffff0ff0 DR7=0000000000000400
CCS=0000000000000000 CCD=000000000007904c CCO=EFLAGS
EFER=0000000000000d00
Servicing hardware INT=0x20
   254: v=20 e=0000 i=0 cpl=0 IP=0038:000000001eb54171 pc=000000001eb54171 SP=0030:000000001fe65740 env->regs[R_EAX]=0000000000070403
RAX=0000000000070403 RBX=0000000000d9fe29 RCX=000000000000b008 RDX=0000000000d2fa26
RSI=000000001de53898 RDI=0000000000369e99 RBP=000000001fe65750 RSP=000000001fe65740
R8 =000000001fe657ec R9 =00000000000000a8 R10=000000001ddf6398 R11=000000001ddf6398
R12=0000000000000000 R13=0000000000000000 R14=0000000000000000 R15=000000001fe65894
RIP=000000001eb54171 RFL=00000206 [-----P-] CPL=0 II=0 A20=1 SMM=0 HLT=0
ES =0030 0000000000000000 ffffffff 00cf9300 DPL=0 DS   [-WA]
CS =0038 0000000000000000 ffffffff 00af9a00 DPL=0 CS64 [-R-]
SS =0030 0000000000000000 ffffffff 00cf9300 DPL=0 DS   [-WA]
DS =0030 0000000000000000 ffffffff 00cf9300 DPL=0 DS   [-WA]
FS =0030 0000000000000000 ffffffff 00cf9300 DPL=0 DS   [-WA]
GS =0030 0000000000000000 ffffffff 00cf9300 DPL=0 DS   [-WA]
LDT=0000 0000000000000000 0000ffff 00008200 DPL=0 LDT
TR =0000 0000000000000000 0000ffff 00008b00 DPL=0 TSS64-busy
GDT=     000000001f5dc000 00000047
IDT=     000000001efa4018 00000fff
CR0=80010033 CR2=0000000000000000 CR3=000000001f801000 CR4=00000668
DR0=0000000000000000 DR1=0000000000000000 DR2=0000000000000000 DR3=0000000000000000 
DR6=00000000ffff0ff0 DR7=0000000000000400
CCS=0000000000000004 CCD=0000000000070403 CCO=EFLAGS
EFER=0000000000000d00
Servicing hardware INT=0x20
   255: v=20 e=0000 i=0 cpl=0 IP=0038:000000001eb54171 pc=000000001eb54171 SP=0030:000000001fe65740 env->regs[R_EAX]=0000000000067830
RAX=0000000000067830 RBX=0000000000d9fe29 RCX=000000000000b008 RDX=0000000000d385f9
RSI=000000001de53898 RDI=0000000000369e99 RBP=000000001fe65750 RSP=000000001fe65740
R8 =000000001fe657ec R9 =00000000000000a8 R10=000000001ddf6398 R11=000000001ddf6398
R12=0000000000000000 R13=0000000000000000 R14=0000000000000000 R15=000000001fe65894
RIP=000000001eb54171 RFL=00000206 [-----P-] CPL=0 II=0 A20=1 SMM=0 HLT=0
ES =0030 0000000000000000 ffffffff 00cf9300 DPL=0 DS   [-WA]
CS =0038 0000000000000000 ffffffff 00af9a00 DPL=0 CS64 [-R-]
SS =0030 0000000000000000 ffffffff 00cf9300 DPL=0 DS   [-WA]
DS =0030 0000000000000000 ffffffff 00cf9300 DPL=0 DS   [-WA]
FS =0030 0000000000000000 ffffffff 00cf9300 DPL=0 DS   [-WA]
GS =0030 0000000000000000 ffffffff 00cf9300 DPL=0 DS   [-WA]
LDT=0000 0000000000000000 0000ffff 00008200 DPL=0 LDT
TR =0000 0000000000000000 0000ffff 00008b00 DPL=0 TSS64-busy
GDT=     000000001f5dc000 00000047
IDT=     000000001efa4018 00000fff
CR0=80010033 CR2=0000000000000000 CR3=000000001f801000 CR4=00000668
DR0=0000000000000000 DR1=0000000000000000 DR2=0000000000000000 DR3=0000000000000000 
DR6=00000000ffff0ff0 DR7=0000000000000400
CCS=0000000000000004 CCD=0000000000067830 CCO=EFLAGS
EFER=0000000000000d00
Servicing hardware INT=0x20
   256: v=20 e=0000 i=0 cpl=0 IP=0038:000000001eb54171 pc=000000001eb54171 SP=0030:000000001fe65740 env->regs[R_EAX]=000000000005ec4c
RAX=000000000005ec4c RBX=0000000000d9fe29 RCX=000000000000b008 RDX=0000000000d411dd
RSI=000000001de53898 RDI=0000000000369e99 RBP=000000001fe65750 RSP=000000001fe65740
R8 =000000001fe657ec R9 =00000000000000a8 R10=000000001ddf6398 R11=000000001ddf6398
R12=0000000000000000 R13=0000000000000000 R14=0000000000000000 R15=000000001fe65894
RIP=000000001eb54171 RFL=00000202 [-------] CPL=0 II=0 A20=1 SMM=0 HLT=0
ES =0030 0000000000000000 ffffffff 00cf9300 DPL=0 DS   [-WA]
CS =0038 0000000000000000 ffffffff 00af9a00 DPL=0 CS64 [-R-]
SS =0030 0000000000000000 ffffffff 00cf9300 DPL=0 DS   [-WA]
DS =0030 0000000000000000 ffffffff 00cf9300 DPL=0 DS   [-WA]
FS =0030 0000000000000000 ffffffff 00cf9300 DPL=0 DS   [-WA]
GS =0030 0000000000000000 ffffffff 00cf9300 DPL=0 DS   [-WA]
LDT=0000 0000000000000000 0000ffff 00008200 DPL=0 LDT
TR =0000 0000000000000000 0000ffff 00008b00 DPL=0 TSS64-busy
GDT=     000000001f5dc000 00000047
IDT=     000000001efa4018 00000fff
CR0=80010033 CR2=0000000000000000 CR3=000000001f801000 CR4=00000668
DR0=0000000000000000 DR1=0000000000000000 DR2=0000000000000000 DR3=0000000000000000 
DR6=00000000ffff0ff0 DR7=0000000000000400
CCS=0000000000000000 CCD=000000000005ec4c CCO=EFLAGS
EFER=0000000000000d00
Servicing hardware INT=0x20
   257: v=20 e=0000 i=0 cpl=0 IP=0038:000000001eb54171 pc=000000001eb54171 SP=0030:000000001fe65740 env->regs[R_EAX]=000000000005607b
RAX=000000000005607b RBX=0000000000d9fe29 RCX=000000000000b008 RDX=0000000000d49dae
RSI=000000001de53898 RDI=0000000000369e99 RBP=000000001fe65750 RSP=000000001fe65740
R8 =000000001fe657ec R9 =00000000000000a8 R10=000000001ddf6398 R11=000000001ddf6398
R12=0000000000000000 R13=0000000000000000 R14=0000000000000000 R15=000000001fe65894
RIP=000000001eb54171 RFL=00000206 [-----P-] CPL=0 II=0 A20=1 SMM=0 HLT=0
ES =0030 0000000000000000 ffffffff 00cf9300 DPL=0 DS   [-WA]
CS =0038 0000000000000000 ffffffff 00af9a00 DPL=0 CS64 [-R-]
SS =0030 0000000000000000 ffffffff 00cf9300 DPL=0 DS   [-WA]
DS =0030 0000000000000000 ffffffff 00cf9300 DPL=0 DS   [-WA]
FS =0030 0000000000000000 ffffffff 00cf9300 DPL=0 DS   [-WA]
GS =0030 0000000000000000 ffffffff 00cf9300 DPL=0 DS   [-WA]
LDT=0000 0000000000000000 0000ffff 00008200 DPL=0 LDT
TR =0000 0000000000000000 0000ffff 00008b00 DPL=0 TSS64-busy
GDT=     000000001f5dc000 00000047
IDT=     000000001efa4018 00000fff
CR0=80010033 CR2=0000000000000000 CR3=000000001f801000 CR4=00000668
DR0=0000000000000000 DR1=0000000000000000 DR2=0000000000000000 DR3=0000000000000000 
DR6=00000000ffff0ff0 DR7=0000000000000400
CCS=0000000000000004 CCD=000000000005607b CCO=EFLAGS
EFER=0000000000000d00
Servicing hardware INT=0x20
   258: v=20 e=0000 i=0 cpl=0 IP=0038:000000001eb54171 pc=000000001eb54171 SP=0030:000000001fe65740 env->regs[R_EAX]=000000000004d4b0
RAX=000000000004d4b0 RBX=0000000000d9fe29 RCX=000000000000b008 RDX=0000000000d52979
RSI=000000001de53898 RDI=0000000000369e99 RBP=000000001fe65750 RSP=000000001fe65740
R8 =000000001fe657ec R9 =00000000000000a8 R10=000000001ddf6398 R11=000000001ddf6398
R12=0000000000000000 R13=0000000000000000 R14=0000000000000000 R15=000000001fe65894
RIP=000000001eb54171 RFL=00000202 [-------] CPL=0 II=0 A20=1 SMM=0 HLT=0
ES =0030 0000000000000000 ffffffff 00cf9300 DPL=0 DS   [-WA]
CS =0038 0000000000000000 ffffffff 00af9a00 DPL=0 CS64 [-R-]
SS =0030 0000000000000000 ffffffff 00cf9300 DPL=0 DS   [-WA]
DS =0030 0000000000000000 ffffffff 00cf9300 DPL=0 DS   [-WA]
FS =0030 0000000000000000 ffffffff 00cf9300 DPL=0 DS   [-WA]
GS =0030 0000000000000000 ffffffff 00cf9300 DPL=0 DS   [-WA]
LDT=0000 0000000000000000 0000ffff 00008200 DPL=0 LDT
TR =0000 0000000000000000 0000ffff 00008b00 DPL=0 TSS64-busy
GDT=     000000001f5dc000 00000047
IDT=     000000001efa4018 00000fff
CR0=80010033 CR2=0000000000000000 CR3=000000001f801000 CR4=00000668
DR0=0000000000000000 DR1=0000000000000000 DR2=0000000000000000 DR3=0000000000000000 
DR6=00000000ffff0ff0 DR7=0000000000000400
CCS=0000000000000000 CCD=000000000004d4b0 CCO=EFLAGS
EFER=0000000000000d00
Servicing hardware INT=0x20
   259: v=20 e=0000 i=0 cpl=0 IP=0038:000000001eb54171 pc=000000001eb54171 SP=0030:000000001fe65740 env->regs[R_EAX]=0000000000043aea
RAX=0000000000043aea RBX=0000000000d9fe29 RCX=000000000000b008 RDX=0000000000d5c33f
RSI=000000001de53898 RDI=0000000000369e99 RBP=000000001fe65750 RSP=000000001fe65740
R8 =000000001fe657ec R9 =00000000000000a8 R10=000000001ddf6398 R11=000000001ddf6398
R12=0000000000000000 R13=0000000000000000 R14=0000000000000000 R15=000000001fe65894
RIP=000000001eb54171 RFL=00000202 [-------] CPL=0 II=0 A20=1 SMM=0 HLT=0
ES =0030 0000000000000000 ffffffff 00cf9300 DPL=0 DS   [-WA]
CS =0038 0000000000000000 ffffffff 00af9a00 DPL=0 CS64 [-R-]
SS =0030 0000000000000000 ffffffff 00cf9300 DPL=0 DS   [-WA]
DS =0030 0000000000000000 ffffffff 00cf9300 DPL=0 DS   [-WA]
FS =0030 0000000000000000 ffffffff 00cf9300 DPL=0 DS   [-WA]
GS =0030 0000000000000000 ffffffff 00cf9300 DPL=0 DS   [-WA]
LDT=0000 0000000000000000 0000ffff 00008200 DPL=0 LDT
TR =0000 0000000000000000 0000ffff 00008b00 DPL=0 TSS64-busy
GDT=     000000001f5dc000 00000047
IDT=     000000001efa4018 00000fff
CR0=80010033 CR2=0000000000000000 CR3=000000001f801000 CR4=00000668
DR0=0000000000000000 DR1=0000000000000000 DR2=0000000000000000 DR3=0000000000000000 
DR6=00000000ffff0ff0 DR7=0000000000000400
CCS=0000000000000000 CCD=0000000000043aea CCO=EFLAGS
EFER=0000000000000d00
Servicing hardware INT=0x20
   260: v=20 e=0000 i=0 cpl=0 IP=0038:000000001eb54171 pc=000000001eb54171 SP=0030:000000001fe65740 env->regs[R_EAX]=000000000003bd0f
RAX=000000000003bd0f RBX=0000000000d9fe29 RCX=000000000000b008 RDX=0000000000d6411a
RSI=000000001de53898 RDI=0000000000369e99 RBP=000000001fe65750 RSP=000000001fe65740
R8 =000000001fe657ec R9 =00000000000000a8 R10=000000001ddf6398 R11=000000001ddf6398
R12=0000000000000000 R13=0000000000000000 R14=0000000000000000 R15=000000001fe65894
RIP=000000001eb54171 RFL=00000206 [-----P-] CPL=0 II=0 A20=1 SMM=0 HLT=0
ES =0030 0000000000000000 ffffffff 00cf9300 DPL=0 DS   [-WA]
CS =0038 0000000000000000 ffffffff 00af9a00 DPL=0 CS64 [-R-]
SS =0030 0000000000000000 ffffffff 00cf9300 DPL=0 DS   [-WA]
DS =0030 0000000000000000 ffffffff 00cf9300 DPL=0 DS   [-WA]
FS =0030 0000000000000000 ffffffff 00cf9300 DPL=0 DS   [-WA]
GS =0030 0000000000000000 ffffffff 00cf9300 DPL=0 DS   [-WA]
LDT=0000 0000000000000000 0000ffff 00008200 DPL=0 LDT
TR =0000 0000000000000000 0000ffff 00008b00 DPL=0 TSS64-busy
GDT=     000000001f5dc000 00000047
IDT=     000000001efa4018 00000fff
CR0=80010033 CR2=0000000000000000 CR3=000000001f801000 CR4=00000668
DR0=0000000000000000 DR1=0000000000000000 DR2=0000000000000000 DR3=0000000000000000 
DR6=00000000ffff0ff0 DR7=0000000000000400
CCS=0000000000000004 CCD=000000000003bd0f CCO=EFLAGS
EFER=0000000000000d00
Servicing hardware INT=0x20
   261: v=20 e=0000 i=0 cpl=0 IP=0038:000000001eb54171 pc=000000001eb54171 SP=0030:000000001fe65740 env->regs[R_EAX]=000000000003313c
RAX=000000000003313c RBX=0000000000d9fe29 RCX=000000000000b008 RDX=0000000000d6cced
RSI=000000001de53898 RDI=0000000000369e99 RBP=000000001fe65750 RSP=000000001fe65740
R8 =000000001fe657ec R9 =00000000000000a8 R10=000000001ddf6398 R11=000000001ddf6398
R12=0000000000000000 R13=0000000000000000 R14=0000000000000000 R15=000000001fe65894
RIP=000000001eb54171 RFL=00000206 [-----P-] CPL=0 II=0 A20=1 SMM=0 HLT=0
ES =0030 0000000000000000 ffffffff 00cf9300 DPL=0 DS   [-WA]
CS =0038 0000000000000000 ffffffff 00af9a00 DPL=0 CS64 [-R-]
SS =0030 0000000000000000 ffffffff 00cf9300 DPL=0 DS   [-WA]
DS =0030 0000000000000000 ffffffff 00cf9300 DPL=0 DS   [-WA]
FS =0030 0000000000000000 ffffffff 00cf9300 DPL=0 DS   [-WA]
GS =0030 0000000000000000 ffffffff 00cf9300 DPL=0 DS   [-WA]
LDT=0000 0000000000000000 0000ffff 00008200 DPL=0 LDT
TR =0000 0000000000000000 0000ffff 00008b00 DPL=0 TSS64-busy
GDT=     000000001f5dc000 00000047
IDT=     000000001efa4018 00000fff
CR0=80010033 CR2=0000000000000000 CR3=000000001f801000 CR4=00000668
DR0=0000000000000000 DR1=0000000000000000 DR2=0000000000000000 DR3=0000000000000000 
DR6=00000000ffff0ff0 DR7=0000000000000400
CCS=0000000000000004 CCD=000000000003313c CCO=EFLAGS
EFER=0000000000000d00
Servicing hardware INT=0x20
   262: v=20 e=0000 i=0 cpl=0 IP=0038:000000001eb54171 pc=000000001eb54171 SP=0030:000000001fe65740 env->regs[R_EAX]=000000000002a51f
RAX=000000000002a51f RBX=0000000000d9fe29 RCX=000000000000b008 RDX=0000000000d7590a
RSI=000000001de53898 RDI=0000000000369e99 RBP=000000001fe65750 RSP=000000001fe65740
R8 =000000001fe657ec R9 =00000000000000a8 R10=000000001ddf6398 R11=000000001ddf6398
R12=0000000000000000 R13=0000000000000000 R14=0000000000000000 R15=000000001fe65894
RIP=000000001eb54171 RFL=00000202 [-------] CPL=0 II=0 A20=1 SMM=0 HLT=0
ES =0030 0000000000000000 ffffffff 00cf9300 DPL=0 DS   [-WA]
CS =0038 0000000000000000 ffffffff 00af9a00 DPL=0 CS64 [-R-]
SS =0030 0000000000000000 ffffffff 00cf9300 DPL=0 DS   [-WA]
DS =0030 0000000000000000 ffffffff 00cf9300 DPL=0 DS   [-WA]
FS =0030 0000000000000000 ffffffff 00cf9300 DPL=0 DS   [-WA]
GS =0030 0000000000000000 ffffffff 00cf9300 DPL=0 DS   [-WA]
LDT=0000 0000000000000000 0000ffff 00008200 DPL=0 LDT
TR =0000 0000000000000000 0000ffff 00008b00 DPL=0 TSS64-busy
GDT=     000000001f5dc000 00000047
IDT=     000000001efa4018 00000fff
CR0=80010033 CR2=0000000000000000 CR3=000000001f801000 CR4=00000668
DR0=0000000000000000 DR1=0000000000000000 DR2=0000000000000000 DR3=0000000000000000 
DR6=00000000ffff0ff0 DR7=0000000000000400
CCS=0000000000000000 CCD=000000000002a51f CCO=EFLAGS
EFER=0000000000000d00
Servicing hardware INT=0x20
   263: v=20 e=0000 i=0 cpl=0 IP=0038:000000001eb54171 pc=000000001eb54171 SP=0030:000000001fe65740 env->regs[R_EAX]=0000000000021951
RAX=0000000000021951 RBX=0000000000d9fe29 RCX=000000000000b008 RDX=0000000000d7e4d8
RSI=000000001de53898 RDI=0000000000369e99 RBP=000000001fe65750 RSP=000000001fe65740
R8 =000000001fe657ec R9 =00000000000000a8 R10=000000001ddf6398 R11=000000001ddf6398
R12=0000000000000000 R13=0000000000000000 R14=0000000000000000 R15=000000001fe65894
RIP=000000001eb54171 RFL=00000202 [-------] CPL=0 II=0 A20=1 SMM=0 HLT=0
ES =0030 0000000000000000 ffffffff 00cf9300 DPL=0 DS   [-WA]
CS =0038 0000000000000000 ffffffff 00af9a00 DPL=0 CS64 [-R-]
SS =0030 0000000000000000 ffffffff 00cf9300 DPL=0 DS   [-WA]
DS =0030 0000000000000000 ffffffff 00cf9300 DPL=0 DS   [-WA]
FS =0030 0000000000000000 ffffffff 00cf9300 DPL=0 DS   [-WA]
GS =0030 0000000000000000 ffffffff 00cf9300 DPL=0 DS   [-WA]
LDT=0000 0000000000000000 0000ffff 00008200 DPL=0 LDT
TR =0000 0000000000000000 0000ffff 00008b00 DPL=0 TSS64-busy
GDT=     000000001f5dc000 00000047
IDT=     000000001efa4018 00000fff
CR0=80010033 CR2=0000000000000000 CR3=000000001f801000 CR4=00000668
DR0=0000000000000000 DR1=0000000000000000 DR2=0000000000000000 DR3=0000000000000000 
DR6=00000000ffff0ff0 DR7=0000000000000400
CCS=0000000000000000 CCD=0000000000021951 CCO=EFLAGS
EFER=0000000000000d00
Servicing hardware INT=0x20
   264: v=20 e=0000 i=0 cpl=0 IP=0038:000000001eb54171 pc=000000001eb54171 SP=0030:000000001fe65740 env->regs[R_EAX]=0000000000018db5
RAX=0000000000018db5 RBX=0000000000d9fe29 RCX=000000000000b008 RDX=0000000000d87074
RSI=000000001de53898 RDI=0000000000369e99 RBP=000000001fe65750 RSP=000000001fe65740
R8 =000000001fe657ec R9 =00000000000000a8 R10=000000001ddf6398 R11=000000001ddf6398
R12=0000000000000000 R13=0000000000000000 R14=0000000000000000 R15=000000001fe65894
RIP=000000001eb54171 RFL=00000202 [-------] CPL=0 II=0 A20=1 SMM=0 HLT=0
ES =0030 0000000000000000 ffffffff 00cf9300 DPL=0 DS   [-WA]
CS =0038 0000000000000000 ffffffff 00af9a00 DPL=0 CS64 [-R-]
SS =0030 0000000000000000 ffffffff 00cf9300 DPL=0 DS   [-WA]
DS =0030 0000000000000000 ffffffff 00cf9300 DPL=0 DS   [-WA]
FS =0030 0000000000000000 ffffffff 00cf9300 DPL=0 DS   [-WA]
GS =0030 0000000000000000 ffffffff 00cf9300 DPL=0 DS   [-WA]
LDT=0000 0000000000000000 0000ffff 00008200 DPL=0 LDT
TR =0000 0000000000000000 0000ffff 00008b00 DPL=0 TSS64-busy
GDT=     000000001f5dc000 00000047
IDT=     000000001efa4018 00000fff
CR0=80010033 CR2=0000000000000000 CR3=000000001f801000 CR4=00000668
DR0=0000000000000000 DR1=0000000000000000 DR2=0000000000000000 DR3=0000000000000000 
DR6=00000000ffff0ff0 DR7=0000000000000400
CCS=0000000000000000 CCD=0000000000018db5 CCO=EFLAGS
EFER=0000000000000d00
Servicing hardware INT=0x20
   265: v=20 e=0000 i=0 cpl=0 IP=0038:000000001eb54171 pc=000000001eb54171 SP=0030:000000001fe65740 env->regs[R_EAX]=00000000000101ed
RAX=00000000000101ed RBX=0000000000d9fe29 RCX=000000000000b008 RDX=0000000000d8fc3c
RSI=000000001de53898 RDI=0000000000369e99 RBP=000000001fe65750 RSP=000000001fe65740
R8 =000000001fe657ec R9 =00000000000000a8 R10=000000001ddf6398 R11=000000001ddf6398
R12=0000000000000000 R13=0000000000000000 R14=0000000000000000 R15=000000001fe65894
RIP=000000001eb54171 RFL=00000206 [-----P-] CPL=0 II=0 A20=1 SMM=0 HLT=0
ES =0030 0000000000000000 ffffffff 00cf9300 DPL=0 DS   [-WA]
CS =0038 0000000000000000 ffffffff 00af9a00 DPL=0 CS64 [-R-]
SS =0030 0000000000000000 ffffffff 00cf9300 DPL=0 DS   [-WA]
DS =0030 0000000000000000 ffffffff 00cf9300 DPL=0 DS   [-WA]
FS =0030 0000000000000000 ffffffff 00cf9300 DPL=0 DS   [-WA]
GS =0030 0000000000000000 ffffffff 00cf9300 DPL=0 DS   [-WA]
LDT=0000 0000000000000000 0000ffff 00008200 DPL=0 LDT
TR =0000 0000000000000000 0000ffff 00008b00 DPL=0 TSS64-busy
GDT=     000000001f5dc000 00000047
IDT=     000000001efa4018 00000fff
CR0=80010033 CR2=0000000000000000 CR3=000000001f801000 CR4=00000668
DR0=0000000000000000 DR1=0000000000000000 DR2=0000000000000000 DR3=0000000000000000 
DR6=00000000ffff0ff0 DR7=0000000000000400
CCS=0000000000000004 CCD=00000000000101ed CCO=EFLAGS
EFER=0000000000000d00
Servicing hardware INT=0x20
   266: v=20 e=0000 i=0 cpl=0 IP=0038:000000001eb54171 pc=000000001eb54171 SP=0030:000000001fe65740 env->regs[R_EAX]=0000000000007619
RAX=0000000000007619 RBX=0000000000d9fe29 RCX=000000000000b008 RDX=0000000000d98810
RSI=000000001de53898 RDI=0000000000369e99 RBP=000000001fe65750 RSP=000000001fe65740
R8 =000000001fe657ec R9 =00000000000000a8 R10=000000001ddf6398 R11=000000001ddf6398
R12=0000000000000000 R13=0000000000000000 R14=0000000000000000 R15=000000001fe65894
RIP=000000001eb54171 RFL=00000202 [-------] CPL=0 II=0 A20=1 SMM=0 HLT=0
ES =0030 0000000000000000 ffffffff 00cf9300 DPL=0 DS   [-WA]
CS =0038 0000000000000000 ffffffff 00af9a00 DPL=0 CS64 [-R-]
SS =0030 0000000000000000 ffffffff 00cf9300 DPL=0 DS   [-WA]
DS =0030 0000000000000000 ffffffff 00cf9300 DPL=0 DS   [-WA]
FS =0030 0000000000000000 ffffffff 00cf9300 DPL=0 DS   [-WA]
GS =0030 0000000000000000 ffffffff 00cf9300 DPL=0 DS   [-WA]
LDT=0000 0000000000000000 0000ffff 00008200 DPL=0 LDT
TR =0000 0000000000000000 0000ffff 00008b00 DPL=0 TSS64-busy
GDT=     000000001f5dc000 00000047
IDT=     000000001efa4018 00000fff
CR0=80010033 CR2=0000000000000000 CR3=000000001f801000 CR4=00000668
DR0=0000000000000000 DR1=0000000000000000 DR2=0000000000000000 DR3=0000000000000000 
DR6=00000000ffff0ff0 DR7=0000000000000400
CCS=0000000000000000 CCD=0000000000007619 CCO=EFLAGS
EFER=0000000000000d00
Servicing hardware INT=0x20
   267: v=20 e=0000 i=0 cpl=0 IP=0038:000000001e63e178 pc=000000001e63e178 SP=0030:000000001fe65248 env->regs[R_EAX]=0000000080183c80
RAX=0000000080183c80 RBX=0000000000000000 RCX=0000000000000000 RDX=000000001de295b8
RSI=000000001de29618 RDI=0000000080183ce0 RBP=000000001fe652f0 RSP=000000001fe65248
R8 =0000000000000000 R9 =000000001de29617 R10=000000001de295b8 R11=000000001de295b8
R12=0000000000000060 R13=0000000000000010 R14=0000000000000002 R15=0000000000000013
RIP=000000001e63e178 RFL=00000206 [-----P-] CPL=0 II=0 A20=1 SMM=0 HLT=0
ES =0030 0000000000000000 ffffffff 00cf9300 DPL=0 DS   [-WA]
CS =0038 0000000000000000 ffffffff 00af9a00 DPL=0 CS64 [-R-]
SS =0030 0000000000000000 ffffffff 00cf9300 DPL=0 DS   [-WA]
DS =0030 0000000000000000 ffffffff 00cf9300 DPL=0 DS   [-WA]
FS =0030 0000000000000000 ffffffff 00cf9300 DPL=0 DS   [-WA]
GS =0030 0000000000000000 ffffffff 00cf9300 DPL=0 DS   [-WA]
LDT=0000 0000000000000000 0000ffff 00008200 DPL=0 LDT
TR =0000 0000000000000000 0000ffff 00008b00 DPL=0 TSS64-busy
GDT=     000000001f5dc000 00000047
IDT=     000000001efa4018 00000fff
CR0=80010033 CR2=0000000000000000 CR3=000000001f801000 CR4=00000668
DR0=0000000000000000 DR1=0000000000000000 DR2=0000000000000000 DR3=0000000000000000 
DR6=00000000ffff0ff0 DR7=0000000000000400
CCS=0000000000000004 CCD=000000000000000c CCO=EFLAGS
EFER=0000000000000d00
Servicing hardware INT=0x20
   268: v=20 e=0000 i=0 cpl=0 IP=0038:000000001eb54171 pc=000000001eb54171 SP=0030:000000001fe65740 env->regs[R_EAX]=0000000000363219
RAX=0000000000363219 RBX=000000000110d13a RCX=000000000000b008 RDX=0000000000da9f21
RSI=000000001de53898 RDI=0000000000369e99 RBP=000000001fe65750 RSP=000000001fe65740
R8 =000000001fe657ec R9 =00000000000000a8 R10=000000001ddf6398 R11=000000001ddf6398
R12=0000000000000000 R13=0000000000000000 R14=0000000000000000 R15=000000001fe65894
RIP=000000001eb54171 RFL=00000202 [-------] CPL=0 II=0 A20=1 SMM=0 HLT=0
ES =0030 0000000000000000 ffffffff 00cf9300 DPL=0 DS   [-WA]
CS =0038 0000000000000000 ffffffff 00af9a00 DPL=0 CS64 [-R-]
SS =0030 0000000000000000 ffffffff 00cf9300 DPL=0 DS   [-WA]
DS =0030 0000000000000000 ffffffff 00cf9300 DPL=0 DS   [-WA]
FS =0030 0000000000000000 ffffffff 00cf9300 DPL=0 DS   [-WA]
GS =0030 0000000000000000 ffffffff 00cf9300 DPL=0 DS   [-WA]
LDT=0000 0000000000000000 0000ffff 00008200 DPL=0 LDT
TR =0000 0000000000000000 0000ffff 00008b00 DPL=0 TSS64-busy
GDT=     000000001f5dc000 00000047
IDT=     000000001efa4018 00000fff
CR0=80010033 CR2=0000000000000000 CR3=000000001f801000 CR4=00000668
DR0=0000000000000000 DR1=0000000000000000 DR2=0000000000000000 DR3=0000000000000000 
DR6=00000000ffff0ff0 DR7=0000000000000400
CCS=0000000000000000 CCD=0000000000363219 CCO=EFLAGS
EFER=0000000000000d00
Servicing hardware INT=0x20
   269: v=20 e=0000 i=0 cpl=0 IP=0038:000000001eb54171 pc=000000001eb54171 SP=0030:000000001fe65740 env->regs[R_EAX]=000000000035a5af
RAX=000000000035a5af RBX=000000000110d13a RCX=000000000000b008 RDX=0000000000db2b8b
RSI=000000001de53898 RDI=0000000000369e99 RBP=000000001fe65750 RSP=000000001fe65740
R8 =000000001fe657ec R9 =00000000000000a8 R10=000000001ddf6398 R11=000000001ddf6398
R12=0000000000000000 R13=0000000000000000 R14=0000000000000000 R15=000000001fe65894
RIP=000000001eb54171 RFL=00000206 [-----P-] CPL=0 II=0 A20=1 SMM=0 HLT=0
ES =0030 0000000000000000 ffffffff 00cf9300 DPL=0 DS   [-WA]
CS =0038 0000000000000000 ffffffff 00af9a00 DPL=0 CS64 [-R-]
SS =0030 0000000000000000 ffffffff 00cf9300 DPL=0 DS   [-WA]
DS =0030 0000000000000000 ffffffff 00cf9300 DPL=0 DS   [-WA]
FS =0030 0000000000000000 ffffffff 00cf9300 DPL=0 DS   [-WA]
GS =0030 0000000000000000 ffffffff 00cf9300 DPL=0 DS   [-WA]
LDT=0000 0000000000000000 0000ffff 00008200 DPL=0 LDT
TR =0000 0000000000000000 0000ffff 00008b00 DPL=0 TSS64-busy
GDT=     000000001f5dc000 00000047
IDT=     000000001efa4018 00000fff
CR0=80010033 CR2=0000000000000000 CR3=000000001f801000 CR4=00000668
DR0=0000000000000000 DR1=0000000000000000 DR2=0000000000000000 DR3=0000000000000000 
DR6=00000000ffff0ff0 DR7=0000000000000400
CCS=0000000000000004 CCD=000000000035a5af CCO=EFLAGS
EFER=0000000000000d00
Servicing hardware INT=0x20
   270: v=20 e=0000 i=0 cpl=0 IP=0038:000000001eb54171 pc=000000001eb54171 SP=0030:000000001fe65740 env->regs[R_EAX]=000000000035199e
RAX=000000000035199e RBX=000000000110d13a RCX=000000000000b008 RDX=0000000000dbb79c
RSI=000000001de53898 RDI=0000000000369e99 RBP=000000001fe65750 RSP=000000001fe65740
R8 =000000001fe657ec R9 =00000000000000a8 R10=000000001ddf6398 R11=000000001ddf6398
R12=0000000000000000 R13=0000000000000000 R14=0000000000000000 R15=000000001fe65894
RIP=000000001eb54171 RFL=00000202 [-------] CPL=0 II=0 A20=1 SMM=0 HLT=0
ES =0030 0000000000000000 ffffffff 00cf9300 DPL=0 DS   [-WA]
CS =0038 0000000000000000 ffffffff 00af9a00 DPL=0 CS64 [-R-]
SS =0030 0000000000000000 ffffffff 00cf9300 DPL=0 DS   [-WA]
DS =0030 0000000000000000 ffffffff 00cf9300 DPL=0 DS   [-WA]
FS =0030 0000000000000000 ffffffff 00cf9300 DPL=0 DS   [-WA]
GS =0030 0000000000000000 ffffffff 00cf9300 DPL=0 DS   [-WA]
LDT=0000 0000000000000000 0000ffff 00008200 DPL=0 LDT
TR =0000 0000000000000000 0000ffff 00008b00 DPL=0 TSS64-busy
GDT=     000000001f5dc000 00000047
IDT=     000000001efa4018 00000fff
CR0=80010033 CR2=0000000000000000 CR3=000000001f801000 CR4=00000668
DR0=0000000000000000 DR1=0000000000000000 DR2=0000000000000000 DR3=0000000000000000 
DR6=00000000ffff0ff0 DR7=0000000000000400
CCS=0000000000000000 CCD=000000000035199e CCO=EFLAGS
EFER=0000000000000d00
Servicing hardware INT=0x20
   271: v=20 e=0000 i=0 cpl=0 IP=0038:000000001eb54171 pc=000000001eb54171 SP=0030:000000001fe65740 env->regs[R_EAX]=0000000000348dc9
RAX=0000000000348dc9 RBX=000000000110d13a RCX=000000000000b008 RDX=0000000000dc4371
RSI=000000001de53898 RDI=0000000000369e99 RBP=000000001fe65750 RSP=000000001fe65740
R8 =000000001fe657ec R9 =00000000000000a8 R10=000000001ddf6398 R11=000000001ddf6398
R12=0000000000000000 R13=0000000000000000 R14=0000000000000000 R15=000000001fe65894
RIP=000000001eb54171 RFL=00000206 [-----P-] CPL=0 II=0 A20=1 SMM=0 HLT=0
ES =0030 0000000000000000 ffffffff 00cf9300 DPL=0 DS   [-WA]
CS =0038 0000000000000000 ffffffff 00af9a00 DPL=0 CS64 [-R-]
SS =0030 0000000000000000 ffffffff 00cf9300 DPL=0 DS   [-WA]
DS =0030 0000000000000000 ffffffff 00cf9300 DPL=0 DS   [-WA]
FS =0030 0000000000000000 ffffffff 00cf9300 DPL=0 DS   [-WA]
GS =0030 0000000000000000 ffffffff 00cf9300 DPL=0 DS   [-WA]
LDT=0000 0000000000000000 0000ffff 00008200 DPL=0 LDT
TR =0000 0000000000000000 0000ffff 00008b00 DPL=0 TSS64-busy
GDT=     000000001f5dc000 00000047
IDT=     000000001efa4018 00000fff
CR0=80010033 CR2=0000000000000000 CR3=000000001f801000 CR4=00000668
DR0=0000000000000000 DR1=0000000000000000 DR2=0000000000000000 DR3=0000000000000000 
DR6=00000000ffff0ff0 DR7=0000000000000400
CCS=0000000000000004 CCD=0000000000348dc9 CCO=EFLAGS
EFER=0000000000000d00
Servicing hardware INT=0x20
   272: v=20 e=0000 i=0 cpl=0 IP=0038:000000001eb54171 pc=000000001eb54171 SP=0030:000000001fe65740 env->regs[R_EAX]=000000000033f3e9
RAX=000000000033f3e9 RBX=000000000110d13a RCX=000000000000b008 RDX=0000000000dcdd51
RSI=000000001de53898 RDI=0000000000369e99 RBP=000000001fe65750 RSP=000000001fe65740
R8 =000000001fe657ec R9 =00000000000000a8 R10=000000001ddf6398 R11=000000001ddf6398
R12=0000000000000000 R13=0000000000000000 R14=0000000000000000 R15=000000001fe65894
RIP=000000001eb54171 RFL=00000202 [-------] CPL=0 II=0 A20=1 SMM=0 HLT=0
ES =0030 0000000000000000 ffffffff 00cf9300 DPL=0 DS   [-WA]
CS =0038 0000000000000000 ffffffff 00af9a00 DPL=0 CS64 [-R-]
SS =0030 0000000000000000 ffffffff 00cf9300 DPL=0 DS   [-WA]
DS =0030 0000000000000000 ffffffff 00cf9300 DPL=0 DS   [-WA]
FS =0030 0000000000000000 ffffffff 00cf9300 DPL=0 DS   [-WA]
GS =0030 0000000000000000 ffffffff 00cf9300 DPL=0 DS   [-WA]
LDT=0000 0000000000000000 0000ffff 00008200 DPL=0 LDT
TR =0000 0000000000000000 0000ffff 00008b00 DPL=0 TSS64-busy
GDT=     000000001f5dc000 00000047
IDT=     000000001efa4018 00000fff
CR0=80010033 CR2=0000000000000000 CR3=000000001f801000 CR4=00000668
DR0=0000000000000000 DR1=0000000000000000 DR2=0000000000000000 DR3=0000000000000000 
DR6=00000000ffff0ff0 DR7=0000000000000400
CCS=0000000000000000 CCD=000000000033f3e9 CCO=EFLAGS
EFER=0000000000000d00
Servicing hardware INT=0x20
   273: v=20 e=0000 i=0 cpl=0 IP=0038:000000001eb54171 pc=000000001eb54171 SP=0030:000000001fe65740 env->regs[R_EAX]=000000000033765c
RAX=000000000033765c RBX=000000000110d13a RCX=000000000000b008 RDX=0000000000dd5ade
RSI=000000001de53898 RDI=0000000000369e99 RBP=000000001fe65750 RSP=000000001fe65740
R8 =000000001fe657ec R9 =00000000000000a8 R10=000000001ddf6398 R11=000000001ddf6398
R12=0000000000000000 R13=0000000000000000 R14=0000000000000000 R15=000000001fe65894
RIP=000000001eb54171 RFL=00000206 [-----P-] CPL=0 II=0 A20=1 SMM=0 HLT=0
ES =0030 0000000000000000 ffffffff 00cf9300 DPL=0 DS   [-WA]
CS =0038 0000000000000000 ffffffff 00af9a00 DPL=0 CS64 [-R-]
SS =0030 0000000000000000 ffffffff 00cf9300 DPL=0 DS   [-WA]
DS =0030 0000000000000000 ffffffff 00cf9300 DPL=0 DS   [-WA]
FS =0030 0000000000000000 ffffffff 00cf9300 DPL=0 DS   [-WA]
GS =0030 0000000000000000 ffffffff 00cf9300 DPL=0 DS   [-WA]
LDT=0000 0000000000000000 0000ffff 00008200 DPL=0 LDT
TR =0000 0000000000000000 0000ffff 00008b00 DPL=0 TSS64-busy
GDT=     000000001f5dc000 00000047
IDT=     000000001efa4018 00000fff
CR0=80010033 CR2=0000000000000000 CR3=000000001f801000 CR4=00000668
DR0=0000000000000000 DR1=0000000000000000 DR2=0000000000000000 DR3=0000000000000000 
DR6=00000000ffff0ff0 DR7=0000000000000400
CCS=0000000000000004 CCD=000000000033765c CCO=EFLAGS
EFER=0000000000000d00
Servicing hardware INT=0x20
   274: v=20 e=0000 i=0 cpl=0 IP=0038:000000001eb54171 pc=000000001eb54171 SP=0030:000000001fe65740 env->regs[R_EAX]=000000000032e94f
RAX=000000000032e94f RBX=000000000110d13a RCX=000000000000b008 RDX=0000000000dde7eb
RSI=000000001de53898 RDI=0000000000369e99 RBP=000000001fe65750 RSP=000000001fe65740
R8 =000000001fe657ec R9 =00000000000000a8 R10=000000001ddf6398 R11=000000001ddf6398
R12=0000000000000000 R13=0000000000000000 R14=0000000000000000 R15=000000001fe65894
RIP=000000001eb54171 RFL=00000202 [-------] CPL=0 II=0 A20=1 SMM=0 HLT=0
ES =0030 0000000000000000 ffffffff 00cf9300 DPL=0 DS   [-WA]
CS =0038 0000000000000000 ffffffff 00af9a00 DPL=0 CS64 [-R-]
SS =0030 0000000000000000 ffffffff 00cf9300 DPL=0 DS   [-WA]
DS =0030 0000000000000000 ffffffff 00cf9300 DPL=0 DS   [-WA]
FS =0030 0000000000000000 ffffffff 00cf9300 DPL=0 DS   [-WA]
GS =0030 0000000000000000 ffffffff 00cf9300 DPL=0 DS   [-WA]
LDT=0000 0000000000000000 0000ffff 00008200 DPL=0 LDT
TR =0000 0000000000000000 0000ffff 00008b00 DPL=0 TSS64-busy
GDT=     000000001f5dc000 00000047
IDT=     000000001efa4018 00000fff
CR0=80010033 CR2=0000000000000000 CR3=000000001f801000 CR4=00000668
DR0=0000000000000000 DR1=0000000000000000 DR2=0000000000000000 DR3=0000000000000000 
DR6=00000000ffff0ff0 DR7=0000000000000400
CCS=0000000000000000 CCD=000000000032e94f CCO=EFLAGS
EFER=0000000000000d00
Servicing hardware INT=0x20
   275: v=20 e=0000 i=0 cpl=0 IP=0038:000000001eb54171 pc=000000001eb54171 SP=0030:000000001fe65740 env->regs[R_EAX]=0000000000325eb6
RAX=0000000000325eb6 RBX=000000000110d13a RCX=000000000000b008 RDX=0000000000de7284
RSI=000000001de53898 RDI=0000000000369e99 RBP=000000001fe65750 RSP=000000001fe65740
R8 =000000001fe657ec R9 =00000000000000a8 R10=000000001ddf6398 R11=000000001ddf6398
R12=0000000000000000 R13=0000000000000000 R14=0000000000000000 R15=000000001fe65894
RIP=000000001eb54171 RFL=00000202 [-------] CPL=0 II=0 A20=1 SMM=0 HLT=0
ES =0030 0000000000000000 ffffffff 00cf9300 DPL=0 DS   [-WA]
CS =0038 0000000000000000 ffffffff 00af9a00 DPL=0 CS64 [-R-]
SS =0030 0000000000000000 ffffffff 00cf9300 DPL=0 DS   [-WA]
DS =0030 0000000000000000 ffffffff 00cf9300 DPL=0 DS   [-WA]
FS =0030 0000000000000000 ffffffff 00cf9300 DPL=0 DS   [-WA]
GS =0030 0000000000000000 ffffffff 00cf9300 DPL=0 DS   [-WA]
LDT=0000 0000000000000000 0000ffff 00008200 DPL=0 LDT
TR =0000 0000000000000000 0000ffff 00008b00 DPL=0 TSS64-busy
GDT=     000000001f5dc000 00000047
IDT=     000000001efa4018 00000fff
CR0=80010033 CR2=0000000000000000 CR3=000000001f801000 CR4=00000668
DR0=0000000000000000 DR1=0000000000000000 DR2=0000000000000000 DR3=0000000000000000 
DR6=00000000ffff0ff0 DR7=0000000000000400
CCS=0000000000000000 CCD=0000000000325eb6 CCO=EFLAGS
EFER=0000000000000d00
Servicing hardware INT=0x20
   276: v=20 e=0000 i=0 cpl=0 IP=0038:000000001eb54171 pc=000000001eb54171 SP=0030:000000001fe65740 env->regs[R_EAX]=000000000031d2ea
RAX=000000000031d2ea RBX=000000000110d13a RCX=000000000000b008 RDX=0000000000defe50
RSI=000000001de53898 RDI=0000000000369e99 RBP=000000001fe65750 RSP=000000001fe65740
R8 =000000001fe657ec R9 =00000000000000a8 R10=000000001ddf6398 R11=000000001ddf6398
R12=0000000000000000 R13=0000000000000000 R14=0000000000000000 R15=000000001fe65894
RIP=000000001eb54171 RFL=00000202 [-------] CPL=0 II=0 A20=1 SMM=0 HLT=0
ES =0030 0000000000000000 ffffffff 00cf9300 DPL=0 DS   [-WA]
CS =0038 0000000000000000 ffffffff 00af9a00 DPL=0 CS64 [-R-]
SS =0030 0000000000000000 ffffffff 00cf9300 DPL=0 DS   [-WA]
DS =0030 0000000000000000 ffffffff 00cf9300 DPL=0 DS   [-WA]
FS =0030 0000000000000000 ffffffff 00cf9300 DPL=0 DS   [-WA]
GS =0030 0000000000000000 ffffffff 00cf9300 DPL=0 DS   [-WA]
LDT=0000 0000000000000000 0000ffff 00008200 DPL=0 LDT
TR =0000 0000000000000000 0000ffff 00008b00 DPL=0 TSS64-busy
GDT=     000000001f5dc000 00000047
IDT=     000000001efa4018 00000fff
CR0=80010033 CR2=0000000000000000 CR3=000000001f801000 CR4=00000668
DR0=0000000000000000 DR1=0000000000000000 DR2=0000000000000000 DR3=0000000000000000 
DR6=00000000ffff0ff0 DR7=0000000000000400
CCS=0000000000000000 CCD=000000000031d2ea CCO=EFLAGS
EFER=0000000000000d00
Servicing hardware INT=0x20
   277: v=20 e=0000 i=0 cpl=0 IP=0038:000000001eb54171 pc=000000001eb54171 SP=0030:000000001fe65740 env->regs[R_EAX]=0000000000314711
RAX=0000000000314711 RBX=000000000110d13a RCX=000000000000b008 RDX=0000000000df8a29
RSI=000000001de53898 RDI=0000000000369e99 RBP=000000001fe65750 RSP=000000001fe65740
R8 =000000001fe657ec R9 =00000000000000a8 R10=000000001ddf6398 R11=000000001ddf6398
R12=0000000000000000 R13=0000000000000000 R14=0000000000000000 R15=000000001fe65894
RIP=000000001eb54171 RFL=00000206 [-----P-] CPL=0 II=0 A20=1 SMM=0 HLT=0
ES =0030 0000000000000000 ffffffff 00cf9300 DPL=0 DS   [-WA]
CS =0038 0000000000000000 ffffffff 00af9a00 DPL=0 CS64 [-R-]
SS =0030 0000000000000000 ffffffff 00cf9300 DPL=0 DS   [-WA]
DS =0030 0000000000000000 ffffffff 00cf9300 DPL=0 DS   [-WA]
FS =0030 0000000000000000 ffffffff 00cf9300 DPL=0 DS   [-WA]
GS =0030 0000000000000000 ffffffff 00cf9300 DPL=0 DS   [-WA]
LDT=0000 0000000000000000 0000ffff 00008200 DPL=0 LDT
TR =0000 0000000000000000 0000ffff 00008b00 DPL=0 TSS64-busy
GDT=     000000001f5dc000 00000047
IDT=     000000001efa4018 00000fff
CR0=80010033 CR2=0000000000000000 CR3=000000001f801000 CR4=00000668
DR0=0000000000000000 DR1=0000000000000000 DR2=0000000000000000 DR3=0000000000000000 
DR6=00000000ffff0ff0 DR7=0000000000000400
CCS=0000000000000004 CCD=0000000000314711 CCO=EFLAGS
EFER=0000000000000d00
Servicing hardware INT=0x20
   278: v=20 e=0000 i=0 cpl=0 IP=0038:000000001eb54171 pc=000000001eb54171 SP=0030:000000001fe65740 env->regs[R_EAX]=000000000030bbae
RAX=000000000030bbae RBX=000000000110d13a RCX=000000000000b008 RDX=0000000000e0158c
RSI=000000001de53898 RDI=0000000000369e99 RBP=000000001fe65750 RSP=000000001fe65740
R8 =000000001fe657ec R9 =00000000000000a8 R10=000000001ddf6398 R11=000000001ddf6398
R12=0000000000000000 R13=0000000000000000 R14=0000000000000000 R15=000000001fe65894
RIP=000000001eb54171 RFL=00000202 [-------] CPL=0 II=0 A20=1 SMM=0 HLT=0
ES =0030 0000000000000000 ffffffff 00cf9300 DPL=0 DS   [-WA]
CS =0038 0000000000000000 ffffffff 00af9a00 DPL=0 CS64 [-R-]
SS =0030 0000000000000000 ffffffff 00cf9300 DPL=0 DS   [-WA]
DS =0030 0000000000000000 ffffffff 00cf9300 DPL=0 DS   [-WA]
FS =0030 0000000000000000 ffffffff 00cf9300 DPL=0 DS   [-WA]
GS =0030 0000000000000000 ffffffff 00cf9300 DPL=0 DS   [-WA]
LDT=0000 0000000000000000 0000ffff 00008200 DPL=0 LDT
TR =0000 0000000000000000 0000ffff 00008b00 DPL=0 TSS64-busy
GDT=     000000001f5dc000 00000047
IDT=     000000001efa4018 00000fff
CR0=80010033 CR2=0000000000000000 CR3=000000001f801000 CR4=00000668
DR0=0000000000000000 DR1=0000000000000000 DR2=0000000000000000 DR3=0000000000000000 
DR6=00000000ffff0ff0 DR7=0000000000000400
CCS=0000000000000000 CCD=000000000030bbae CCO=EFLAGS
EFER=0000000000000d00
Servicing hardware INT=0x20
   279: v=20 e=0000 i=0 cpl=0 IP=0038:000000001eb54171 pc=000000001eb54171 SP=0030:000000001fe65740 env->regs[R_EAX]=0000000000303003
RAX=0000000000303003 RBX=000000000110d13a RCX=000000000000b008 RDX=0000000000e0a137
RSI=000000001de53898 RDI=0000000000369e99 RBP=000000001fe65750 RSP=000000001fe65740
R8 =000000001fe657ec R9 =00000000000000a8 R10=000000001ddf6398 R11=000000001ddf6398
R12=0000000000000000 R13=0000000000000000 R14=0000000000000000 R15=000000001fe65894
RIP=000000001eb54171 RFL=00000206 [-----P-] CPL=0 II=0 A20=1 SMM=0 HLT=0
ES =0030 0000000000000000 ffffffff 00cf9300 DPL=0 DS   [-WA]
CS =0038 0000000000000000 ffffffff 00af9a00 DPL=0 CS64 [-R-]
SS =0030 0000000000000000 ffffffff 00cf9300 DPL=0 DS   [-WA]
DS =0030 0000000000000000 ffffffff 00cf9300 DPL=0 DS   [-WA]
FS =0030 0000000000000000 ffffffff 00cf9300 DPL=0 DS   [-WA]
GS =0030 0000000000000000 ffffffff 00cf9300 DPL=0 DS   [-WA]
LDT=0000 0000000000000000 0000ffff 00008200 DPL=0 LDT
TR =0000 0000000000000000 0000ffff 00008b00 DPL=0 TSS64-busy
GDT=     000000001f5dc000 00000047
IDT=     000000001efa4018 00000fff
CR0=80010033 CR2=0000000000000000 CR3=000000001f801000 CR4=00000668
DR0=0000000000000000 DR1=0000000000000000 DR2=0000000000000000 DR3=0000000000000000 
DR6=00000000ffff0ff0 DR7=0000000000000400
CCS=0000000000000004 CCD=0000000000303003 CCO=EFLAGS
EFER=0000000000000d00
Servicing hardware INT=0x20
   280: v=20 e=0000 i=0 cpl=0 IP=0038:000000001eb54171 pc=000000001eb54171 SP=0030:000000001fe65740 env->regs[R_EAX]=00000000002fa42c
RAX=00000000002fa42c RBX=000000000110d13a RCX=000000000000b008 RDX=0000000000e12d0e
RSI=000000001de53898 RDI=0000000000369e99 RBP=000000001fe65750 RSP=000000001fe65740
R8 =000000001fe657ec R9 =00000000000000a8 R10=000000001ddf6398 R11=000000001ddf6398
R12=0000000000000000 R13=0000000000000000 R14=0000000000000000 R15=000000001fe65894
RIP=000000001eb54171 RFL=00000202 [-------] CPL=0 II=0 A20=1 SMM=0 HLT=0
ES =0030 0000000000000000 ffffffff 00cf9300 DPL=0 DS   [-WA]
CS =0038 0000000000000000 ffffffff 00af9a00 DPL=0 CS64 [-R-]
SS =0030 0000000000000000 ffffffff 00cf9300 DPL=0 DS   [-WA]
DS =0030 0000000000000000 ffffffff 00cf9300 DPL=0 DS   [-WA]
FS =0030 0000000000000000 ffffffff 00cf9300 DPL=0 DS   [-WA]
GS =0030 0000000000000000 ffffffff 00cf9300 DPL=0 DS   [-WA]
LDT=0000 0000000000000000 0000ffff 00008200 DPL=0 LDT
TR =0000 0000000000000000 0000ffff 00008b00 DPL=0 TSS64-busy
GDT=     000000001f5dc000 00000047
IDT=     000000001efa4018 00000fff
CR0=80010033 CR2=0000000000000000 CR3=000000001f801000 CR4=00000668
DR0=0000000000000000 DR1=0000000000000000 DR2=0000000000000000 DR3=0000000000000000 
DR6=00000000ffff0ff0 DR7=0000000000000400
CCS=0000000000000000 CCD=00000000002fa42c CCO=EFLAGS
EFER=0000000000000d00
Servicing hardware INT=0x20
   281: v=20 e=0000 i=0 cpl=0 IP=0038:000000001eb54171 pc=000000001eb54171 SP=0030:000000001fe65740 env->regs[R_EAX]=00000000002f1854
RAX=00000000002f1854 RBX=000000000110d13a RCX=000000000000b008 RDX=0000000000e1b8e6
RSI=000000001de53898 RDI=0000000000369e99 RBP=000000001fe65750 RSP=000000001fe65740
R8 =000000001fe657ec R9 =00000000000000a8 R10=000000001ddf6398 R11=000000001ddf6398
R12=0000000000000000 R13=0000000000000000 R14=0000000000000000 R15=000000001fe65894
RIP=000000001eb54171 RFL=00000202 [-------] CPL=0 II=0 A20=1 SMM=0 HLT=0
ES =0030 0000000000000000 ffffffff 00cf9300 DPL=0 DS   [-WA]
CS =0038 0000000000000000 ffffffff 00af9a00 DPL=0 CS64 [-R-]
SS =0030 0000000000000000 ffffffff 00cf9300 DPL=0 DS   [-WA]
DS =0030 0000000000000000 ffffffff 00cf9300 DPL=0 DS   [-WA]
FS =0030 0000000000000000 ffffffff 00cf9300 DPL=0 DS   [-WA]
GS =0030 0000000000000000 ffffffff 00cf9300 DPL=0 DS   [-WA]
LDT=0000 0000000000000000 0000ffff 00008200 DPL=0 LDT
TR =0000 0000000000000000 0000ffff 00008b00 DPL=0 TSS64-busy
GDT=     000000001f5dc000 00000047
IDT=     000000001efa4018 00000fff
CR0=80010033 CR2=0000000000000000 CR3=000000001f801000 CR4=00000668
DR0=0000000000000000 DR1=0000000000000000 DR2=0000000000000000 DR3=0000000000000000 
DR6=00000000ffff0ff0 DR7=0000000000000400
CCS=0000000000000000 CCD=00000000002f1854 CCO=EFLAGS
EFER=0000000000000d00
Servicing hardware INT=0x20
   282: v=20 e=0000 i=0 cpl=0 IP=0038:000000001eb54171 pc=000000001eb54171 SP=0030:000000001fe65740 env->regs[R_EAX]=00000000002e7b81
RAX=00000000002e7b81 RBX=000000000110d13a RCX=000000000000b008 RDX=0000000000e255b9
RSI=000000001de53898 RDI=0000000000369e99 RBP=000000001fe65750 RSP=000000001fe65740
R8 =000000001fe657ec R9 =00000000000000a8 R10=000000001ddf6398 R11=000000001ddf6398
R12=0000000000000000 R13=0000000000000000 R14=0000000000000000 R15=000000001fe65894
RIP=000000001eb54171 RFL=00000206 [-----P-] CPL=0 II=0 A20=1 SMM=0 HLT=0
ES =0030 0000000000000000 ffffffff 00cf9300 DPL=0 DS   [-WA]
CS =0038 0000000000000000 ffffffff 00af9a00 DPL=0 CS64 [-R-]
SS =0030 0000000000000000 ffffffff 00cf9300 DPL=0 DS   [-WA]
DS =0030 0000000000000000 ffffffff 00cf9300 DPL=0 DS   [-WA]
FS =0030 0000000000000000 ffffffff 00cf9300 DPL=0 DS   [-WA]
GS =0030 0000000000000000 ffffffff 00cf9300 DPL=0 DS   [-WA]
LDT=0000 0000000000000000 0000ffff 00008200 DPL=0 LDT
TR =0000 0000000000000000 0000ffff 00008b00 DPL=0 TSS64-busy
GDT=     000000001f5dc000 00000047
IDT=     000000001efa4018 00000fff
CR0=80010033 CR2=0000000000000000 CR3=000000001f801000 CR4=00000668
DR0=0000000000000000 DR1=0000000000000000 DR2=0000000000000000 DR3=0000000000000000 
DR6=00000000ffff0ff0 DR7=0000000000000400
CCS=0000000000000004 CCD=00000000002e7b81 CCO=EFLAGS
EFER=0000000000000d00
Servicing hardware INT=0x20
   283: v=20 e=0000 i=0 cpl=0 IP=0038:000000001eb54171 pc=000000001eb54171 SP=0030:000000001fe65740 env->regs[R_EAX]=00000000002df226
RAX=00000000002df226 RBX=000000000110d13a RCX=000000000000b008 RDX=0000000000e2df14
RSI=000000001de53898 RDI=0000000000369e99 RBP=000000001fe65750 RSP=000000001fe65740
R8 =000000001fe657ec R9 =00000000000000a8 R10=000000001ddf6398 R11=000000001ddf6398
R12=0000000000000000 R13=0000000000000000 R14=0000000000000000 R15=000000001fe65894
RIP=000000001eb54171 RFL=00000202 [-------] CPL=0 II=0 A20=1 SMM=0 HLT=0
ES =0030 0000000000000000 ffffffff 00cf9300 DPL=0 DS   [-WA]
CS =0038 0000000000000000 ffffffff 00af9a00 DPL=0 CS64 [-R-]
SS =0030 0000000000000000 ffffffff 00cf9300 DPL=0 DS   [-WA]
DS =0030 0000000000000000 ffffffff 00cf9300 DPL=0 DS   [-WA]
FS =0030 0000000000000000 ffffffff 00cf9300 DPL=0 DS   [-WA]
GS =0030 0000000000000000 ffffffff 00cf9300 DPL=0 DS   [-WA]
LDT=0000 0000000000000000 0000ffff 00008200 DPL=0 LDT
TR =0000 0000000000000000 0000ffff 00008b00 DPL=0 TSS64-busy
GDT=     000000001f5dc000 00000047
IDT=     000000001efa4018 00000fff
CR0=80010033 CR2=0000000000000000 CR3=000000001f801000 CR4=00000668
DR0=0000000000000000 DR1=0000000000000000 DR2=0000000000000000 DR3=0000000000000000 
DR6=00000000ffff0ff0 DR7=0000000000000400
CCS=0000000000000000 CCD=00000000002df226 CCO=EFLAGS
EFER=0000000000000d00
Servicing hardware INT=0x20
   284: v=20 e=0000 i=0 cpl=0 IP=0038:000000001eb54171 pc=000000001eb54171 SP=0030:000000001fe65740 env->regs[R_EAX]=00000000002d6654
RAX=00000000002d6654 RBX=000000000110d13a RCX=000000000000b008 RDX=0000000000e36ae6
RSI=000000001de53898 RDI=0000000000369e99 RBP=000000001fe65750 RSP=000000001fe65740
R8 =000000001fe657ec R9 =00000000000000a8 R10=000000001ddf6398 R11=000000001ddf6398
R12=0000000000000000 R13=0000000000000000 R14=0000000000000000 R15=000000001fe65894
RIP=000000001eb54171 RFL=00000202 [-------] CPL=0 II=0 A20=1 SMM=0 HLT=0
ES =0030 0000000000000000 ffffffff 00cf9300 DPL=0 DS   [-WA]
CS =0038 0000000000000000 ffffffff 00af9a00 DPL=0 CS64 [-R-]
SS =0030 0000000000000000 ffffffff 00cf9300 DPL=0 DS   [-WA]
DS =0030 0000000000000000 ffffffff 00cf9300 DPL=0 DS   [-WA]
FS =0030 0000000000000000 ffffffff 00cf9300 DPL=0 DS   [-WA]
GS =0030 0000000000000000 ffffffff 00cf9300 DPL=0 DS   [-WA]
LDT=0000 0000000000000000 0000ffff 00008200 DPL=0 LDT
TR =0000 0000000000000000 0000ffff 00008b00 DPL=0 TSS64-busy
GDT=     000000001f5dc000 00000047
IDT=     000000001efa4018 00000fff
CR0=80010033 CR2=0000000000000000 CR3=000000001f801000 CR4=00000668
DR0=0000000000000000 DR1=0000000000000000 DR2=0000000000000000 DR3=0000000000000000 
DR6=00000000ffff0ff0 DR7=0000000000000400
CCS=0000000000000000 CCD=00000000002d6654 CCO=EFLAGS
EFER=0000000000000d00
Servicing hardware INT=0x20
   285: v=20 e=0000 i=0 cpl=0 IP=0038:000000001eb54171 pc=000000001eb54171 SP=0030:000000001fe65740 env->regs[R_EAX]=00000000002ce879
RAX=00000000002ce879 RBX=000000000110d13a RCX=000000000000b008 RDX=0000000000e3e8c1
RSI=000000001de53898 RDI=0000000000369e99 RBP=000000001fe65750 RSP=000000001fe65740
R8 =000000001fe657ec R9 =00000000000000a8 R10=000000001ddf6398 R11=000000001ddf6398
R12=0000000000000000 R13=0000000000000000 R14=0000000000000000 R15=000000001fe65894
RIP=000000001eb54171 RFL=00000202 [-------] CPL=0 II=0 A20=1 SMM=0 HLT=0
ES =0030 0000000000000000 ffffffff 00cf9300 DPL=0 DS   [-WA]
CS =0038 0000000000000000 ffffffff 00af9a00 DPL=0 CS64 [-R-]
SS =0030 0000000000000000 ffffffff 00cf9300 DPL=0 DS   [-WA]
DS =0030 0000000000000000 ffffffff 00cf9300 DPL=0 DS   [-WA]
FS =0030 0000000000000000 ffffffff 00cf9300 DPL=0 DS   [-WA]
GS =0030 0000000000000000 ffffffff 00cf9300 DPL=0 DS   [-WA]
LDT=0000 0000000000000000 0000ffff 00008200 DPL=0 LDT
TR =0000 0000000000000000 0000ffff 00008b00 DPL=0 TSS64-busy
GDT=     000000001f5dc000 00000047
IDT=     000000001efa4018 00000fff
CR0=80010033 CR2=0000000000000000 CR3=000000001f801000 CR4=00000668
DR0=0000000000000000 DR1=0000000000000000 DR2=0000000000000000 DR3=0000000000000000 
DR6=00000000ffff0ff0 DR7=0000000000000400
CCS=0000000000000000 CCD=00000000002ce879 CCO=EFLAGS
EFER=0000000000000d00
Servicing hardware INT=0x20
   286: v=20 e=0000 i=0 cpl=0 IP=0038:000000001eb54171 pc=000000001eb54171 SP=0030:000000001fe65740 env->regs[R_EAX]=00000000002c5c9a
RAX=00000000002c5c9a RBX=000000000110d13a RCX=000000000000b008 RDX=0000000000e474a0
RSI=000000001de53898 RDI=0000000000369e99 RBP=000000001fe65750 RSP=000000001fe65740
R8 =000000001fe657ec R9 =00000000000000a8 R10=000000001ddf6398 R11=000000001ddf6398
R12=0000000000000000 R13=0000000000000000 R14=0000000000000000 R15=000000001fe65894
RIP=000000001eb54171 RFL=00000206 [-----P-] CPL=0 II=0 A20=1 SMM=0 HLT=0
ES =0030 0000000000000000 ffffffff 00cf9300 DPL=0 DS   [-WA]
CS =0038 0000000000000000 ffffffff 00af9a00 DPL=0 CS64 [-R-]
SS =0030 0000000000000000 ffffffff 00cf9300 DPL=0 DS   [-WA]
DS =0030 0000000000000000 ffffffff 00cf9300 DPL=0 DS   [-WA]
FS =0030 0000000000000000 ffffffff 00cf9300 DPL=0 DS   [-WA]
GS =0030 0000000000000000 ffffffff 00cf9300 DPL=0 DS   [-WA]
LDT=0000 0000000000000000 0000ffff 00008200 DPL=0 LDT
TR =0000 0000000000000000 0000ffff 00008b00 DPL=0 TSS64-busy
GDT=     000000001f5dc000 00000047
IDT=     000000001efa4018 00000fff
CR0=80010033 CR2=0000000000000000 CR3=000000001f801000 CR4=00000668
DR0=0000000000000000 DR1=0000000000000000 DR2=0000000000000000 DR3=0000000000000000 
DR6=00000000ffff0ff0 DR7=0000000000000400
CCS=0000000000000004 CCD=00000000002c5c9a CCO=EFLAGS
EFER=0000000000000d00
Servicing hardware INT=0x20
   287: v=20 e=0000 i=0 cpl=0 IP=0038:000000001eb54171 pc=000000001eb54171 SP=0030:000000001fe65740 env->regs[R_EAX]=00000000002bde73
RAX=00000000002bde73 RBX=000000000110d13a RCX=000000000000b008 RDX=0000000000e4f2c7
RSI=000000001de53898 RDI=0000000000369e99 RBP=000000001fe65750 RSP=000000001fe65740
R8 =000000001fe657ec R9 =00000000000000a8 R10=000000001ddf6398 R11=000000001ddf6398
R12=0000000000000000 R13=0000000000000000 R14=0000000000000000 R15=000000001fe65894
RIP=000000001eb54171 RFL=00000202 [-------] CPL=0 II=0 A20=1 SMM=0 HLT=0
ES =0030 0000000000000000 ffffffff 00cf9300 DPL=0 DS   [-WA]
CS =0038 0000000000000000 ffffffff 00af9a00 DPL=0 CS64 [-R-]
SS =0030 0000000000000000 ffffffff 00cf9300 DPL=0 DS   [-WA]
DS =0030 0000000000000000 ffffffff 00cf9300 DPL=0 DS   [-WA]
FS =0030 0000000000000000 ffffffff 00cf9300 DPL=0 DS   [-WA]
GS =0030 0000000000000000 ffffffff 00cf9300 DPL=0 DS   [-WA]
LDT=0000 0000000000000000 0000ffff 00008200 DPL=0 LDT
TR =0000 0000000000000000 0000ffff 00008b00 DPL=0 TSS64-busy
GDT=     000000001f5dc000 00000047
IDT=     000000001efa4018 00000fff
CR0=80010033 CR2=0000000000000000 CR3=000000001f801000 CR4=00000668
DR0=0000000000000000 DR1=0000000000000000 DR2=0000000000000000 DR3=0000000000000000 
DR6=00000000ffff0ff0 DR7=0000000000000400
CCS=0000000000000000 CCD=00000000002bde73 CCO=EFLAGS
EFER=0000000000000d00
Servicing hardware INT=0x20
   288: v=20 e=0000 i=0 cpl=0 IP=0038:000000001eb54171 pc=000000001eb54171 SP=0030:000000001fe65740 env->regs[R_EAX]=00000000002b44fd
RAX=00000000002b44fd RBX=000000000110d13a RCX=000000000000b008 RDX=0000000000e58c3d
RSI=000000001de53898 RDI=0000000000369e99 RBP=000000001fe65750 RSP=000000001fe65740
R8 =000000001fe657ec R9 =00000000000000a8 R10=000000001ddf6398 R11=000000001ddf6398
R12=0000000000000000 R13=0000000000000000 R14=0000000000000000 R15=000000001fe65894
RIP=000000001eb54171 RFL=00000202 [-------] CPL=0 II=0 A20=1 SMM=0 HLT=0
ES =0030 0000000000000000 ffffffff 00cf9300 DPL=0 DS   [-WA]
CS =0038 0000000000000000 ffffffff 00af9a00 DPL=0 CS64 [-R-]
SS =0030 0000000000000000 ffffffff 00cf9300 DPL=0 DS   [-WA]
DS =0030 0000000000000000 ffffffff 00cf9300 DPL=0 DS   [-WA]
FS =0030 0000000000000000 ffffffff 00cf9300 DPL=0 DS   [-WA]
GS =0030 0000000000000000 ffffffff 00cf9300 DPL=0 DS   [-WA]
LDT=0000 0000000000000000 0000ffff 00008200 DPL=0 LDT
TR =0000 0000000000000000 0000ffff 00008b00 DPL=0 TSS64-busy
GDT=     000000001f5dc000 00000047
IDT=     000000001efa4018 00000fff
CR0=80010033 CR2=0000000000000000 CR3=000000001f801000 CR4=00000668
DR0=0000000000000000 DR1=0000000000000000 DR2=0000000000000000 DR3=0000000000000000 
DR6=00000000ffff0ff0 DR7=0000000000000400
CCS=0000000000000000 CCD=00000000002b44fd CCO=EFLAGS
EFER=0000000000000d00
Servicing hardware INT=0x20
   289: v=20 e=0000 i=0 cpl=0 IP=0038:000000001eb54171 pc=000000001eb54171 SP=0030:000000001fe65740 env->regs[R_EAX]=00000000002ac59a
RAX=00000000002ac59a RBX=000000000110d13a RCX=000000000000b008 RDX=0000000000e60ba0
RSI=000000001de53898 RDI=0000000000369e99 RBP=000000001fe65750 RSP=000000001fe65740
R8 =000000001fe657ec R9 =00000000000000a8 R10=000000001ddf6398 R11=000000001ddf6398
R12=0000000000000000 R13=0000000000000000 R14=0000000000000000 R15=000000001fe65894
RIP=000000001eb54171 RFL=00000206 [-----P-] CPL=0 II=0 A20=1 SMM=0 HLT=0
ES =0030 0000000000000000 ffffffff 00cf9300 DPL=0 DS   [-WA]
CS =0038 0000000000000000 ffffffff 00af9a00 DPL=0 CS64 [-R-]
SS =0030 0000000000000000 ffffffff 00cf9300 DPL=0 DS   [-WA]
DS =0030 0000000000000000 ffffffff 00cf9300 DPL=0 DS   [-WA]
FS =0030 0000000000000000 ffffffff 00cf9300 DPL=0 DS   [-WA]
GS =0030 0000000000000000 ffffffff 00cf9300 DPL=0 DS   [-WA]
LDT=0000 0000000000000000 0000ffff 00008200 DPL=0 LDT
TR =0000 0000000000000000 0000ffff 00008b00 DPL=0 TSS64-busy
GDT=     000000001f5dc000 00000047
IDT=     000000001efa4018 00000fff
CR0=80010033 CR2=0000000000000000 CR3=000000001f801000 CR4=00000668
DR0=0000000000000000 DR1=0000000000000000 DR2=0000000000000000 DR3=0000000000000000 
DR6=00000000ffff0ff0 DR7=0000000000000400
CCS=0000000000000004 CCD=00000000002ac59a CCO=EFLAGS
EFER=0000000000000d00
Servicing hardware INT=0x20
   290: v=20 e=0000 i=0 cpl=0 IP=0038:000000001eb54171 pc=000000001eb54171 SP=0030:000000001fe65740 env->regs[R_EAX]=00000000002a2d5a
RAX=00000000002a2d5a RBX=000000000110d13a RCX=000000000000b008 RDX=0000000000e6a3e0
RSI=000000001de53898 RDI=0000000000369e99 RBP=000000001fe65750 RSP=000000001fe65740
R8 =000000001fe657ec R9 =00000000000000a8 R10=000000001ddf6398 R11=000000001ddf6398
R12=0000000000000000 R13=0000000000000000 R14=0000000000000000 R15=000000001fe65894
RIP=000000001eb54171 RFL=00000206 [-----P-] CPL=0 II=0 A20=1 SMM=0 HLT=0
ES =0030 0000000000000000 ffffffff 00cf9300 DPL=0 DS   [-WA]
CS =0038 0000000000000000 ffffffff 00af9a00 DPL=0 CS64 [-R-]
SS =0030 0000000000000000 ffffffff 00cf9300 DPL=0 DS   [-WA]
DS =0030 0000000000000000 ffffffff 00cf9300 DPL=0 DS   [-WA]
FS =0030 0000000000000000 ffffffff 00cf9300 DPL=0 DS   [-WA]
GS =0030 0000000000000000 ffffffff 00cf9300 DPL=0 DS   [-WA]
LDT=0000 0000000000000000 0000ffff 00008200 DPL=0 LDT
TR =0000 0000000000000000 0000ffff 00008b00 DPL=0 TSS64-busy
GDT=     000000001f5dc000 00000047
IDT=     000000001efa4018 00000fff
CR0=80010033 CR2=0000000000000000 CR3=000000001f801000 CR4=00000668
DR0=0000000000000000 DR1=0000000000000000 DR2=0000000000000000 DR3=0000000000000000 
DR6=00000000ffff0ff0 DR7=0000000000000400
CCS=0000000000000004 CCD=00000000002a2d5a CCO=EFLAGS
EFER=0000000000000d00
Servicing hardware INT=0x20
   291: v=20 e=0000 i=0 cpl=0 IP=0038:000000001eb54171 pc=000000001eb54171 SP=0030:000000001fe65740 env->regs[R_EAX]=000000000029a17b
RAX=000000000029a17b RBX=000000000110d13a RCX=000000000000b008 RDX=0000000000e72fbf
RSI=000000001de53898 RDI=0000000000369e99 RBP=000000001fe65750 RSP=000000001fe65740
R8 =000000001fe657ec R9 =00000000000000a8 R10=000000001ddf6398 R11=000000001ddf6398
R12=0000000000000000 R13=0000000000000000 R14=0000000000000000 R15=000000001fe65894
RIP=000000001eb54171 RFL=00000206 [-----P-] CPL=0 II=0 A20=1 SMM=0 HLT=0
ES =0030 0000000000000000 ffffffff 00cf9300 DPL=0 DS   [-WA]
CS =0038 0000000000000000 ffffffff 00af9a00 DPL=0 CS64 [-R-]
SS =0030 0000000000000000 ffffffff 00cf9300 DPL=0 DS   [-WA]
DS =0030 0000000000000000 ffffffff 00cf9300 DPL=0 DS   [-WA]
FS =0030 0000000000000000 ffffffff 00cf9300 DPL=0 DS   [-WA]
GS =0030 0000000000000000 ffffffff 00cf9300 DPL=0 DS   [-WA]
LDT=0000 0000000000000000 0000ffff 00008200 DPL=0 LDT
TR =0000 0000000000000000 0000ffff 00008b00 DPL=0 TSS64-busy
GDT=     000000001f5dc000 00000047
IDT=     000000001efa4018 00000fff
CR0=80010033 CR2=0000000000000000 CR3=000000001f801000 CR4=00000668
DR0=0000000000000000 DR1=0000000000000000 DR2=0000000000000000 DR3=0000000000000000 
DR6=00000000ffff0ff0 DR7=0000000000000400
CCS=0000000000000004 CCD=000000000029a17b CCO=EFLAGS
EFER=0000000000000d00
Servicing hardware INT=0x20
   292: v=20 e=0000 i=0 cpl=0 IP=0038:000000001eb54171 pc=000000001eb54171 SP=0030:000000001fe65740 env->regs[R_EAX]=0000000000291599
RAX=0000000000291599 RBX=000000000110d13a RCX=000000000000b008 RDX=0000000000e7bba1
RSI=000000001de53898 RDI=0000000000369e99 RBP=000000001fe65750 RSP=000000001fe65740
R8 =000000001fe657ec R9 =00000000000000a8 R10=000000001ddf6398 R11=000000001ddf6398
R12=0000000000000000 R13=0000000000000000 R14=0000000000000000 R15=000000001fe65894
RIP=000000001eb54171 RFL=00000206 [-----P-] CPL=0 II=0 A20=1 SMM=0 HLT=0
ES =0030 0000000000000000 ffffffff 00cf9300 DPL=0 DS   [-WA]
CS =0038 0000000000000000 ffffffff 00af9a00 DPL=0 CS64 [-R-]
SS =0030 0000000000000000 ffffffff 00cf9300 DPL=0 DS   [-WA]
DS =0030 0000000000000000 ffffffff 00cf9300 DPL=0 DS   [-WA]
FS =0030 0000000000000000 ffffffff 00cf9300 DPL=0 DS   [-WA]
GS =0030 0000000000000000 ffffffff 00cf9300 DPL=0 DS   [-WA]
LDT=0000 0000000000000000 0000ffff 00008200 DPL=0 LDT
TR =0000 0000000000000000 0000ffff 00008b00 DPL=0 TSS64-busy
GDT=     000000001f5dc000 00000047
IDT=     000000001efa4018 00000fff
CR0=80010033 CR2=0000000000000000 CR3=000000001f801000 CR4=00000668
DR0=0000000000000000 DR1=0000000000000000 DR2=0000000000000000 DR3=0000000000000000 
DR6=00000000ffff0ff0 DR7=0000000000000400
CCS=0000000000000004 CCD=0000000000291599 CCO=EFLAGS
EFER=0000000000000d00
Servicing hardware INT=0x20
   293: v=20 e=0000 i=0 cpl=0 IP=0038:000000001eb54171 pc=000000001eb54171 SP=0030:000000001fe65740 env->regs[R_EAX]=00000000002889da
RAX=00000000002889da RBX=000000000110d13a RCX=000000000000b008 RDX=0000000000e84760
RSI=000000001de53898 RDI=0000000000369e99 RBP=000000001fe65750 RSP=000000001fe65740
R8 =000000001fe657ec R9 =00000000000000a8 R10=000000001ddf6398 R11=000000001ddf6398
R12=0000000000000000 R13=0000000000000000 R14=0000000000000000 R15=000000001fe65894
RIP=000000001eb54171 RFL=00000202 [-------] CPL=0 II=0 A20=1 SMM=0 HLT=0
ES =0030 0000000000000000 ffffffff 00cf9300 DPL=0 DS   [-WA]
CS =0038 0000000000000000 ffffffff 00af9a00 DPL=0 CS64 [-R-]
SS =0030 0000000000000000 ffffffff 00cf9300 DPL=0 DS   [-WA]
DS =0030 0000000000000000 ffffffff 00cf9300 DPL=0 DS   [-WA]
FS =0030 0000000000000000 ffffffff 00cf9300 DPL=0 DS   [-WA]
GS =0030 0000000000000000 ffffffff 00cf9300 DPL=0 DS   [-WA]
LDT=0000 0000000000000000 0000ffff 00008200 DPL=0 LDT
TR =0000 0000000000000000 0000ffff 00008b00 DPL=0 TSS64-busy
GDT=     000000001f5dc000 00000047
IDT=     000000001efa4018 00000fff
CR0=80010033 CR2=0000000000000000 CR3=000000001f801000 CR4=00000668
DR0=0000000000000000 DR1=0000000000000000 DR2=0000000000000000 DR3=0000000000000000 
DR6=00000000ffff0ff0 DR7=0000000000000400
CCS=0000000000000000 CCD=00000000002889da CCO=EFLAGS
EFER=0000000000000d00
Servicing hardware INT=0x20
   294: v=20 e=0000 i=0 cpl=0 IP=0038:000000001eb54171 pc=000000001eb54171 SP=0030:000000001fe65740 env->regs[R_EAX]=000000000027fe07
RAX=000000000027fe07 RBX=000000000110d13a RCX=000000000000b008 RDX=0000000000e8d333
RSI=000000001de53898 RDI=0000000000369e99 RBP=000000001fe65750 RSP=000000001fe65740
R8 =000000001fe657ec R9 =00000000000000a8 R10=000000001ddf6398 R11=000000001ddf6398
R12=0000000000000000 R13=0000000000000000 R14=0000000000000000 R15=000000001fe65894
RIP=000000001eb54171 RFL=00000202 [-------] CPL=0 II=0 A20=1 SMM=0 HLT=0
ES =0030 0000000000000000 ffffffff 00cf9300 DPL=0 DS   [-WA]
CS =0038 0000000000000000 ffffffff 00af9a00 DPL=0 CS64 [-R-]
SS =0030 0000000000000000 ffffffff 00cf9300 DPL=0 DS   [-WA]
DS =0030 0000000000000000 ffffffff 00cf9300 DPL=0 DS   [-WA]
FS =0030 0000000000000000 ffffffff 00cf9300 DPL=0 DS   [-WA]
GS =0030 0000000000000000 ffffffff 00cf9300 DPL=0 DS   [-WA]
LDT=0000 0000000000000000 0000ffff 00008200 DPL=0 LDT
TR =0000 0000000000000000 0000ffff 00008b00 DPL=0 TSS64-busy
GDT=     000000001f5dc000 00000047
IDT=     000000001efa4018 00000fff
CR0=80010033 CR2=0000000000000000 CR3=000000001f801000 CR4=00000668
DR0=0000000000000000 DR1=0000000000000000 DR2=0000000000000000 DR3=0000000000000000 
DR6=00000000ffff0ff0 DR7=0000000000000400
CCS=0000000000000000 CCD=000000000027fe07 CCO=EFLAGS
EFER=0000000000000d00
Servicing hardware INT=0x20
   295: v=20 e=0000 i=0 cpl=0 IP=0038:000000001eb54171 pc=000000001eb54171 SP=0030:000000001fe65740 env->regs[R_EAX]=000000000027722b
RAX=000000000027722b RBX=000000000110d13a RCX=000000000000b008 RDX=0000000000e95f0f
RSI=000000001de53898 RDI=0000000000369e99 RBP=000000001fe65750 RSP=000000001fe65740
R8 =000000001fe657ec R9 =00000000000000a8 R10=000000001ddf6398 R11=000000001ddf6398
R12=0000000000000000 R13=0000000000000000 R14=0000000000000000 R15=000000001fe65894
RIP=000000001eb54171 RFL=00000206 [-----P-] CPL=0 II=0 A20=1 SMM=0 HLT=0
ES =0030 0000000000000000 ffffffff 00cf9300 DPL=0 DS   [-WA]
CS =0038 0000000000000000 ffffffff 00af9a00 DPL=0 CS64 [-R-]
SS =0030 0000000000000000 ffffffff 00cf9300 DPL=0 DS   [-WA]
DS =0030 0000000000000000 ffffffff 00cf9300 DPL=0 DS   [-WA]
FS =0030 0000000000000000 ffffffff 00cf9300 DPL=0 DS   [-WA]
GS =0030 0000000000000000 ffffffff 00cf9300 DPL=0 DS   [-WA]
LDT=0000 0000000000000000 0000ffff 00008200 DPL=0 LDT
TR =0000 0000000000000000 0000ffff 00008b00 DPL=0 TSS64-busy
GDT=     000000001f5dc000 00000047
IDT=     000000001efa4018 00000fff
CR0=80010033 CR2=0000000000000000 CR3=000000001f801000 CR4=00000668
DR0=0000000000000000 DR1=0000000000000000 DR2=0000000000000000 DR3=0000000000000000 
DR6=00000000ffff0ff0 DR7=0000000000000400
CCS=0000000000000004 CCD=000000000027722b CCO=EFLAGS
EFER=0000000000000d00
Servicing hardware INT=0x20
   296: v=20 e=0000 i=0 cpl=0 IP=0038:000000001eb54171 pc=000000001eb54171 SP=0030:000000001fe65740 env->regs[R_EAX]=000000000026e664
RAX=000000000026e664 RBX=000000000110d13a RCX=000000000000b008 RDX=0000000000e9ead6
RSI=000000001de53898 RDI=0000000000369e99 RBP=000000001fe65750 RSP=000000001fe65740
R8 =000000001fe657ec R9 =00000000000000a8 R10=000000001ddf6398 R11=000000001ddf6398
R12=0000000000000000 R13=0000000000000000 R14=0000000000000000 R15=000000001fe65894
RIP=000000001eb54171 RFL=00000202 [-------] CPL=0 II=0 A20=1 SMM=0 HLT=0
ES =0030 0000000000000000 ffffffff 00cf9300 DPL=0 DS   [-WA]
CS =0038 0000000000000000 ffffffff 00af9a00 DPL=0 CS64 [-R-]
SS =0030 0000000000000000 ffffffff 00cf9300 DPL=0 DS   [-WA]
DS =0030 0000000000000000 ffffffff 00cf9300 DPL=0 DS   [-WA]
FS =0030 0000000000000000 ffffffff 00cf9300 DPL=0 DS   [-WA]
GS =0030 0000000000000000 ffffffff 00cf9300 DPL=0 DS   [-WA]
LDT=0000 0000000000000000 0000ffff 00008200 DPL=0 LDT
TR =0000 0000000000000000 0000ffff 00008b00 DPL=0 TSS64-busy
GDT=     000000001f5dc000 00000047
IDT=     000000001efa4018 00000fff
CR0=80010033 CR2=0000000000000000 CR3=000000001f801000 CR4=00000668
DR0=0000000000000000 DR1=0000000000000000 DR2=0000000000000000 DR3=0000000000000000 
DR6=00000000ffff0ff0 DR7=0000000000000400
CCS=0000000000000000 CCD=000000000026e664 CCO=EFLAGS
EFER=0000000000000d00
Servicing hardware INT=0x20
   297: v=20 e=0000 i=0 cpl=0 IP=0038:000000001eb54171 pc=000000001eb54171 SP=0030:000000001fe65740 env->regs[R_EAX]=0000000000265a8d
RAX=0000000000265a8d RBX=000000000110d13a RCX=000000000000b008 RDX=0000000000ea76ad
RSI=000000001de53898 RDI=0000000000369e99 RBP=000000001fe65750 RSP=000000001fe65740
R8 =000000001fe657ec R9 =00000000000000a8 R10=000000001ddf6398 R11=000000001ddf6398
R12=0000000000000000 R13=0000000000000000 R14=0000000000000000 R15=000000001fe65894
RIP=000000001eb54171 RFL=00000206 [-----P-] CPL=0 II=0 A20=1 SMM=0 HLT=0
ES =0030 0000000000000000 ffffffff 00cf9300 DPL=0 DS   [-WA]
CS =0038 0000000000000000 ffffffff 00af9a00 DPL=0 CS64 [-R-]
SS =0030 0000000000000000 ffffffff 00cf9300 DPL=0 DS   [-WA]
DS =0030 0000000000000000 ffffffff 00cf9300 DPL=0 DS   [-WA]
FS =0030 0000000000000000 ffffffff 00cf9300 DPL=0 DS   [-WA]
GS =0030 0000000000000000 ffffffff 00cf9300 DPL=0 DS   [-WA]
LDT=0000 0000000000000000 0000ffff 00008200 DPL=0 LDT
TR =0000 0000000000000000 0000ffff 00008b00 DPL=0 TSS64-busy
GDT=     000000001f5dc000 00000047
IDT=     000000001efa4018 00000fff
CR0=80010033 CR2=0000000000000000 CR3=000000001f801000 CR4=00000668
DR0=0000000000000000 DR1=0000000000000000 DR2=0000000000000000 DR3=0000000000000000 
DR6=00000000ffff0ff0 DR7=0000000000000400
CCS=0000000000000004 CCD=0000000000265a8d CCO=EFLAGS
EFER=0000000000000d00
Servicing hardware INT=0x20
   298: v=20 e=0000 i=0 cpl=0 IP=0038:000000001eb54171 pc=000000001eb54171 SP=0030:000000001fe65740 env->regs[R_EAX]=000000000025cebe
RAX=000000000025cebe RBX=000000000110d13a RCX=000000000000b008 RDX=0000000000eb027c
RSI=000000001de53898 RDI=0000000000369e99 RBP=000000001fe65750 RSP=000000001fe65740
R8 =000000001fe657ec R9 =00000000000000a8 R10=000000001ddf6398 R11=000000001ddf6398
R12=0000000000000000 R13=0000000000000000 R14=0000000000000000 R15=000000001fe65894
RIP=000000001eb54171 RFL=00000206 [-----P-] CPL=0 II=0 A20=1 SMM=0 HLT=0
ES =0030 0000000000000000 ffffffff 00cf9300 DPL=0 DS   [-WA]
CS =0038 0000000000000000 ffffffff 00af9a00 DPL=0 CS64 [-R-]
SS =0030 0000000000000000 ffffffff 00cf9300 DPL=0 DS   [-WA]
DS =0030 0000000000000000 ffffffff 00cf9300 DPL=0 DS   [-WA]
FS =0030 0000000000000000 ffffffff 00cf9300 DPL=0 DS   [-WA]
GS =0030 0000000000000000 ffffffff 00cf9300 DPL=0 DS   [-WA]
LDT=0000 0000000000000000 0000ffff 00008200 DPL=0 LDT
TR =0000 0000000000000000 0000ffff 00008b00 DPL=0 TSS64-busy
GDT=     000000001f5dc000 00000047
IDT=     000000001efa4018 00000fff
CR0=80010033 CR2=0000000000000000 CR3=000000001f801000 CR4=00000668
DR0=0000000000000000 DR1=0000000000000000 DR2=0000000000000000 DR3=0000000000000000 
DR6=00000000ffff0ff0 DR7=0000000000000400
CCS=0000000000000004 CCD=000000000025cebe CCO=EFLAGS
EFER=0000000000000d00
Servicing hardware INT=0x20
   299: v=20 e=0000 i=0 cpl=0 IP=0038:000000001eb54171 pc=000000001eb54171 SP=0030:000000001fe65740 env->regs[R_EAX]=0000000000254f74
RAX=0000000000254f74 RBX=000000000110d13a RCX=000000000000b008 RDX=0000000000eb81c6
RSI=000000001de53898 RDI=0000000000369e99 RBP=000000001fe65750 RSP=000000001fe65740
R8 =000000001fe657ec R9 =00000000000000a8 R10=000000001ddf6398 R11=000000001ddf6398
R12=0000000000000000 R13=0000000000000000 R14=0000000000000000 R15=000000001fe65894
RIP=000000001eb54171 RFL=00000206 [-----P-] CPL=0 II=0 A20=1 SMM=0 HLT=0
ES =0030 0000000000000000 ffffffff 00cf9300 DPL=0 DS   [-WA]
CS =0038 0000000000000000 ffffffff 00af9a00 DPL=0 CS64 [-R-]
SS =0030 0000000000000000 ffffffff 00cf9300 DPL=0 DS   [-WA]
DS =0030 0000000000000000 ffffffff 00cf9300 DPL=0 DS   [-WA]
FS =0030 0000000000000000 ffffffff 00cf9300 DPL=0 DS   [-WA]
GS =0030 0000000000000000 ffffffff 00cf9300 DPL=0 DS   [-WA]
LDT=0000 0000000000000000 0000ffff 00008200 DPL=0 LDT
TR =0000 0000000000000000 0000ffff 00008b00 DPL=0 TSS64-busy
GDT=     000000001f5dc000 00000047
IDT=     000000001efa4018 00000fff
CR0=80010033 CR2=0000000000000000 CR3=000000001f801000 CR4=00000668
DR0=0000000000000000 DR1=0000000000000000 DR2=0000000000000000 DR3=0000000000000000 
DR6=00000000ffff0ff0 DR7=0000000000000400
CCS=0000000000000004 CCD=0000000000254f74 CCO=EFLAGS
EFER=0000000000000d00
Servicing hardware INT=0x20
   300: v=20 e=0000 i=0 cpl=0 IP=0038:000000001eb54171 pc=000000001eb54171 SP=0030:000000001fe65740 env->regs[R_EAX]=000000000024c4db
RAX=000000000024c4db RBX=000000000110d13a RCX=000000000000b008 RDX=0000000000ec0c5f
RSI=000000001de53898 RDI=0000000000369e99 RBP=000000001fe65750 RSP=000000001fe65740
R8 =000000001fe657ec R9 =00000000000000a8 R10=000000001ddf6398 R11=000000001ddf6398
R12=0000000000000000 R13=0000000000000000 R14=0000000000000000 R15=000000001fe65894
RIP=000000001eb54171 RFL=00000206 [-----P-] CPL=0 II=0 A20=1 SMM=0 HLT=0
ES =0030 0000000000000000 ffffffff 00cf9300 DPL=0 DS   [-WA]
CS =0038 0000000000000000 ffffffff 00af9a00 DPL=0 CS64 [-R-]
SS =0030 0000000000000000 ffffffff 00cf9300 DPL=0 DS   [-WA]
DS =0030 0000000000000000 ffffffff 00cf9300 DPL=0 DS   [-WA]
FS =0030 0000000000000000 ffffffff 00cf9300 DPL=0 DS   [-WA]
GS =0030 0000000000000000 ffffffff 00cf9300 DPL=0 DS   [-WA]
LDT=0000 0000000000000000 0000ffff 00008200 DPL=0 LDT
TR =0000 0000000000000000 0000ffff 00008b00 DPL=0 TSS64-busy
GDT=     000000001f5dc000 00000047
IDT=     000000001efa4018 00000fff
CR0=80010033 CR2=0000000000000000 CR3=000000001f801000 CR4=00000668
DR0=0000000000000000 DR1=0000000000000000 DR2=0000000000000000 DR3=0000000000000000 
DR6=00000000ffff0ff0 DR7=0000000000000400
CCS=0000000000000004 CCD=000000000024c4db CCO=EFLAGS
EFER=0000000000000d00
Servicing hardware INT=0x20
   301: v=20 e=0000 i=0 cpl=0 IP=0038:000000001eb54171 pc=000000001eb54171 SP=0030:000000001fe65740 env->regs[R_EAX]=000000000024224f
RAX=000000000024224f RBX=000000000110d13a RCX=000000000000b008 RDX=0000000000ecaeeb
RSI=000000001de53898 RDI=0000000000369e99 RBP=000000001fe65750 RSP=000000001fe65740
R8 =000000001fe657ec R9 =00000000000000a8 R10=000000001ddf6398 R11=000000001ddf6398
R12=0000000000000000 R13=0000000000000000 R14=0000000000000000 R15=000000001fe65894
RIP=000000001eb54171 RFL=00000202 [-------] CPL=0 II=0 A20=1 SMM=0 HLT=0
ES =0030 0000000000000000 ffffffff 00cf9300 DPL=0 DS   [-WA]
CS =0038 0000000000000000 ffffffff 00af9a00 DPL=0 CS64 [-R-]
SS =0030 0000000000000000 ffffffff 00cf9300 DPL=0 DS   [-WA]
DS =0030 0000000000000000 ffffffff 00cf9300 DPL=0 DS   [-WA]
FS =0030 0000000000000000 ffffffff 00cf9300 DPL=0 DS   [-WA]
GS =0030 0000000000000000 ffffffff 00cf9300 DPL=0 DS   [-WA]
LDT=0000 0000000000000000 0000ffff 00008200 DPL=0 LDT
TR =0000 0000000000000000 0000ffff 00008b00 DPL=0 TSS64-busy
GDT=     000000001f5dc000 00000047
IDT=     000000001efa4018 00000fff
CR0=80010033 CR2=0000000000000000 CR3=000000001f801000 CR4=00000668
DR0=0000000000000000 DR1=0000000000000000 DR2=0000000000000000 DR3=0000000000000000 
DR6=00000000ffff0ff0 DR7=0000000000000400
CCS=0000000000000000 CCD=000000000024224f CCO=EFLAGS
EFER=0000000000000d00
Servicing hardware INT=0x20
   302: v=20 e=0000 i=0 cpl=0 IP=0038:000000001eb54171 pc=000000001eb54171 SP=0030:000000001fe65740 env->regs[R_EAX]=0000000000239f6b
RAX=0000000000239f6b RBX=000000000110d13a RCX=000000000000b008 RDX=0000000000ed31cf
RSI=000000001de53898 RDI=0000000000369e99 RBP=000000001fe65750 RSP=000000001fe65740
R8 =000000001fe657ec R9 =00000000000000a8 R10=000000001ddf6398 R11=000000001ddf6398
R12=0000000000000000 R13=0000000000000000 R14=0000000000000000 R15=000000001fe65894
RIP=000000001eb54171 RFL=00000202 [-------] CPL=0 II=0 A20=1 SMM=0 HLT=0
ES =0030 0000000000000000 ffffffff 00cf9300 DPL=0 DS   [-WA]
CS =0038 0000000000000000 ffffffff 00af9a00 DPL=0 CS64 [-R-]
SS =0030 0000000000000000 ffffffff 00cf9300 DPL=0 DS   [-WA]
DS =0030 0000000000000000 ffffffff 00cf9300 DPL=0 DS   [-WA]
FS =0030 0000000000000000 ffffffff 00cf9300 DPL=0 DS   [-WA]
GS =0030 0000000000000000 ffffffff 00cf9300 DPL=0 DS   [-WA]
LDT=0000 0000000000000000 0000ffff 00008200 DPL=0 LDT
TR =0000 0000000000000000 0000ffff 00008b00 DPL=0 TSS64-busy
GDT=     000000001f5dc000 00000047
IDT=     000000001efa4018 00000fff
CR0=80010033 CR2=0000000000000000 CR3=000000001f801000 CR4=00000668
DR0=0000000000000000 DR1=0000000000000000 DR2=0000000000000000 DR3=0000000000000000 
DR6=00000000ffff0ff0 DR7=0000000000000400
CCS=0000000000000000 CCD=0000000000239f6b CCO=EFLAGS
EFER=0000000000000d00
Servicing hardware INT=0x20
   303: v=20 e=0000 i=0 cpl=0 IP=0038:000000001eb54171 pc=000000001eb54171 SP=0030:000000001fe65740 env->regs[R_EAX]=0000000000232126
RAX=0000000000232126 RBX=000000000110d13a RCX=000000000000b008 RDX=0000000000edb014
RSI=000000001de53898 RDI=0000000000369e99 RBP=000000001fe65750 RSP=000000001fe65740
R8 =000000001fe657ec R9 =00000000000000a8 R10=000000001ddf6398 R11=000000001ddf6398
R12=0000000000000000 R13=0000000000000000 R14=0000000000000000 R15=000000001fe65894
RIP=000000001eb54171 RFL=00000202 [-------] CPL=0 II=0 A20=1 SMM=0 HLT=0
ES =0030 0000000000000000 ffffffff 00cf9300 DPL=0 DS   [-WA]
CS =0038 0000000000000000 ffffffff 00af9a00 DPL=0 CS64 [-R-]
SS =0030 0000000000000000 ffffffff 00cf9300 DPL=0 DS   [-WA]
DS =0030 0000000000000000 ffffffff 00cf9300 DPL=0 DS   [-WA]
FS =0030 0000000000000000 ffffffff 00cf9300 DPL=0 DS   [-WA]
GS =0030 0000000000000000 ffffffff 00cf9300 DPL=0 DS   [-WA]
LDT=0000 0000000000000000 0000ffff 00008200 DPL=0 LDT
TR =0000 0000000000000000 0000ffff 00008b00 DPL=0 TSS64-busy
GDT=     000000001f5dc000 00000047
IDT=     000000001efa4018 00000fff
CR0=80010033 CR2=0000000000000000 CR3=000000001f801000 CR4=00000668
DR0=0000000000000000 DR1=0000000000000000 DR2=0000000000000000 DR3=0000000000000000 
DR6=00000000ffff0ff0 DR7=0000000000000400
CCS=0000000000000000 CCD=0000000000232126 CCO=EFLAGS
EFER=0000000000000d00
Servicing hardware INT=0x20
   304: v=20 e=0000 i=0 cpl=0 IP=0038:000000001eb54171 pc=000000001eb54171 SP=0030:000000001fe65740 env->regs[R_EAX]=000000000022885b
RAX=000000000022885b RBX=000000000110d13a RCX=000000000000b008 RDX=0000000000ee48df
RSI=000000001de53898 RDI=0000000000369e99 RBP=000000001fe65750 RSP=000000001fe65740
R8 =000000001fe657ec R9 =00000000000000a8 R10=000000001ddf6398 R11=000000001ddf6398
R12=0000000000000000 R13=0000000000000000 R14=0000000000000000 R15=000000001fe65894
RIP=000000001eb54171 RFL=00000202 [-------] CPL=0 II=0 A20=1 SMM=0 HLT=0
ES =0030 0000000000000000 ffffffff 00cf9300 DPL=0 DS   [-WA]
CS =0038 0000000000000000 ffffffff 00af9a00 DPL=0 CS64 [-R-]
SS =0030 0000000000000000 ffffffff 00cf9300 DPL=0 DS   [-WA]
DS =0030 0000000000000000 ffffffff 00cf9300 DPL=0 DS   [-WA]
FS =0030 0000000000000000 ffffffff 00cf9300 DPL=0 DS   [-WA]
GS =0030 0000000000000000 ffffffff 00cf9300 DPL=0 DS   [-WA]
LDT=0000 0000000000000000 0000ffff 00008200 DPL=0 LDT
TR =0000 0000000000000000 0000ffff 00008b00 DPL=0 TSS64-busy
GDT=     000000001f5dc000 00000047
IDT=     000000001efa4018 00000fff
CR0=80010033 CR2=0000000000000000 CR3=000000001f801000 CR4=00000668
DR0=0000000000000000 DR1=0000000000000000 DR2=0000000000000000 DR3=0000000000000000 
DR6=00000000ffff0ff0 DR7=0000000000000400
CCS=0000000000000000 CCD=000000000022885b CCO=EFLAGS
EFER=0000000000000d00
Servicing hardware INT=0x20
   305: v=20 e=0000 i=0 cpl=0 IP=0038:000000001eb54171 pc=000000001eb54171 SP=0030:000000001fe65740 env->regs[R_EAX]=000000000021fcae
RAX=000000000021fcae RBX=000000000110d13a RCX=000000000000b008 RDX=0000000000eed48c
RSI=000000001de53898 RDI=0000000000369e99 RBP=000000001fe65750 RSP=000000001fe65740
R8 =000000001fe657ec R9 =00000000000000a8 R10=000000001ddf6398 R11=000000001ddf6398
R12=0000000000000000 R13=0000000000000000 R14=0000000000000000 R15=000000001fe65894
RIP=000000001eb54171 RFL=00000202 [-------] CPL=0 II=0 A20=1 SMM=0 HLT=0
ES =0030 0000000000000000 ffffffff 00cf9300 DPL=0 DS   [-WA]
CS =0038 0000000000000000 ffffffff 00af9a00 DPL=0 CS64 [-R-]
SS =0030 0000000000000000 ffffffff 00cf9300 DPL=0 DS   [-WA]
DS =0030 0000000000000000 ffffffff 00cf9300 DPL=0 DS   [-WA]
FS =0030 0000000000000000 ffffffff 00cf9300 DPL=0 DS   [-WA]
GS =0030 0000000000000000 ffffffff 00cf9300 DPL=0 DS   [-WA]
LDT=0000 0000000000000000 0000ffff 00008200 DPL=0 LDT
TR =0000 0000000000000000 0000ffff 00008b00 DPL=0 TSS64-busy
GDT=     000000001f5dc000 00000047
IDT=     000000001efa4018 00000fff
CR0=80010033 CR2=0000000000000000 CR3=000000001f801000 CR4=00000668
DR0=0000000000000000 DR1=0000000000000000 DR2=0000000000000000 DR3=0000000000000000 
DR6=00000000ffff0ff0 DR7=0000000000000400
CCS=0000000000000000 CCD=000000000021fcae CCO=EFLAGS
EFER=0000000000000d00
Servicing hardware INT=0x20
   306: v=20 e=0000 i=0 cpl=0 IP=0038:000000001eb54171 pc=000000001eb54171 SP=0030:000000001fe65740 env->regs[R_EAX]=0000000000217022
RAX=0000000000217022 RBX=000000000110d13a RCX=000000000000b008 RDX=0000000000ef6118
RSI=000000001de53898 RDI=0000000000369e99 RBP=000000001fe65750 RSP=000000001fe65740
R8 =000000001fe657ec R9 =00000000000000a8 R10=000000001ddf6398 R11=000000001ddf6398
R12=0000000000000000 R13=0000000000000000 R14=0000000000000000 R15=000000001fe65894
RIP=000000001eb54171 RFL=00000206 [-----P-] CPL=0 II=0 A20=1 SMM=0 HLT=0
ES =0030 0000000000000000 ffffffff 00cf9300 DPL=0 DS   [-WA]
CS =0038 0000000000000000 ffffffff 00af9a00 DPL=0 CS64 [-R-]
SS =0030 0000000000000000 ffffffff 00cf9300 DPL=0 DS   [-WA]
DS =0030 0000000000000000 ffffffff 00cf9300 DPL=0 DS   [-WA]
FS =0030 0000000000000000 ffffffff 00cf9300 DPL=0 DS   [-WA]
GS =0030 0000000000000000 ffffffff 00cf9300 DPL=0 DS   [-WA]
LDT=0000 0000000000000000 0000ffff 00008200 DPL=0 LDT
TR =0000 0000000000000000 0000ffff 00008b00 DPL=0 TSS64-busy
GDT=     000000001f5dc000 00000047
IDT=     000000001efa4018 00000fff
CR0=80010033 CR2=0000000000000000 CR3=000000001f801000 CR4=00000668
DR0=0000000000000000 DR1=0000000000000000 DR2=0000000000000000 DR3=0000000000000000 
DR6=00000000ffff0ff0 DR7=0000000000000400
CCS=0000000000000004 CCD=0000000000217022 CCO=EFLAGS
EFER=0000000000000d00
Servicing hardware INT=0x20
   307: v=20 e=0000 i=0 cpl=0 IP=0038:000000001eb54171 pc=000000001eb54171 SP=0030:000000001fe65740 env->regs[R_EAX]=000000000020d4c4
RAX=000000000020d4c4 RBX=000000000110d13a RCX=000000000000b008 RDX=0000000000effc76
RSI=000000001de53898 RDI=0000000000369e99 RBP=000000001fe65750 RSP=000000001fe65740
R8 =000000001fe657ec R9 =00000000000000a8 R10=000000001ddf6398 R11=000000001ddf6398
R12=0000000000000000 R13=0000000000000000 R14=0000000000000000 R15=000000001fe65894
RIP=000000001eb54171 RFL=00000202 [-------] CPL=0 II=0 A20=1 SMM=0 HLT=0
ES =0030 0000000000000000 ffffffff 00cf9300 DPL=0 DS   [-WA]
CS =0038 0000000000000000 ffffffff 00af9a00 DPL=0 CS64 [-R-]
SS =0030 0000000000000000 ffffffff 00cf9300 DPL=0 DS   [-WA]
DS =0030 0000000000000000 ffffffff 00cf9300 DPL=0 DS   [-WA]
FS =0030 0000000000000000 ffffffff 00cf9300 DPL=0 DS   [-WA]
GS =0030 0000000000000000 ffffffff 00cf9300 DPL=0 DS   [-WA]
LDT=0000 0000000000000000 0000ffff 00008200 DPL=0 LDT
TR =0000 0000000000000000 0000ffff 00008b00 DPL=0 TSS64-busy
GDT=     000000001f5dc000 00000047
IDT=     000000001efa4018 00000fff
CR0=80010033 CR2=0000000000000000 CR3=000000001f801000 CR4=00000668
DR0=0000000000000000 DR1=0000000000000000 DR2=0000000000000000 DR3=0000000000000000 
DR6=00000000ffff0ff0 DR7=0000000000000400
CCS=0000000000000000 CCD=000000000020d4c4 CCO=EFLAGS
EFER=0000000000000d00
Servicing hardware INT=0x20
   308: v=20 e=0000 i=0 cpl=0 IP=0038:000000001eb54171 pc=000000001eb54171 SP=0030:000000001fe65740 env->regs[R_EAX]=000000000020663b
RAX=000000000020663b RBX=000000000110d13a RCX=000000000000b008 RDX=0000000000f06aff
RSI=000000001de53898 RDI=0000000000369e99 RBP=000000001fe65750 RSP=000000001fe65740
R8 =000000001fe657ec R9 =00000000000000a8 R10=000000001ddf6398 R11=000000001ddf6398
R12=0000000000000000 R13=0000000000000000 R14=0000000000000000 R15=000000001fe65894
RIP=000000001eb54171 RFL=00000202 [-------] CPL=0 II=0 A20=1 SMM=0 HLT=0
ES =0030 0000000000000000 ffffffff 00cf9300 DPL=0 DS   [-WA]
CS =0038 0000000000000000 ffffffff 00af9a00 DPL=0 CS64 [-R-]
SS =0030 0000000000000000 ffffffff 00cf9300 DPL=0 DS   [-WA]
DS =0030 0000000000000000 ffffffff 00cf9300 DPL=0 DS   [-WA]
FS =0030 0000000000000000 ffffffff 00cf9300 DPL=0 DS   [-WA]
GS =0030 0000000000000000 ffffffff 00cf9300 DPL=0 DS   [-WA]
LDT=0000 0000000000000000 0000ffff 00008200 DPL=0 LDT
TR =0000 0000000000000000 0000ffff 00008b00 DPL=0 TSS64-busy
GDT=     000000001f5dc000 00000047
IDT=     000000001efa4018 00000fff
CR0=80010033 CR2=0000000000000000 CR3=000000001f801000 CR4=00000668
DR0=0000000000000000 DR1=0000000000000000 DR2=0000000000000000 DR3=0000000000000000 
DR6=00000000ffff0ff0 DR7=0000000000000400
CCS=0000000000000000 CCD=000000000020663b CCO=EFLAGS
EFER=0000000000000d00
Servicing hardware INT=0x20
   309: v=20 e=0000 i=0 cpl=0 IP=0038:000000001eb54171 pc=000000001eb54171 SP=0030:000000001fe65740 env->regs[R_EAX]=00000000001fcca6
RAX=00000000001fcca6 RBX=000000000110d13a RCX=000000000000b008 RDX=0000000000f10494
RSI=000000001de53898 RDI=0000000000369e99 RBP=000000001fe65750 RSP=000000001fe65740
R8 =000000001fe657ec R9 =00000000000000a8 R10=000000001ddf6398 R11=000000001ddf6398
R12=0000000000000000 R13=0000000000000000 R14=0000000000000000 R15=000000001fe65894
RIP=000000001eb54171 RFL=00000206 [-----P-] CPL=0 II=0 A20=1 SMM=0 HLT=0
ES =0030 0000000000000000 ffffffff 00cf9300 DPL=0 DS   [-WA]
CS =0038 0000000000000000 ffffffff 00af9a00 DPL=0 CS64 [-R-]
SS =0030 0000000000000000 ffffffff 00cf9300 DPL=0 DS   [-WA]
DS =0030 0000000000000000 ffffffff 00cf9300 DPL=0 DS   [-WA]
FS =0030 0000000000000000 ffffffff 00cf9300 DPL=0 DS   [-WA]
GS =0030 0000000000000000 ffffffff 00cf9300 DPL=0 DS   [-WA]
LDT=0000 0000000000000000 0000ffff 00008200 DPL=0 LDT
TR =0000 0000000000000000 0000ffff 00008b00 DPL=0 TSS64-busy
GDT=     000000001f5dc000 00000047
IDT=     000000001efa4018 00000fff
CR0=80010033 CR2=0000000000000000 CR3=000000001f801000 CR4=00000668
DR0=0000000000000000 DR1=0000000000000000 DR2=0000000000000000 DR3=0000000000000000 
DR6=00000000ffff0ff0 DR7=0000000000000400
CCS=0000000000000004 CCD=00000000001fcca6 CCO=EFLAGS
EFER=0000000000000d00
Servicing hardware INT=0x20
   310: v=20 e=0000 i=0 cpl=0 IP=0038:000000001eb54171 pc=000000001eb54171 SP=0030:000000001fe65740 env->regs[R_EAX]=00000000001f4e3f
RAX=00000000001f4e3f RBX=000000000110d13a RCX=000000000000b008 RDX=0000000000f182fb
RSI=000000001de53898 RDI=0000000000369e99 RBP=000000001fe65750 RSP=000000001fe65740
R8 =000000001fe657ec R9 =00000000000000a8 R10=000000001ddf6398 R11=000000001ddf6398
R12=0000000000000000 R13=0000000000000000 R14=0000000000000000 R15=000000001fe65894
RIP=000000001eb54171 RFL=00000206 [-----P-] CPL=0 II=0 A20=1 SMM=0 HLT=0
ES =0030 0000000000000000 ffffffff 00cf9300 DPL=0 DS   [-WA]
CS =0038 0000000000000000 ffffffff 00af9a00 DPL=0 CS64 [-R-]
SS =0030 0000000000000000 ffffffff 00cf9300 DPL=0 DS   [-WA]
DS =0030 0000000000000000 ffffffff 00cf9300 DPL=0 DS   [-WA]
FS =0030 0000000000000000 ffffffff 00cf9300 DPL=0 DS   [-WA]
GS =0030 0000000000000000 ffffffff 00cf9300 DPL=0 DS   [-WA]
LDT=0000 0000000000000000 0000ffff 00008200 DPL=0 LDT
TR =0000 0000000000000000 0000ffff 00008b00 DPL=0 TSS64-busy
GDT=     000000001f5dc000 00000047
IDT=     000000001efa4018 00000fff
CR0=80010033 CR2=0000000000000000 CR3=000000001f801000 CR4=00000668
DR0=0000000000000000 DR1=0000000000000000 DR2=0000000000000000 DR3=0000000000000000 
DR6=00000000ffff0ff0 DR7=0000000000000400
CCS=0000000000000004 CCD=00000000001f4e3f CCO=EFLAGS
EFER=0000000000000d00
Servicing hardware INT=0x20
   311: v=20 e=0000 i=0 cpl=0 IP=0038:000000001eb54171 pc=000000001eb54171 SP=0030:000000001fe65740 env->regs[R_EAX]=00000000001ec2a7
RAX=00000000001ec2a7 RBX=000000000110d13a RCX=000000000000b008 RDX=0000000000f20e93
RSI=000000001de53898 RDI=0000000000369e99 RBP=000000001fe65750 RSP=000000001fe65740
R8 =000000001fe657ec R9 =00000000000000a8 R10=000000001ddf6398 R11=000000001ddf6398
R12=0000000000000000 R13=0000000000000000 R14=0000000000000000 R15=000000001fe65894
RIP=000000001eb54171 RFL=00000202 [-------] CPL=0 II=0 A20=1 SMM=0 HLT=0
ES =0030 0000000000000000 ffffffff 00cf9300 DPL=0 DS   [-WA]
CS =0038 0000000000000000 ffffffff 00af9a00 DPL=0 CS64 [-R-]
SS =0030 0000000000000000 ffffffff 00cf9300 DPL=0 DS   [-WA]
DS =0030 0000000000000000 ffffffff 00cf9300 DPL=0 DS   [-WA]
FS =0030 0000000000000000 ffffffff 00cf9300 DPL=0 DS   [-WA]
GS =0030 0000000000000000 ffffffff 00cf9300 DPL=0 DS   [-WA]
LDT=0000 0000000000000000 0000ffff 00008200 DPL=0 LDT
TR =0000 0000000000000000 0000ffff 00008b00 DPL=0 TSS64-busy
GDT=     000000001f5dc000 00000047
IDT=     000000001efa4018 00000fff
CR0=80010033 CR2=0000000000000000 CR3=000000001f801000 CR4=00000668
DR0=0000000000000000 DR1=0000000000000000 DR2=0000000000000000 DR3=0000000000000000 
DR6=00000000ffff0ff0 DR7=0000000000000400
CCS=0000000000000000 CCD=00000000001ec2a7 CCO=EFLAGS
EFER=0000000000000d00
Servicing hardware INT=0x20
   312: v=20 e=0000 i=0 cpl=0 IP=0038:000000001eb54171 pc=000000001eb54171 SP=0030:000000001fe65740 env->regs[R_EAX]=00000000001e292f
RAX=00000000001e292f RBX=000000000110d13a RCX=000000000000b008 RDX=0000000000f2a80b
RSI=000000001de53898 RDI=0000000000369e99 RBP=000000001fe65750 RSP=000000001fe65740
R8 =000000001fe657ec R9 =00000000000000a8 R10=000000001ddf6398 R11=000000001ddf6398
R12=0000000000000000 R13=0000000000000000 R14=0000000000000000 R15=000000001fe65894
RIP=000000001eb54171 RFL=00000202 [-------] CPL=0 II=0 A20=1 SMM=0 HLT=0
ES =0030 0000000000000000 ffffffff 00cf9300 DPL=0 DS   [-WA]
CS =0038 0000000000000000 ffffffff 00af9a00 DPL=0 CS64 [-R-]
SS =0030 0000000000000000 ffffffff 00cf9300 DPL=0 DS   [-WA]
DS =0030 0000000000000000 ffffffff 00cf9300 DPL=0 DS   [-WA]
FS =0030 0000000000000000 ffffffff 00cf9300 DPL=0 DS   [-WA]
GS =0030 0000000000000000 ffffffff 00cf9300 DPL=0 DS   [-WA]
LDT=0000 0000000000000000 0000ffff 00008200 DPL=0 LDT
TR =0000 0000000000000000 0000ffff 00008b00 DPL=0 TSS64-busy
GDT=     000000001f5dc000 00000047
IDT=     000000001efa4018 00000fff
CR0=80010033 CR2=0000000000000000 CR3=000000001f801000 CR4=00000668
DR0=0000000000000000 DR1=0000000000000000 DR2=0000000000000000 DR3=0000000000000000 
DR6=00000000ffff0ff0 DR7=0000000000000400
CCS=0000000000000000 CCD=00000000001e292f CCO=EFLAGS
EFER=0000000000000d00
Servicing hardware INT=0x20
   313: v=20 e=0000 i=0 cpl=0 IP=0038:000000001eb54171 pc=000000001eb54171 SP=0030:000000001fe65740 env->regs[R_EAX]=00000000001d9d43
RAX=00000000001d9d43 RBX=000000000110d13a RCX=000000000000b008 RDX=0000000000f333f7
RSI=000000001de53898 RDI=0000000000369e99 RBP=000000001fe65750 RSP=000000001fe65740
R8 =000000001fe657ec R9 =00000000000000a8 R10=000000001ddf6398 R11=000000001ddf6398
R12=0000000000000000 R13=0000000000000000 R14=0000000000000000 R15=000000001fe65894
RIP=000000001eb54171 RFL=00000202 [-------] CPL=0 II=0 A20=1 SMM=0 HLT=0
ES =0030 0000000000000000 ffffffff 00cf9300 DPL=0 DS   [-WA]
CS =0038 0000000000000000 ffffffff 00af9a00 DPL=0 CS64 [-R-]
SS =0030 0000000000000000 ffffffff 00cf9300 DPL=0 DS   [-WA]
DS =0030 0000000000000000 ffffffff 00cf9300 DPL=0 DS   [-WA]
FS =0030 0000000000000000 ffffffff 00cf9300 DPL=0 DS   [-WA]
GS =0030 0000000000000000 ffffffff 00cf9300 DPL=0 DS   [-WA]
LDT=0000 0000000000000000 0000ffff 00008200 DPL=0 LDT
TR =0000 0000000000000000 0000ffff 00008b00 DPL=0 TSS64-busy
GDT=     000000001f5dc000 00000047
IDT=     000000001efa4018 00000fff
CR0=80010033 CR2=0000000000000000 CR3=000000001f801000 CR4=00000668
DR0=0000000000000000 DR1=0000000000000000 DR2=0000000000000000 DR3=0000000000000000 
DR6=00000000ffff0ff0 DR7=0000000000000400
CCS=0000000000000000 CCD=00000000001d9d43 CCO=EFLAGS
EFER=0000000000000d00
Servicing hardware INT=0x20
   314: v=20 e=0000 i=0 cpl=0 IP=0038:000000001eb54171 pc=000000001eb54171 SP=0030:000000001fe65740 env->regs[R_EAX]=00000000001d1138
RAX=00000000001d1138 RBX=000000000110d13a RCX=000000000000b008 RDX=0000000000f3c002
RSI=000000001de53898 RDI=0000000000369e99 RBP=000000001fe65750 RSP=000000001fe65740
R8 =000000001fe657ec R9 =00000000000000a8 R10=000000001ddf6398 R11=000000001ddf6398
R12=0000000000000000 R13=0000000000000000 R14=0000000000000000 R15=000000001fe65894
RIP=000000001eb54171 RFL=00000202 [-------] CPL=0 II=0 A20=1 SMM=0 HLT=0
ES =0030 0000000000000000 ffffffff 00cf9300 DPL=0 DS   [-WA]
CS =0038 0000000000000000 ffffffff 00af9a00 DPL=0 CS64 [-R-]
SS =0030 0000000000000000 ffffffff 00cf9300 DPL=0 DS   [-WA]
DS =0030 0000000000000000 ffffffff 00cf9300 DPL=0 DS   [-WA]
FS =0030 0000000000000000 ffffffff 00cf9300 DPL=0 DS   [-WA]
GS =0030 0000000000000000 ffffffff 00cf9300 DPL=0 DS   [-WA]
LDT=0000 0000000000000000 0000ffff 00008200 DPL=0 LDT
TR =0000 0000000000000000 0000ffff 00008b00 DPL=0 TSS64-busy
GDT=     000000001f5dc000 00000047
IDT=     000000001efa4018 00000fff
CR0=80010033 CR2=0000000000000000 CR3=000000001f801000 CR4=00000668
DR0=0000000000000000 DR1=0000000000000000 DR2=0000000000000000 DR3=0000000000000000 
DR6=00000000ffff0ff0 DR7=0000000000000400
CCS=0000000000000000 CCD=00000000001d1138 CCO=EFLAGS
EFER=0000000000000d00
Servicing hardware INT=0x20
   315: v=20 e=0000 i=0 cpl=0 IP=0038:000000001eb54171 pc=000000001eb54171 SP=0030:000000001fe65740 env->regs[R_EAX]=00000000001c869e
RAX=00000000001c869e RBX=000000000110d13a RCX=000000000000b008 RDX=0000000000f44a9c
RSI=000000001de53898 RDI=0000000000369e99 RBP=000000001fe65750 RSP=000000001fe65740
R8 =000000001fe657ec R9 =00000000000000a8 R10=000000001ddf6398 R11=000000001ddf6398
R12=0000000000000000 R13=0000000000000000 R14=0000000000000000 R15=000000001fe65894
RIP=000000001eb54171 RFL=00000202 [-------] CPL=0 II=0 A20=1 SMM=0 HLT=0
ES =0030 0000000000000000 ffffffff 00cf9300 DPL=0 DS   [-WA]
CS =0038 0000000000000000 ffffffff 00af9a00 DPL=0 CS64 [-R-]
SS =0030 0000000000000000 ffffffff 00cf9300 DPL=0 DS   [-WA]
DS =0030 0000000000000000 ffffffff 00cf9300 DPL=0 DS   [-WA]
FS =0030 0000000000000000 ffffffff 00cf9300 DPL=0 DS   [-WA]
GS =0030 0000000000000000 ffffffff 00cf9300 DPL=0 DS   [-WA]
LDT=0000 0000000000000000 0000ffff 00008200 DPL=0 LDT
TR =0000 0000000000000000 0000ffff 00008b00 DPL=0 TSS64-busy
GDT=     000000001f5dc000 00000047
IDT=     000000001efa4018 00000fff
CR0=80010033 CR2=0000000000000000 CR3=000000001f801000 CR4=00000668
DR0=0000000000000000 DR1=0000000000000000 DR2=0000000000000000 DR3=0000000000000000 
DR6=00000000ffff0ff0 DR7=0000000000000400
CCS=0000000000000000 CCD=00000000001c869e CCO=EFLAGS
EFER=0000000000000d00
Servicing hardware INT=0x20
   316: v=20 e=0000 i=0 cpl=0 IP=0038:000000001eb54171 pc=000000001eb54171 SP=0030:000000001fe65740 env->regs[R_EAX]=00000000001bf9de
RAX=00000000001bf9de RBX=000000000110d13a RCX=000000000000b008 RDX=0000000000f4d75c
RSI=000000001de53898 RDI=0000000000369e99 RBP=000000001fe65750 RSP=000000001fe65740
R8 =000000001fe657ec R9 =00000000000000a8 R10=000000001ddf6398 R11=000000001ddf6398
R12=0000000000000000 R13=0000000000000000 R14=0000000000000000 R15=000000001fe65894
RIP=000000001eb54171 RFL=00000206 [-----P-] CPL=0 II=0 A20=1 SMM=0 HLT=0
ES =0030 0000000000000000 ffffffff 00cf9300 DPL=0 DS   [-WA]
CS =0038 0000000000000000 ffffffff 00af9a00 DPL=0 CS64 [-R-]
SS =0030 0000000000000000 ffffffff 00cf9300 DPL=0 DS   [-WA]
DS =0030 0000000000000000 ffffffff 00cf9300 DPL=0 DS   [-WA]
FS =0030 0000000000000000 ffffffff 00cf9300 DPL=0 DS   [-WA]
GS =0030 0000000000000000 ffffffff 00cf9300 DPL=0 DS   [-WA]
LDT=0000 0000000000000000 0000ffff 00008200 DPL=0 LDT
TR =0000 0000000000000000 0000ffff 00008b00 DPL=0 TSS64-busy
GDT=     000000001f5dc000 00000047
IDT=     000000001efa4018 00000fff
CR0=80010033 CR2=0000000000000000 CR3=000000001f801000 CR4=00000668
DR0=0000000000000000 DR1=0000000000000000 DR2=0000000000000000 DR3=0000000000000000 
DR6=00000000ffff0ff0 DR7=0000000000000400
CCS=0000000000000004 CCD=00000000001bf9de CCO=EFLAGS
EFER=0000000000000d00
Servicing hardware INT=0x20
   317: v=20 e=0000 i=0 cpl=0 IP=0038:000000001eb54171 pc=000000001eb54171 SP=0030:000000001fe65740 env->regs[R_EAX]=00000000001b6ce4
RAX=00000000001b6ce4 RBX=000000000110d13a RCX=000000000000b008 RDX=0000000000f56456
RSI=000000001de53898 RDI=0000000000369e99 RBP=000000001fe65750 RSP=000000001fe65740
R8 =000000001fe657ec R9 =00000000000000a8 R10=000000001ddf6398 R11=000000001ddf6398
R12=0000000000000000 R13=0000000000000000 R14=0000000000000000 R15=000000001fe65894
RIP=000000001eb54171 RFL=00000206 [-----P-] CPL=0 II=0 A20=1 SMM=0 HLT=0
ES =0030 0000000000000000 ffffffff 00cf9300 DPL=0 DS   [-WA]
CS =0038 0000000000000000 ffffffff 00af9a00 DPL=0 CS64 [-R-]
SS =0030 0000000000000000 ffffffff 00cf9300 DPL=0 DS   [-WA]
DS =0030 0000000000000000 ffffffff 00cf9300 DPL=0 DS   [-WA]
FS =0030 0000000000000000 ffffffff 00cf9300 DPL=0 DS   [-WA]
GS =0030 0000000000000000 ffffffff 00cf9300 DPL=0 DS   [-WA]
LDT=0000 0000000000000000 0000ffff 00008200 DPL=0 LDT
TR =0000 0000000000000000 0000ffff 00008b00 DPL=0 TSS64-busy
GDT=     000000001f5dc000 00000047
IDT=     000000001efa4018 00000fff
CR0=80010033 CR2=0000000000000000 CR3=000000001f801000 CR4=00000668
DR0=0000000000000000 DR1=0000000000000000 DR2=0000000000000000 DR3=0000000000000000 
DR6=00000000ffff0ff0 DR7=0000000000000400
CCS=0000000000000004 CCD=00000000001b6ce4 CCO=EFLAGS
EFER=0000000000000d00
Servicing hardware INT=0x20
   318: v=20 e=0000 i=0 cpl=0 IP=0038:000000001eb54171 pc=000000001eb54171 SP=0030:000000001fe65740 env->regs[R_EAX]=00000000001ad441
RAX=00000000001ad441 RBX=000000000110d13a RCX=000000000000b008 RDX=0000000000f5fcf9
RSI=000000001de53898 RDI=0000000000369e99 RBP=000000001fe65750 RSP=000000001fe65740
R8 =000000001fe657ec R9 =00000000000000a8 R10=000000001ddf6398 R11=000000001ddf6398
R12=0000000000000000 R13=0000000000000000 R14=0000000000000000 R15=000000001fe65894
RIP=000000001eb54171 RFL=00000206 [-----P-] CPL=0 II=0 A20=1 SMM=0 HLT=0
ES =0030 0000000000000000 ffffffff 00cf9300 DPL=0 DS   [-WA]
CS =0038 0000000000000000 ffffffff 00af9a00 DPL=0 CS64 [-R-]
SS =0030 0000000000000000 ffffffff 00cf9300 DPL=0 DS   [-WA]
DS =0030 0000000000000000 ffffffff 00cf9300 DPL=0 DS   [-WA]
FS =0030 0000000000000000 ffffffff 00cf9300 DPL=0 DS   [-WA]
GS =0030 0000000000000000 ffffffff 00cf9300 DPL=0 DS   [-WA]
LDT=0000 0000000000000000 0000ffff 00008200 DPL=0 LDT
TR =0000 0000000000000000 0000ffff 00008b00 DPL=0 TSS64-busy
GDT=     000000001f5dc000 00000047
IDT=     000000001efa4018 00000fff
CR0=80010033 CR2=0000000000000000 CR3=000000001f801000 CR4=00000668
DR0=0000000000000000 DR1=0000000000000000 DR2=0000000000000000 DR3=0000000000000000 
DR6=00000000ffff0ff0 DR7=0000000000000400
CCS=0000000000000004 CCD=00000000001ad441 CCO=EFLAGS
EFER=0000000000000d00
Servicing hardware INT=0x20
   319: v=20 e=0000 i=0 cpl=0 IP=0038:000000001eb54171 pc=000000001eb54171 SP=0030:000000001fe65740 env->regs[R_EAX]=00000000001a6405
RAX=00000000001a6405 RBX=000000000110d13a RCX=000000000000b008 RDX=0000000000f66d35
RSI=000000001de53898 RDI=0000000000369e99 RBP=000000001fe65750 RSP=000000001fe65740
R8 =000000001fe657ec R9 =00000000000000a8 R10=000000001ddf6398 R11=000000001ddf6398
R12=0000000000000000 R13=0000000000000000 R14=0000000000000000 R15=000000001fe65894
RIP=000000001eb54171 RFL=00000206 [-----P-] CPL=0 II=0 A20=1 SMM=0 HLT=0
ES =0030 0000000000000000 ffffffff 00cf9300 DPL=0 DS   [-WA]
CS =0038 0000000000000000 ffffffff 00af9a00 DPL=0 CS64 [-R-]
SS =0030 0000000000000000 ffffffff 00cf9300 DPL=0 DS   [-WA]
DS =0030 0000000000000000 ffffffff 00cf9300 DPL=0 DS   [-WA]
FS =0030 0000000000000000 ffffffff 00cf9300 DPL=0 DS   [-WA]
GS =0030 0000000000000000 ffffffff 00cf9300 DPL=0 DS   [-WA]
LDT=0000 0000000000000000 0000ffff 00008200 DPL=0 LDT
TR =0000 0000000000000000 0000ffff 00008b00 DPL=0 TSS64-busy
GDT=     000000001f5dc000 00000047
IDT=     000000001efa4018 00000fff
CR0=80010033 CR2=0000000000000000 CR3=000000001f801000 CR4=00000668
DR0=0000000000000000 DR1=0000000000000000 DR2=0000000000000000 DR3=0000000000000000 
DR6=00000000ffff0ff0 DR7=0000000000000400
CCS=0000000000000004 CCD=00000000001a6405 CCO=EFLAGS
EFER=0000000000000d00
Servicing hardware INT=0x20
   320: v=20 e=0000 i=0 cpl=0 IP=0038:000000001eb54171 pc=000000001eb54171 SP=0030:000000001fe65740 env->regs[R_EAX]=000000000019caf7
RAX=000000000019caf7 RBX=000000000110d13a RCX=000000000000b008 RDX=0000000000f70643
RSI=000000001de53898 RDI=0000000000369e99 RBP=000000001fe65750 RSP=000000001fe65740
R8 =000000001fe657ec R9 =00000000000000a8 R10=000000001ddf6398 R11=000000001ddf6398
R12=0000000000000000 R13=0000000000000000 R14=0000000000000000 R15=000000001fe65894
RIP=000000001eb54171 RFL=00000202 [-------] CPL=0 II=0 A20=1 SMM=0 HLT=0
ES =0030 0000000000000000 ffffffff 00cf9300 DPL=0 DS   [-WA]
CS =0038 0000000000000000 ffffffff 00af9a00 DPL=0 CS64 [-R-]
SS =0030 0000000000000000 ffffffff 00cf9300 DPL=0 DS   [-WA]
DS =0030 0000000000000000 ffffffff 00cf9300 DPL=0 DS   [-WA]
FS =0030 0000000000000000 ffffffff 00cf9300 DPL=0 DS   [-WA]
GS =0030 0000000000000000 ffffffff 00cf9300 DPL=0 DS   [-WA]
LDT=0000 0000000000000000 0000ffff 00008200 DPL=0 LDT
TR =0000 0000000000000000 0000ffff 00008b00 DPL=0 TSS64-busy
GDT=     000000001f5dc000 00000047
IDT=     000000001efa4018 00000fff
CR0=80010033 CR2=0000000000000000 CR3=000000001f801000 CR4=00000668
DR0=0000000000000000 DR1=0000000000000000 DR2=0000000000000000 DR3=0000000000000000 
DR6=00000000ffff0ff0 DR7=0000000000000400
CCS=0000000000000000 CCD=000000000019caf7 CCO=EFLAGS
EFER=0000000000000d00
Servicing hardware INT=0x20
   321: v=20 e=0000 i=0 cpl=0 IP=0038:000000001eb54171 pc=000000001eb54171 SP=0030:000000001fe65740 env->regs[R_EAX]=0000000000193eb8
RAX=0000000000193eb8 RBX=000000000110d13a RCX=000000000000b008 RDX=0000000000f79282
RSI=000000001de53898 RDI=0000000000369e99 RBP=000000001fe65750 RSP=000000001fe65740
R8 =000000001fe657ec R9 =00000000000000a8 R10=000000001ddf6398 R11=000000001ddf6398
R12=0000000000000000 R13=0000000000000000 R14=0000000000000000 R15=000000001fe65894
RIP=000000001eb54171 RFL=00000206 [-----P-] CPL=0 II=0 A20=1 SMM=0 HLT=0
ES =0030 0000000000000000 ffffffff 00cf9300 DPL=0 DS   [-WA]
CS =0038 0000000000000000 ffffffff 00af9a00 DPL=0 CS64 [-R-]
SS =0030 0000000000000000 ffffffff 00cf9300 DPL=0 DS   [-WA]
DS =0030 0000000000000000 ffffffff 00cf9300 DPL=0 DS   [-WA]
FS =0030 0000000000000000 ffffffff 00cf9300 DPL=0 DS   [-WA]
GS =0030 0000000000000000 ffffffff 00cf9300 DPL=0 DS   [-WA]
LDT=0000 0000000000000000 0000ffff 00008200 DPL=0 LDT
TR =0000 0000000000000000 0000ffff 00008b00 DPL=0 TSS64-busy
GDT=     000000001f5dc000 00000047
IDT=     000000001efa4018 00000fff
CR0=80010033 CR2=0000000000000000 CR3=000000001f801000 CR4=00000668
DR0=0000000000000000 DR1=0000000000000000 DR2=0000000000000000 DR3=0000000000000000 
DR6=00000000ffff0ff0 DR7=0000000000000400
CCS=0000000000000004 CCD=0000000000193eb8 CCO=EFLAGS
EFER=0000000000000d00
Servicing hardware INT=0x20
   322: v=20 e=0000 i=0 cpl=0 IP=0038:000000001eb54171 pc=000000001eb54171 SP=0030:000000001fe65740 env->regs[R_EAX]=000000000018bf62
RAX=000000000018bf62 RBX=000000000110d13a RCX=000000000000b008 RDX=0000000000f811d8
RSI=000000001de53898 RDI=0000000000369e99 RBP=000000001fe65750 RSP=000000001fe65740
R8 =000000001fe657ec R9 =00000000000000a8 R10=000000001ddf6398 R11=000000001ddf6398
R12=0000000000000000 R13=0000000000000000 R14=0000000000000000 R15=000000001fe65894
RIP=000000001eb54171 RFL=00000202 [-------] CPL=0 II=0 A20=1 SMM=0 HLT=0
ES =0030 0000000000000000 ffffffff 00cf9300 DPL=0 DS   [-WA]
CS =0038 0000000000000000 ffffffff 00af9a00 DPL=0 CS64 [-R-]
SS =0030 0000000000000000 ffffffff 00cf9300 DPL=0 DS   [-WA]
DS =0030 0000000000000000 ffffffff 00cf9300 DPL=0 DS   [-WA]
FS =0030 0000000000000000 ffffffff 00cf9300 DPL=0 DS   [-WA]
GS =0030 0000000000000000 ffffffff 00cf9300 DPL=0 DS   [-WA]
LDT=0000 0000000000000000 0000ffff 00008200 DPL=0 LDT
TR =0000 0000000000000000 0000ffff 00008b00 DPL=0 TSS64-busy
GDT=     000000001f5dc000 00000047
IDT=     000000001efa4018 00000fff
CR0=80010033 CR2=0000000000000000 CR3=000000001f801000 CR4=00000668
DR0=0000000000000000 DR1=0000000000000000 DR2=0000000000000000 DR3=0000000000000000 
DR6=00000000ffff0ff0 DR7=0000000000000400
CCS=0000000000000000 CCD=000000000018bf62 CCO=EFLAGS
EFER=0000000000000d00
Servicing hardware INT=0x20
   323: v=20 e=0000 i=0 cpl=0 IP=0038:000000001eb54171 pc=000000001eb54171 SP=0030:000000001fe65740 env->regs[R_EAX]=000000000018270a
RAX=000000000018270a RBX=000000000110d13a RCX=000000000000b008 RDX=0000000000f8aa30
RSI=000000001de53898 RDI=0000000000369e99 RBP=000000001fe65750 RSP=000000001fe65740
R8 =000000001fe657ec R9 =00000000000000a8 R10=000000001ddf6398 R11=000000001ddf6398
R12=0000000000000000 R13=0000000000000000 R14=0000000000000000 R15=000000001fe65894
RIP=000000001eb54171 RFL=00000206 [-----P-] CPL=0 II=0 A20=1 SMM=0 HLT=0
ES =0030 0000000000000000 ffffffff 00cf9300 DPL=0 DS   [-WA]
CS =0038 0000000000000000 ffffffff 00af9a00 DPL=0 CS64 [-R-]
SS =0030 0000000000000000 ffffffff 00cf9300 DPL=0 DS   [-WA]
DS =0030 0000000000000000 ffffffff 00cf9300 DPL=0 DS   [-WA]
FS =0030 0000000000000000 ffffffff 00cf9300 DPL=0 DS   [-WA]
GS =0030 0000000000000000 ffffffff 00cf9300 DPL=0 DS   [-WA]
LDT=0000 0000000000000000 0000ffff 00008200 DPL=0 LDT
TR =0000 0000000000000000 0000ffff 00008b00 DPL=0 TSS64-busy
GDT=     000000001f5dc000 00000047
IDT=     000000001efa4018 00000fff
CR0=80010033 CR2=0000000000000000 CR3=000000001f801000 CR4=00000668
DR0=0000000000000000 DR1=0000000000000000 DR2=0000000000000000 DR3=0000000000000000 
DR6=00000000ffff0ff0 DR7=0000000000000400
CCS=0000000000000004 CCD=000000000018270a CCO=EFLAGS
EFER=0000000000000d00
Servicing hardware INT=0x20
   324: v=20 e=0000 i=0 cpl=0 IP=0038:000000001eb54171 pc=000000001eb54171 SP=0030:000000001fe65740 env->regs[R_EAX]=0000000000179b46
RAX=0000000000179b46 RBX=000000000110d13a RCX=000000000000b008 RDX=0000000000f935f4
RSI=000000001de53898 RDI=0000000000369e99 RBP=000000001fe65750 RSP=000000001fe65740
R8 =000000001fe657ec R9 =00000000000000a8 R10=000000001ddf6398 R11=000000001ddf6398
R12=0000000000000000 R13=0000000000000000 R14=0000000000000000 R15=000000001fe65894
RIP=000000001eb54171 RFL=00000202 [-------] CPL=0 II=0 A20=1 SMM=0 HLT=0
ES =0030 0000000000000000 ffffffff 00cf9300 DPL=0 DS   [-WA]
CS =0038 0000000000000000 ffffffff 00af9a00 DPL=0 CS64 [-R-]
SS =0030 0000000000000000 ffffffff 00cf9300 DPL=0 DS   [-WA]
DS =0030 0000000000000000 ffffffff 00cf9300 DPL=0 DS   [-WA]
FS =0030 0000000000000000 ffffffff 00cf9300 DPL=0 DS   [-WA]
GS =0030 0000000000000000 ffffffff 00cf9300 DPL=0 DS   [-WA]
LDT=0000 0000000000000000 0000ffff 00008200 DPL=0 LDT
TR =0000 0000000000000000 0000ffff 00008b00 DPL=0 TSS64-busy
GDT=     000000001f5dc000 00000047
IDT=     000000001efa4018 00000fff
CR0=80010033 CR2=0000000000000000 CR3=000000001f801000 CR4=00000668
DR0=0000000000000000 DR1=0000000000000000 DR2=0000000000000000 DR3=0000000000000000 
DR6=00000000ffff0ff0 DR7=0000000000000400
CCS=0000000000000000 CCD=0000000000179b46 CCO=EFLAGS
EFER=0000000000000d00
Servicing hardware INT=0x20
   325: v=20 e=0000 i=0 cpl=0 IP=0038:000000001eb54171 pc=000000001eb54171 SP=0030:000000001fe65740 env->regs[R_EAX]=0000000000171d2b
RAX=0000000000171d2b RBX=000000000110d13a RCX=000000000000b008 RDX=0000000000f9b40f
RSI=000000001de53898 RDI=0000000000369e99 RBP=000000001fe65750 RSP=000000001fe65740
R8 =000000001fe657ec R9 =00000000000000a8 R10=000000001ddf6398 R11=000000001ddf6398
R12=0000000000000000 R13=0000000000000000 R14=0000000000000000 R15=000000001fe65894
RIP=000000001eb54171 RFL=00000206 [-----P-] CPL=0 II=0 A20=1 SMM=0 HLT=0
ES =0030 0000000000000000 ffffffff 00cf9300 DPL=0 DS   [-WA]
CS =0038 0000000000000000 ffffffff 00af9a00 DPL=0 CS64 [-R-]
SS =0030 0000000000000000 ffffffff 00cf9300 DPL=0 DS   [-WA]
DS =0030 0000000000000000 ffffffff 00cf9300 DPL=0 DS   [-WA]
FS =0030 0000000000000000 ffffffff 00cf9300 DPL=0 DS   [-WA]
GS =0030 0000000000000000 ffffffff 00cf9300 DPL=0 DS   [-WA]
LDT=0000 0000000000000000 0000ffff 00008200 DPL=0 LDT
TR =0000 0000000000000000 0000ffff 00008b00 DPL=0 TSS64-busy
GDT=     000000001f5dc000 00000047
IDT=     000000001efa4018 00000fff
CR0=80010033 CR2=0000000000000000 CR3=000000001f801000 CR4=00000668
DR0=0000000000000000 DR1=0000000000000000 DR2=0000000000000000 DR3=0000000000000000 
DR6=00000000ffff0ff0 DR7=0000000000000400
CCS=0000000000000004 CCD=0000000000171d2b CCO=EFLAGS
EFER=0000000000000d00
Servicing hardware INT=0x20
   326: v=20 e=0000 i=0 cpl=0 IP=0038:000000001eb54171 pc=000000001eb54171 SP=0030:000000001fe65740 env->regs[R_EAX]=0000000000168391
RAX=0000000000168391 RBX=000000000110d13a RCX=000000000000b008 RDX=0000000000fa4da9
RSI=000000001de53898 RDI=0000000000369e99 RBP=000000001fe65750 RSP=000000001fe65740
R8 =000000001fe657ec R9 =00000000000000a8 R10=000000001ddf6398 R11=000000001ddf6398
R12=0000000000000000 R13=0000000000000000 R14=0000000000000000 R15=000000001fe65894
RIP=000000001eb54171 RFL=00000202 [-------] CPL=0 II=0 A20=1 SMM=0 HLT=0
ES =0030 0000000000000000 ffffffff 00cf9300 DPL=0 DS   [-WA]
CS =0038 0000000000000000 ffffffff 00af9a00 DPL=0 CS64 [-R-]
SS =0030 0000000000000000 ffffffff 00cf9300 DPL=0 DS   [-WA]
DS =0030 0000000000000000 ffffffff 00cf9300 DPL=0 DS   [-WA]
FS =0030 0000000000000000 ffffffff 00cf9300 DPL=0 DS   [-WA]
GS =0030 0000000000000000 ffffffff 00cf9300 DPL=0 DS   [-WA]
LDT=0000 0000000000000000 0000ffff 00008200 DPL=0 LDT
TR =0000 0000000000000000 0000ffff 00008b00 DPL=0 TSS64-busy
GDT=     000000001f5dc000 00000047
IDT=     000000001efa4018 00000fff
CR0=80010033 CR2=0000000000000000 CR3=000000001f801000 CR4=00000668
DR0=0000000000000000 DR1=0000000000000000 DR2=0000000000000000 DR3=0000000000000000 
DR6=00000000ffff0ff0 DR7=0000000000000400
CCS=0000000000000000 CCD=0000000000168391 CCO=EFLAGS
EFER=0000000000000d00
Servicing hardware INT=0x20
   327: v=20 e=0000 i=0 cpl=0 IP=0038:000000001eb54171 pc=000000001eb54171 SP=0030:000000001fe65740 env->regs[R_EAX]=000000000015f7cb
RAX=000000000015f7cb RBX=000000000110d13a RCX=000000000000b008 RDX=0000000000fad96f
RSI=000000001de53898 RDI=0000000000369e99 RBP=000000001fe65750 RSP=000000001fe65740
R8 =000000001fe657ec R9 =00000000000000a8 R10=000000001ddf6398 R11=000000001ddf6398
R12=0000000000000000 R13=0000000000000000 R14=0000000000000000 R15=000000001fe65894
RIP=000000001eb54171 RFL=00000202 [-------] CPL=0 II=0 A20=1 SMM=0 HLT=0
ES =0030 0000000000000000 ffffffff 00cf9300 DPL=0 DS   [-WA]
CS =0038 0000000000000000 ffffffff 00af9a00 DPL=0 CS64 [-R-]
SS =0030 0000000000000000 ffffffff 00cf9300 DPL=0 DS   [-WA]
DS =0030 0000000000000000 ffffffff 00cf9300 DPL=0 DS   [-WA]
FS =0030 0000000000000000 ffffffff 00cf9300 DPL=0 DS   [-WA]
GS =0030 0000000000000000 ffffffff 00cf9300 DPL=0 DS   [-WA]
LDT=0000 0000000000000000 0000ffff 00008200 DPL=0 LDT
TR =0000 0000000000000000 0000ffff 00008b00 DPL=0 TSS64-busy
GDT=     000000001f5dc000 00000047
IDT=     000000001efa4018 00000fff
CR0=80010033 CR2=0000000000000000 CR3=000000001f801000 CR4=00000668
DR0=0000000000000000 DR1=0000000000000000 DR2=0000000000000000 DR3=0000000000000000 
DR6=00000000ffff0ff0 DR7=0000000000000400
CCS=0000000000000000 CCD=000000000015f7cb CCO=EFLAGS
EFER=0000000000000d00
Servicing hardware INT=0x20
   328: v=20 e=0000 i=0 cpl=0 IP=0038:000000001eb54171 pc=000000001eb54171 SP=0030:000000001fe65740 env->regs[R_EAX]=0000000000156bf0
RAX=0000000000156bf0 RBX=000000000110d13a RCX=000000000000b008 RDX=0000000000fb654a
RSI=000000001de53898 RDI=0000000000369e99 RBP=000000001fe65750 RSP=000000001fe65740
R8 =000000001fe657ec R9 =00000000000000a8 R10=000000001ddf6398 R11=000000001ddf6398
R12=0000000000000000 R13=0000000000000000 R14=0000000000000000 R15=000000001fe65894
RIP=000000001eb54171 RFL=00000206 [-----P-] CPL=0 II=0 A20=1 SMM=0 HLT=0
ES =0030 0000000000000000 ffffffff 00cf9300 DPL=0 DS   [-WA]
CS =0038 0000000000000000 ffffffff 00af9a00 DPL=0 CS64 [-R-]
SS =0030 0000000000000000 ffffffff 00cf9300 DPL=0 DS   [-WA]
DS =0030 0000000000000000 ffffffff 00cf9300 DPL=0 DS   [-WA]
FS =0030 0000000000000000 ffffffff 00cf9300 DPL=0 DS   [-WA]
GS =0030 0000000000000000 ffffffff 00cf9300 DPL=0 DS   [-WA]
LDT=0000 0000000000000000 0000ffff 00008200 DPL=0 LDT
TR =0000 0000000000000000 0000ffff 00008b00 DPL=0 TSS64-busy
GDT=     000000001f5dc000 00000047
IDT=     000000001efa4018 00000fff
CR0=80010033 CR2=0000000000000000 CR3=000000001f801000 CR4=00000668
DR0=0000000000000000 DR1=0000000000000000 DR2=0000000000000000 DR3=0000000000000000 
DR6=00000000ffff0ff0 DR7=0000000000000400
CCS=0000000000000004 CCD=0000000000156bf0 CCO=EFLAGS
EFER=0000000000000d00
Servicing hardware INT=0x20
   329: v=20 e=0000 i=0 cpl=0 IP=0038:000000001eb54171 pc=000000001eb54171 SP=0030:000000001fe65740 env->regs[R_EAX]=000000000014d31a
RAX=000000000014d31a RBX=000000000110d13a RCX=000000000000b008 RDX=0000000000fbfe20
RSI=000000001de53898 RDI=0000000000369e99 RBP=000000001fe65750 RSP=000000001fe65740
R8 =000000001fe657ec R9 =00000000000000a8 R10=000000001ddf6398 R11=000000001ddf6398
R12=0000000000000000 R13=0000000000000000 R14=0000000000000000 R15=000000001fe65894
RIP=000000001eb54171 RFL=00000202 [-------] CPL=0 II=0 A20=1 SMM=0 HLT=0
ES =0030 0000000000000000 ffffffff 00cf9300 DPL=0 DS   [-WA]
CS =0038 0000000000000000 ffffffff 00af9a00 DPL=0 CS64 [-R-]
SS =0030 0000000000000000 ffffffff 00cf9300 DPL=0 DS   [-WA]
DS =0030 0000000000000000 ffffffff 00cf9300 DPL=0 DS   [-WA]
FS =0030 0000000000000000 ffffffff 00cf9300 DPL=0 DS   [-WA]
GS =0030 0000000000000000 ffffffff 00cf9300 DPL=0 DS   [-WA]
LDT=0000 0000000000000000 0000ffff 00008200 DPL=0 LDT
TR =0000 0000000000000000 0000ffff 00008b00 DPL=0 TSS64-busy
GDT=     000000001f5dc000 00000047
IDT=     000000001efa4018 00000fff
CR0=80010033 CR2=0000000000000000 CR3=000000001f801000 CR4=00000668
DR0=0000000000000000 DR1=0000000000000000 DR2=0000000000000000 DR3=0000000000000000 
DR6=00000000ffff0ff0 DR7=0000000000000400
CCS=0000000000000000 CCD=000000000014d31a CCO=EFLAGS
EFER=0000000000000d00
Servicing hardware INT=0x20
   330: v=20 e=0000 i=0 cpl=0 IP=0038:000000001eb54171 pc=000000001eb54171 SP=0030:000000001fe65740 env->regs[R_EAX]=0000000000145527
RAX=0000000000145527 RBX=000000000110d13a RCX=000000000000b008 RDX=0000000000fc7c13
RSI=000000001de53898 RDI=0000000000369e99 RBP=000000001fe65750 RSP=000000001fe65740
R8 =000000001fe657ec R9 =00000000000000a8 R10=000000001ddf6398 R11=000000001ddf6398
R12=0000000000000000 R13=0000000000000000 R14=0000000000000000 R15=000000001fe65894
RIP=000000001eb54171 RFL=00000206 [-----P-] CPL=0 II=0 A20=1 SMM=0 HLT=0
ES =0030 0000000000000000 ffffffff 00cf9300 DPL=0 DS   [-WA]
CS =0038 0000000000000000 ffffffff 00af9a00 DPL=0 CS64 [-R-]
SS =0030 0000000000000000 ffffffff 00cf9300 DPL=0 DS   [-WA]
DS =0030 0000000000000000 ffffffff 00cf9300 DPL=0 DS   [-WA]
FS =0030 0000000000000000 ffffffff 00cf9300 DPL=0 DS   [-WA]
GS =0030 0000000000000000 ffffffff 00cf9300 DPL=0 DS   [-WA]
LDT=0000 0000000000000000 0000ffff 00008200 DPL=0 LDT
TR =0000 0000000000000000 0000ffff 00008b00 DPL=0 TSS64-busy
GDT=     000000001f5dc000 00000047
IDT=     000000001efa4018 00000fff
CR0=80010033 CR2=0000000000000000 CR3=000000001f801000 CR4=00000668
DR0=0000000000000000 DR1=0000000000000000 DR2=0000000000000000 DR3=0000000000000000 
DR6=00000000ffff0ff0 DR7=0000000000000400
CCS=0000000000000004 CCD=0000000000145527 CCO=EFLAGS
EFER=0000000000000d00
