CPU Reset (CPU 0)
EAX=00000000 EBX=00000000 ECX=00000000 EDX=00060fb1
ESI=00000000 EDI=00000000 EBP=00000000 ESP=00000000
EIP=0000fff0 EFL=00000002 [-------] CPL=0 II=0 A20=1 SMM=0 HLT=0
ES =0000 00000000 0000ffff 00009300
CS =f000 ffff0000 0000ffff 00009b00
SS =0000 00000000 0000ffff 00009300
DS =0000 00000000 0000ffff 00009300
FS =0000 00000000 0000ffff 00009300
GS =0000 00000000 0000ffff 00009300
LDT=0000 00000000 0000ffff 00008200
TR =0000 00000000 0000ffff 00008b00
GDT=     00000000 0000ffff
IDT=     00000000 0000ffff
CR0=60000010 CR2=00000000 CR3=00000000 CR4=00000000
DR0=0000000000000000 DR1=0000000000000000 DR2=0000000000000000 DR3=0000000000000000 
DR6=00000000ffff0ff0 DR7=0000000000000400
CCS=00000000 CCD=00000000 CCO=EFLAGS
EFER=0000000000000000
FCW=037f FSW=0000 [ST=0] FTW=00 MXCSR=00001f80
FPR0=0000000000000000 0000 FPR1=0000000000000000 0000
FPR2=0000000000000000 0000 FPR3=0000000000000000 0000
FPR4=0000000000000000 0000 FPR5=0000000000000000 0000
FPR6=0000000000000000 0000 FPR7=0000000000000000 0000
XMM00=0000000000000000 0000000000000000 XMM01=0000000000000000 0000000000000000
XMM02=0000000000000000 0000000000000000 XMM03=0000000000000000 0000000000000000
XMM04=0000000000000000 0000000000000000 XMM05=0000000000000000 0000000000000000
XMM06=0000000000000000 0000000000000000 XMM07=0000000000000000 0000000000000000
CPU Reset (CPU 0)
EAX=00000000 EBX=00000000 ECX=00000000 EDX=00060fb1
ESI=00000000 EDI=00000000 EBP=00000000 ESP=00000000
EIP=0000fff0 EFL=00000002 [-------] CPL=0 II=0 A20=1 SMM=0 HLT=0
ES =0000 00000000 0000ffff 00009300
CS =f000 ffff0000 0000ffff 00009b00
SS =0000 00000000 0000ffff 00009300
DS =0000 00000000 0000ffff 00009300
FS =0000 00000000 0000ffff 00009300
GS =0000 00000000 0000ffff 00009300
LDT=0000 00000000 0000ffff 00008200
TR =0000 00000000 0000ffff 00008b00
GDT=     00000000 0000ffff
IDT=     00000000 0000ffff
CR0=60000010 CR2=00000000 CR3=00000000 CR4=00000000
DR0=0000000000000000 DR1=0000000000000000 DR2=0000000000000000 DR3=0000000000000000 
DR6=00000000ffff0ff0 DR7=0000000000000400
CCS=00000000 CCD=00000000 CCO=EFLAGS
EFER=0000000000000000
FCW=037f FSW=0000 [ST=0] FTW=00 MXCSR=00001f80
FPR0=0000000000000000 0000 FPR1=0000000000000000 0000
FPR2=0000000000000000 0000 FPR3=0000000000000000 0000
FPR4=0000000000000000 0000 FPR5=0000000000000000 0000
FPR6=0000000000000000 0000 FPR7=0000000000000000 0000
XMM00=0000000000000000 0000000000000000 XMM01=0000000000000000 0000000000000000
XMM02=0000000000000000 0000000000000000 XMM03=0000000000000000 0000000000000000
XMM04=0000000000000000 0000000000000000 XMM05=0000000000000000 0000000000000000
XMM06=0000000000000000 0000000000000000 XMM07=0000000000000000 0000000000000000
Servicing hardware INT=0x20
     0: v=20 e=0000 i=0 cpl=0 IP=0038:000000001efa8fff pc=000000001efa8fff SP=0030:000000001fe652a0 env->regs[R_EAX]=000000001efa8ff1
RAX=000000001efa8ff1 RBX=000000c021400000 RCX=0000000000000007 RDX=000fffffc0000000
RSI=0000000000000008 RDI=0000000000000007 RBP=000000001fe652b0 RSP=000000001fe652a0
R8 =000000000000001f R9 =000000001eb72397 R10=0000000000000000 R11=0000000000000008
R12=000000001fe65358 R13=0000000000000001 R14=0000000000000000 R15=000000001fe65354
RIP=000000001efa8fff RFL=00000202 [-------] CPL=0 II=0 A20=1 SMM=0 HLT=0
ES =0030 0000000000000000 ffffffff 00cf9300 DPL=0 DS   [-WA]
CS =0038 0000000000000000 ffffffff 00af9a00 DPL=0 CS64 [-R-]
SS =0030 0000000000000000 ffffffff 00cf9300 DPL=0 DS   [-WA]
DS =0030 0000000000000000 ffffffff 00cf9300 DPL=0 DS   [-WA]
FS =0030 0000000000000000 ffffffff 00cf9300 DPL=0 DS   [-WA]
GS =0030 0000000000000000 ffffffff 00cf9300 DPL=0 DS   [-WA]
LDT=0000 0000000000000000 0000ffff 00008200 DPL=0 LDT
TR =0000 0000000000000000 0000ffff 00008b00 DPL=0 TSS64-busy
GDT=     000000001f5dc000 00000047
IDT=     000000001efa4018 00000fff
CR0=80000033 CR2=0000000000000000 CR3=000000001f801000 CR4=00000660
DR0=0000000000000000 DR1=0000000000000000 DR2=0000000000000000 DR3=0000000000000000 
DR6=00000000ffff0ff0 DR7=0000000000000400
CCS=0000000000000000 CCD=000000001efab940 CCO=EFLAGS
EFER=0000000000000d00
Servicing hardware INT=0x20
     1: v=20 e=0000 i=0 cpl=0 IP=0038:000000001efa8fff pc=000000001efa8fff SP=0030:000000001fe652a0 env->regs[R_EAX]=000000001efa8ff1
RAX=000000001efa8ff1 RBX=000000c567600000 RCX=0000000000000007 RDX=000fffffc0000000
RSI=0000000000000008 RDI=0000000000000007 RBP=000000001fe652b0 RSP=000000001fe652a0
R8 =000000000000001f R9 =000000001eb72397 R10=0000000000000000 R11=0000000000000008
R12=000000001fe65358 R13=0000000000000001 R14=0000000000000000 R15=000000001fe65354
RIP=000000001efa8fff RFL=00000202 [-------] CPL=0 II=0 A20=1 SMM=0 HLT=0
ES =0030 0000000000000000 ffffffff 00cf9300 DPL=0 DS   [-WA]
CS =0038 0000000000000000 ffffffff 00af9a00 DPL=0 CS64 [-R-]
SS =0030 0000000000000000 ffffffff 00cf9300 DPL=0 DS   [-WA]
DS =0030 0000000000000000 ffffffff 00cf9300 DPL=0 DS   [-WA]
FS =0030 0000000000000000 ffffffff 00cf9300 DPL=0 DS   [-WA]
GS =0030 0000000000000000 ffffffff 00cf9300 DPL=0 DS   [-WA]
LDT=0000 0000000000000000 0000ffff 00008200 DPL=0 LDT
TR =0000 0000000000000000 0000ffff 00008b00 DPL=0 TSS64-busy
GDT=     000000001f5dc000 00000047
IDT=     000000001efa4018 00000fff
CR0=80000033 CR2=0000000000000000 CR3=000000001f801000 CR4=00000668
DR0=0000000000000000 DR1=0000000000000000 DR2=0000000000000000 DR3=0000000000000000 
DR6=00000000ffff0ff0 DR7=0000000000000400
CCS=0000000000000000 CCD=000000001efab940 CCO=EFLAGS
EFER=0000000000000d00
Servicing hardware INT=0x20
     2: v=20 e=0000 i=0 cpl=0 IP=0038:000000001eb56266 pc=000000001eb56266 SP=0030:000000001fe65138 env->regs[R_EAX]=000000001eb6ba80
RAX=000000001eb6ba80 RBX=0000000000000010 RCX=000000001eb6ba80 RDX=000000001f4e7a3c
RSI=0000000008000158 RDI=0000000000000001 RBP=000000001fe65170 RSP=000000001fe65138
R8 =000000000000001f R9 =000000001eb72397 R10=0000000000000000 R11=0000000000000008
R12=0000000000000010 R13=0000000000000005 R14=0000000000000008 R15=000000001fe65354
RIP=000000001eb56266 RFL=00000202 [-------] CPL=0 II=0 A20=1 SMM=0 HLT=0
ES =0030 0000000000000000 ffffffff 00cf9300 DPL=0 DS   [-WA]
CS =0038 0000000000000000 ffffffff 00af9a00 DPL=0 CS64 [-R-]
SS =0030 0000000000000000 ffffffff 00cf9300 DPL=0 DS   [-WA]
DS =0030 0000000000000000 ffffffff 00cf9300 DPL=0 DS   [-WA]
FS =0030 0000000000000000 ffffffff 00cf9300 DPL=0 DS   [-WA]
GS =0030 0000000000000000 ffffffff 00cf9300 DPL=0 DS   [-WA]
LDT=0000 0000000000000000 0000ffff 00008200 DPL=0 LDT
TR =0000 0000000000000000 0000ffff 00008b00 DPL=0 TSS64-busy
GDT=     000000001f5dc000 00000047
IDT=     000000001efa4018 00000fff
CR0=80000033 CR2=0000000000000000 CR3=000000001f801000 CR4=00000668
DR0=0000000000000000 DR1=0000000000000000 DR2=0000000000000000 DR3=0000000000000000 
DR6=00000000ffff0ff0 DR7=0000000000000400
CCS=0000000000000000 CCD=000000001fe65140 CCO=EFLAGS
EFER=0000000000000d00
Servicing hardware INT=0x20
     3: v=20 e=0000 i=0 cpl=0 IP=0038:000000001eb56266 pc=000000001eb56266 SP=0030:000000001fe65138 env->regs[R_EAX]=000000001eb6ba80
RAX=000000001eb6ba80 RBX=0000000000000010 RCX=000000001eb6ba80 RDX=000000001f4e7a3c
RSI=0000000008000158 RDI=0000000000000001 RBP=000000001fe65170 RSP=000000001fe65138
R8 =000000000000001f R9 =000000001eb72397 R10=0000000000000000 R11=0000000000000008
R12=0000000000000010 R13=0000000000000005 R14=0000000000000008 R15=000000001fe65354
RIP=000000001eb56266 RFL=00000202 [-------] CPL=0 II=0 A20=1 SMM=0 HLT=0
ES =0030 0000000000000000 ffffffff 00cf9300 DPL=0 DS   [-WA]
CS =0038 0000000000000000 ffffffff 00af9a00 DPL=0 CS64 [-R-]
SS =0030 0000000000000000 ffffffff 00cf9300 DPL=0 DS   [-WA]
DS =0030 0000000000000000 ffffffff 00cf9300 DPL=0 DS   [-WA]
FS =0030 0000000000000000 ffffffff 00cf9300 DPL=0 DS   [-WA]
GS =0030 0000000000000000 ffffffff 00cf9300 DPL=0 DS   [-WA]
LDT=0000 0000000000000000 0000ffff 00008200 DPL=0 LDT
TR =0000 0000000000000000 0000ffff 00008b00 DPL=0 TSS64-busy
GDT=     000000001f5dc000 00000047
IDT=     000000001efa4018 00000fff
CR0=80000033 CR2=0000000000000000 CR3=000000001f801000 CR4=00000668
DR0=0000000000000000 DR1=0000000000000000 DR2=0000000000000000 DR3=0000000000000000 
DR6=00000000ffff0ff0 DR7=0000000000000400
CCS=0000000000000000 CCD=000000001fe65140 CCO=EFLAGS
EFER=0000000000000d00
Servicing hardware INT=0x20
     4: v=20 e=0000 i=0 cpl=0 IP=0038:000000001efa8fff pc=000000001efa8fff SP=0030:000000001fe652a0 env->regs[R_EAX]=000000001efa8ff1
RAX=000000001efa8ff1 RBX=000000d1f4600000 RCX=0000000000000005 RDX=0000000000000027
RSI=0000000000000008 RDI=0000000000000005 RBP=000000001fe652b0 RSP=000000001fe652a0
R8 =000000d1f4400083 R9 =000000001eb72397 R10=0000000000000000 R11=0000000000000008
R12=000000001fe65358 R13=0000000000000001 R14=0000000000000000 R15=000000001fe65354
RIP=000000001efa8fff RFL=00000202 [-------] CPL=0 II=0 A20=1 SMM=0 HLT=0
ES =0030 0000000000000000 ffffffff 00cf9300 DPL=0 DS   [-WA]
CS =0038 0000000000000000 ffffffff 00af9a00 DPL=0 CS64 [-R-]
SS =0030 0000000000000000 ffffffff 00cf9300 DPL=0 DS   [-WA]
DS =0030 0000000000000000 ffffffff 00cf9300 DPL=0 DS   [-WA]
FS =0030 0000000000000000 ffffffff 00cf9300 DPL=0 DS   [-WA]
GS =0030 0000000000000000 ffffffff 00cf9300 DPL=0 DS   [-WA]
LDT=0000 0000000000000000 0000ffff 00008200 DPL=0 LDT
TR =0000 0000000000000000 0000ffff 00008b00 DPL=0 TSS64-busy
GDT=     000000001f5dc000 00000047
IDT=     000000001efa4018 00000fff
CR0=80000033 CR2=0000000000000000 CR3=000000001f801000 CR4=00000668
DR0=0000000000000000 DR1=0000000000000000 DR2=0000000000000000 DR3=0000000000000000 
DR6=00000000ffff0ff0 DR7=0000000000000400
CCS=0000000000000000 CCD=000000001efab940 CCO=EFLAGS
EFER=0000000000000d00
Servicing hardware INT=0x20
     5: v=20 e=0000 i=0 cpl=0 IP=0038:000000001eb56266 pc=000000001eb56266 SP=0030:000000001fe65138 env->regs[R_EAX]=000000001eb6ba80
RAX=000000001eb6ba80 RBX=0000000000000010 RCX=000000001eb6ba80 RDX=000000001f4e7a3c
RSI=0000000008000158 RDI=0000000000000001 RBP=000000001fe65170 RSP=000000001fe65138
R8 =000000000000001f R9 =000000001eb72397 R10=0000000000000000 R11=0000000000000008
R12=0000000000000010 R13=0000000000000005 R14=0000000000000008 R15=000000001fe65354
RIP=000000001eb56266 RFL=00000202 [-------] CPL=0 II=0 A20=1 SMM=0 HLT=0
ES =0030 0000000000000000 ffffffff 00cf9300 DPL=0 DS   [-WA]
CS =0038 0000000000000000 ffffffff 00af9a00 DPL=0 CS64 [-R-]
SS =0030 0000000000000000 ffffffff 00cf9300 DPL=0 DS   [-WA]
DS =0030 0000000000000000 ffffffff 00cf9300 DPL=0 DS   [-WA]
FS =0030 0000000000000000 ffffffff 00cf9300 DPL=0 DS   [-WA]
GS =0030 0000000000000000 ffffffff 00cf9300 DPL=0 DS   [-WA]
LDT=0000 0000000000000000 0000ffff 00008200 DPL=0 LDT
TR =0000 0000000000000000 0000ffff 00008b00 DPL=0 TSS64-busy
GDT=     000000001f5dc000 00000047
IDT=     000000001efa4018 00000fff
CR0=80000033 CR2=0000000000000000 CR3=000000001f801000 CR4=00000668
DR0=0000000000000000 DR1=0000000000000000 DR2=0000000000000000 DR3=0000000000000000 
DR6=00000000ffff0ff0 DR7=0000000000000400
CCS=0000000000000000 CCD=000000001fe65140 CCO=EFLAGS
EFER=0000000000000d00
Servicing hardware INT=0x20
     6: v=20 e=0000 i=0 cpl=0 IP=0038:000000001efa8fff pc=000000001efa8fff SP=0030:000000001fe652a0 env->regs[R_EAX]=000000001efa8ff1
RAX=000000001efa8ff1 RBX=000000dad2200000 RCX=0000000000000005 RDX=0000000000000027
RSI=0000000000000008 RDI=0000000000000005 RBP=000000001fe652b0 RSP=000000001fe652a0
R8 =000000dad2000083 R9 =000000001eb72397 R10=0000000000000000 R11=0000000000000008
R12=000000001fe65358 R13=0000000000000001 R14=0000000000000000 R15=000000001fe65354
RIP=000000001efa8fff RFL=00000202 [-------] CPL=0 II=0 A20=1 SMM=0 HLT=0
ES =0030 0000000000000000 ffffffff 00cf9300 DPL=0 DS   [-WA]
CS =0038 0000000000000000 ffffffff 00af9a00 DPL=0 CS64 [-R-]
SS =0030 0000000000000000 ffffffff 00cf9300 DPL=0 DS   [-WA]
DS =0030 0000000000000000 ffffffff 00cf9300 DPL=0 DS   [-WA]
FS =0030 0000000000000000 ffffffff 00cf9300 DPL=0 DS   [-WA]
GS =0030 0000000000000000 ffffffff 00cf9300 DPL=0 DS   [-WA]
LDT=0000 0000000000000000 0000ffff 00008200 DPL=0 LDT
TR =0000 0000000000000000 0000ffff 00008b00 DPL=0 TSS64-busy
GDT=     000000001f5dc000 00000047
IDT=     000000001efa4018 00000fff
CR0=80000033 CR2=0000000000000000 CR3=000000001f801000 CR4=00000668
DR0=0000000000000000 DR1=0000000000000000 DR2=0000000000000000 DR3=0000000000000000 
DR6=00000000ffff0ff0 DR7=0000000000000400
CCS=0000000000000000 CCD=000000001efab940 CCO=EFLAGS
EFER=0000000000000d00
Servicing hardware INT=0x20
     7: v=20 e=0000 i=0 cpl=0 IP=0038:000000001efa8fff pc=000000001efa8fff SP=0030:000000001fe652a0 env->regs[R_EAX]=000000001efa8ff1
RAX=000000001efa8ff1 RBX=000000defa400000 RCX=0000000000000005 RDX=0000000000000027
RSI=0000000000000008 RDI=0000000000000005 RBP=000000001fe652b0 RSP=000000001fe652a0
R8 =000000defa200083 R9 =000000001eb72397 R10=0000000000000000 R11=0000000000000008
R12=000000001fe65358 R13=0000000000000001 R14=0000000000000000 R15=000000001fe65354
RIP=000000001efa8fff RFL=00000202 [-------] CPL=0 II=0 A20=1 SMM=0 HLT=0
ES =0030 0000000000000000 ffffffff 00cf9300 DPL=0 DS   [-WA]
CS =0038 0000000000000000 ffffffff 00af9a00 DPL=0 CS64 [-R-]
SS =0030 0000000000000000 ffffffff 00cf9300 DPL=0 DS   [-WA]
DS =0030 0000000000000000 ffffffff 00cf9300 DPL=0 DS   [-WA]
FS =0030 0000000000000000 ffffffff 00cf9300 DPL=0 DS   [-WA]
GS =0030 0000000000000000 ffffffff 00cf9300 DPL=0 DS   [-WA]
LDT=0000 0000000000000000 0000ffff 00008200 DPL=0 LDT
TR =0000 0000000000000000 0000ffff 00008b00 DPL=0 TSS64-busy
GDT=     000000001f5dc000 00000047
IDT=     000000001efa4018 00000fff
CR0=80000033 CR2=0000000000000000 CR3=000000001f801000 CR4=00000668
DR0=0000000000000000 DR1=0000000000000000 DR2=0000000000000000 DR3=0000000000000000 
DR6=00000000ffff0ff0 DR7=0000000000000400
CCS=0000000000000000 CCD=000000001efab940 CCO=EFLAGS
EFER=0000000000000d00
Servicing hardware INT=0x20
     8: v=20 e=0000 i=0 cpl=0 IP=0038:000000001ea26279 pc=000000001ea26279 SP=0030:000000001fe659e0 env->regs[R_EAX]=0000000000000000
RAX=0000000000000000 RBX=0000000000000000 RCX=0000000000000514 RDX=0000000000000514
RSI=0000000000000000 RDI=000000001fe65a90 RBP=000000001fe65a20 RSP=000000001fe659e0
R8 =000000000000001f R9 =0000000000000514 R10=0000000000000008 R11=0000000000000000
R12=0000000000000000 R13=000000001fe65a90 R14=000000001fe65c28 R15=000000001fe65c30
RIP=000000001ea26279 RFL=00000246 [---Z-P-] CPL=0 II=0 A20=1 SMM=0 HLT=0
ES =0030 0000000000000000 ffffffff 00cf9300 DPL=0 DS   [-WA]
CS =0038 0000000000000000 ffffffff 00af9a00 DPL=0 CS64 [-R-]
SS =0030 0000000000000000 ffffffff 00cf9300 DPL=0 DS   [-WA]
DS =0030 0000000000000000 ffffffff 00cf9300 DPL=0 DS   [-WA]
FS =0030 0000000000000000 ffffffff 00cf9300 DPL=0 DS   [-WA]
GS =0030 0000000000000000 ffffffff 00cf9300 DPL=0 DS   [-WA]
LDT=0000 0000000000000000 0000ffff 00008200 DPL=0 LDT
TR =0000 0000000000000000 0000ffff 00008b00 DPL=0 TSS64-busy
GDT=     000000001f5dc000 00000047
IDT=     000000001efa4018 00000fff
CR0=80010033 CR2=0000000000000000 CR3=000000001f801000 CR4=00000668
DR0=0000000000000000 DR1=0000000000000000 DR2=0000000000000000 DR3=0000000000000000 
DR6=00000000ffff0ff0 DR7=0000000000000400
CCS=0000000000000044 CCD=0000000000000000 CCO=EFLAGS
EFER=0000000000000d00
Servicing hardware INT=0x20
     9: v=20 e=0000 i=0 cpl=0 IP=0038:000000001ea1b870 pc=000000001ea1b870 SP=0030:000000001fe65cc8 env->regs[R_EAX]=000000001eb43b18
RAX=000000001eb43b18 RBX=0000000000000000 RCX=000000001eb43d98 RDX=000000001f5ec018
RSI=0000000000000007 RDI=000000001eb43b18 RBP=000000001fe65d50 RSP=000000001fe65cc8
R8 =000000001fe86dc0 R9 =000000001eb43798 R10=0000000000000010 R11=0000000000000000
R12=0000000000000000 R13=000000001f08b630 R14=000000001fe8a8b0 R15=000000001fe8a8a0
RIP=000000001ea1b870 RFL=00000202 [-------] CPL=0 II=0 A20=1 SMM=0 HLT=0
ES =0030 0000000000000000 ffffffff 00cf9300 DPL=0 DS   [-WA]
CS =0038 0000000000000000 ffffffff 00af9a00 DPL=0 CS64 [-R-]
SS =0030 0000000000000000 ffffffff 00cf9300 DPL=0 DS   [-WA]
DS =0030 0000000000000000 ffffffff 00cf9300 DPL=0 DS   [-WA]
FS =0030 0000000000000000 ffffffff 00cf9300 DPL=0 DS   [-WA]
GS =0030 0000000000000000 ffffffff 00cf9300 DPL=0 DS   [-WA]
LDT=0000 0000000000000000 0000ffff 00008200 DPL=0 LDT
TR =0000 0000000000000000 0000ffff 00008b00 DPL=0 TSS64-busy
GDT=     000000001f5dc000 00000047
IDT=     000000001efa4018 00000fff
CR0=80010033 CR2=0000000000000000 CR3=000000001f801000 CR4=00000668
DR0=0000000000000000 DR1=0000000000000000 DR2=0000000000000000 DR3=0000000000000000 
DR6=00000000ffff0ff0 DR7=0000000000000400
CCS=0000000000000000 CCD=0000000000000001 CCO=EFLAGS
EFER=0000000000000d00
Servicing hardware INT=0x20
    10: v=20 e=0000 i=0 cpl=0 IP=0038:000000001fe82e8c pc=000000001fe82e8c SP=0030:000000001fe65b10 env->regs[R_EAX]=00000000000000af
RAX=00000000000000af RBX=000000001ea19000 RCX=0000000000000000 RDX=000000001ea19000
RSI=000000001fe8bb60 RDI=000000001ea1e000 RBP=000000001fe65ba0 RSP=000000001fe65b10
R8 =00000000000000af R9 =000000001ea1dfff R10=0000000000000010 R11=0000000000000000
R12=000000001ea1dfff R13=000000001ea1e000 R14=000000001f7ff180 R15=000000001ea1dfff
RIP=000000001fe82e8c RFL=00000202 [-------] CPL=0 II=0 A20=1 SMM=0 HLT=0
ES =0030 0000000000000000 ffffffff 00cf9300 DPL=0 DS   [-WA]
CS =0038 0000000000000000 ffffffff 00af9a00 DPL=0 CS64 [-R-]
SS =0030 0000000000000000 ffffffff 00cf9300 DPL=0 DS   [-WA]
DS =0030 0000000000000000 ffffffff 00cf9300 DPL=0 DS   [-WA]
FS =0030 0000000000000000 ffffffff 00cf9300 DPL=0 DS   [-WA]
GS =0030 0000000000000000 ffffffff 00cf9300 DPL=0 DS   [-WA]
LDT=0000 0000000000000000 0000ffff 00008200 DPL=0 LDT
TR =0000 0000000000000000 0000ffff 00008b00 DPL=0 TSS64-busy
GDT=     000000001f5dc000 00000047
IDT=     000000001efa4018 00000fff
CR0=80010033 CR2=0000000000000000 CR3=000000001f801000 CR4=00000668
DR0=0000000000000000 DR1=0000000000000000 DR2=0000000000000000 DR3=0000000000000000 
DR6=00000000ffff0ff0 DR7=0000000000000400
CCS=0000000000000000 CCD=000000001fe65af8 CCO=EFLAGS
EFER=0000000000000d00
Servicing hardware INT=0x20
    11: v=20 e=0000 i=0 cpl=0 IP=0038:000000001fe82e8c pc=000000001fe82e8c SP=0030:000000001fe65b10 env->regs[R_EAX]=00000000000000af
RAX=00000000000000af RBX=000000001ea02000 RCX=0000000000000000 RDX=000000001ea02000
RSI=000000001fe8bb60 RDI=000000001ea0a000 RBP=000000001fe65ba0 RSP=000000001fe65b10
R8 =00000000000000af R9 =000000001ea09fff R10=0000000000000014 R11=0000000000000000
R12=000000001ea09fff R13=000000001ea0a000 R14=000000001eb42000 R15=000000001ea09fff
RIP=000000001fe82e8c RFL=00000202 [-------] CPL=0 II=0 A20=1 SMM=0 HLT=0
ES =0030 0000000000000000 ffffffff 00cf9300 DPL=0 DS   [-WA]
CS =0038 0000000000000000 ffffffff 00af9a00 DPL=0 CS64 [-R-]
SS =0030 0000000000000000 ffffffff 00cf9300 DPL=0 DS   [-WA]
DS =0030 0000000000000000 ffffffff 00cf9300 DPL=0 DS   [-WA]
FS =0030 0000000000000000 ffffffff 00cf9300 DPL=0 DS   [-WA]
GS =0030 0000000000000000 ffffffff 00cf9300 DPL=0 DS   [-WA]
LDT=0000 0000000000000000 0000ffff 00008200 DPL=0 LDT
TR =0000 0000000000000000 0000ffff 00008b00 DPL=0 TSS64-busy
GDT=     000000001f5dc000 00000047
IDT=     000000001efa4018 00000fff
CR0=80010033 CR2=0000000000000000 CR3=000000001f801000 CR4=00000668
DR0=0000000000000000 DR1=0000000000000000 DR2=0000000000000000 DR3=0000000000000000 
DR6=00000000ffff0ff0 DR7=0000000000000400
CCS=0000000000000000 CCD=000000001fe65af8 CCO=EFLAGS
EFER=0000000000000d00
Servicing hardware INT=0x20
    12: v=20 e=0000 i=0 cpl=0 IP=0038:000000001fe82e8a pc=000000001fe82e8a SP=0030:000000001fe65b10 env->regs[R_EAX]=00000000000000af
RAX=00000000000000af RBX=000000001e7be000 RCX=0000000000010001 RDX=000000001e7be000
RSI=000000001fe8bb60 RDI=000000001e7befff RBP=000000001fe65ba0 RSP=000000001fe65b10
R8 =00000000000000af R9 =000000001e7cefff R10=0000000000000016 R11=0000000000000000
R12=000000001e7cefff R13=000000001e7cf000 R14=000000001eb42180 R15=000000001e7cefff
RIP=000000001fe82e8a RFL=00010202 [-------] CPL=0 II=0 A20=1 SMM=0 HLT=0
ES =0030 0000000000000000 ffffffff 00cf9300 DPL=0 DS   [-WA]
CS =0038 0000000000000000 ffffffff 00af9a00 DPL=0 CS64 [-R-]
SS =0030 0000000000000000 ffffffff 00cf9300 DPL=0 DS   [-WA]
DS =0030 0000000000000000 ffffffff 00cf9300 DPL=0 DS   [-WA]
FS =0030 0000000000000000 ffffffff 00cf9300 DPL=0 DS   [-WA]
GS =0030 0000000000000000 ffffffff 00cf9300 DPL=0 DS   [-WA]
LDT=0000 0000000000000000 0000ffff 00008200 DPL=0 LDT
TR =0000 0000000000000000 0000ffff 00008b00 DPL=0 TSS64-busy
GDT=     000000001f5dc000 00000047
IDT=     000000001efa4018 00000fff
CR0=80010033 CR2=0000000000000000 CR3=000000001f801000 CR4=00000668
DR0=0000000000000000 DR1=0000000000000000 DR2=0000000000000000 DR3=0000000000000000 
DR6=00000000ffff0ff0 DR7=0000000000000400
CCS=0000000000000000 CCD=000000001fe65af8 CCO=EFLAGS
EFER=0000000000000d00
Servicing hardware INT=0x20
    13: v=20 e=0000 i=0 cpl=0 IP=0038:000000001fe82e8c pc=000000001fe82e8c SP=0030:000000001fe65b10 env->regs[R_EAX]=00000000000000af
RAX=00000000000000af RBX=000000001e7be000 RCX=0000000000000000 RDX=000000001e7be000
RSI=000000001fe8bb60 RDI=000000001e7cf000 RBP=000000001fe65ba0 RSP=000000001fe65b10
R8 =00000000000000af R9 =000000001e7cefff R10=0000000000000016 R11=0000000000000000
R12=000000001e7cefff R13=000000001e7cf000 R14=000000001eb42180 R15=000000001e7cefff
RIP=000000001fe82e8c RFL=00000202 [-------] CPL=0 II=0 A20=1 SMM=0 HLT=0
ES =0030 0000000000000000 ffffffff 00cf9300 DPL=0 DS   [-WA]
CS =0038 0000000000000000 ffffffff 00af9a00 DPL=0 CS64 [-R-]
SS =0030 0000000000000000 ffffffff 00cf9300 DPL=0 DS   [-WA]
DS =0030 0000000000000000 ffffffff 00cf9300 DPL=0 DS   [-WA]
FS =0030 0000000000000000 ffffffff 00cf9300 DPL=0 DS   [-WA]
GS =0030 0000000000000000 ffffffff 00cf9300 DPL=0 DS   [-WA]
LDT=0000 0000000000000000 0000ffff 00008200 DPL=0 LDT
TR =0000 0000000000000000 0000ffff 00008b00 DPL=0 TSS64-busy
GDT=     000000001f5dc000 00000047
IDT=     000000001efa4018 00000fff
CR0=80010033 CR2=0000000000000000 CR3=000000001f801000 CR4=00000668
DR0=0000000000000000 DR1=0000000000000000 DR2=0000000000000000 DR3=0000000000000000 
DR6=00000000ffff0ff0 DR7=0000000000000400
CCS=0000000000000000 CCD=0000000000000000 CCO=EFLAGS
EFER=0000000000000d00
Servicing hardware INT=0x20
    14: v=20 e=0000 i=0 cpl=0 IP=0038:000000001fe7769a pc=000000001fe7769a SP=0030:000000001fe65a18 env->regs[R_EAX]=000000001f5cb4d0
RAX=000000001f5cb4d0 RBX=000000001fe8c270 RCX=000000001f5cb418 RDX=00000000000000b8
RSI=000000001fe8c2a0 RDI=000000001f5cb800 RBP=000000001fe65aa0 RSP=000000001fe65a18
R8 =00000000000000af R9 =0000000000000080 R10=000000001f6bb158 R11=000000000000000c
R12=00000000000000e0 R13=00000000000000b8 R14=000000001f5cb418 R15=000000001f5cb400
RIP=000000001fe7769a RFL=00000206 [-----P-] CPL=0 II=0 A20=1 SMM=0 HLT=0
ES =0030 0000000000000000 ffffffff 00cf9300 DPL=0 DS   [-WA]
CS =0038 0000000000000000 ffffffff 00af9a00 DPL=0 CS64 [-R-]
SS =0030 0000000000000000 ffffffff 00cf9300 DPL=0 DS   [-WA]
DS =0030 0000000000000000 ffffffff 00cf9300 DPL=0 DS   [-WA]
FS =0030 0000000000000000 ffffffff 00cf9300 DPL=0 DS   [-WA]
GS =0030 0000000000000000 ffffffff 00cf9300 DPL=0 DS   [-WA]
LDT=0000 0000000000000000 0000ffff 00008200 DPL=0 LDT
TR =0000 0000000000000000 0000ffff 00008b00 DPL=0 TSS64-busy
GDT=     000000001f5dc000 00000047
IDT=     000000001efa4018 00000fff
CR0=80010033 CR2=0000000000000000 CR3=000000001f801000 CR4=00000668
DR0=0000000000000000 DR1=0000000000000000 DR2=0000000000000000 DR3=0000000000000000 
DR6=00000000ffff0ff0 DR7=0000000000000400
CCS=0000000000000004 CCD=000000001fe65a00 CCO=EFLAGS
EFER=0000000000000d00
Servicing hardware INT=0x20
    15: v=20 e=0000 i=0 cpl=0 IP=0038:000000001f6c896c pc=000000001f6c896c SP=0030:000000001fe65a40 env->regs[R_EAX]=0000000000000000
RAX=0000000000000000 RBX=0000000000000048 RCX=0000000000000101 RDX=0000000000000000
RSI=00000000ffc0e000 RDI=000000000000000e RBP=000000001fe65ae0 RSP=000000001fe65a40
R8 =0000000000000000 R9 =000000001fe659e8 R10=000000001f5970d0 R11=000000001f6e6d92
R12=000000001fe65b40 R13=000000001fe65a88 R14=0000000000000000 R15=000000001eac1018
RIP=000000001f6c896c RFL=00000246 [---Z-P-] CPL=0 II=0 A20=1 SMM=0 HLT=0
ES =0030 0000000000000000 ffffffff 00cf9300 DPL=0 DS   [-WA]
CS =0038 0000000000000000 ffffffff 00af9a00 DPL=0 CS64 [-R-]
SS =0030 0000000000000000 ffffffff 00cf9300 DPL=0 DS   [-WA]
DS =0030 0000000000000000 ffffffff 00cf9300 DPL=0 DS   [-WA]
FS =0030 0000000000000000 ffffffff 00cf9300 DPL=0 DS   [-WA]
GS =0030 0000000000000000 ffffffff 00cf9300 DPL=0 DS   [-WA]
LDT=0000 0000000000000000 0000ffff 00008200 DPL=0 LDT
TR =0000 0000000000000000 0000ffff 00008b00 DPL=0 TSS64-busy
GDT=     000000001f5dc000 00000047
IDT=     000000001efa4018 00000fff
CR0=80010033 CR2=0000000000000000 CR3=000000001f801000 CR4=00000668
DR0=0000000000000000 DR1=0000000000000000 DR2=0000000000000000 DR3=0000000000000000 
DR6=00000000ffff0ff0 DR7=0000000000000400
CCS=0000000000000044 CCD=0000000000000000 CCO=EFLAGS
EFER=0000000000000d00
Servicing hardware INT=0x20
    16: v=20 e=0000 i=0 cpl=0 IP=0038:000000001fe70879 pc=000000001fe70879 SP=0030:000000001fe659a0 env->regs[R_EAX]=0000000000000001
RAX=0000000000000001 RBX=000000001e759000 RCX=000000000000000c RDX=0000000000000000
RSI=0000000000000014 RDI=000000001e759000 RBP=000000001fe65a00 RSP=000000001fe659a0
R8 =0000000000000000 R9 =0000000000000000 R10=0000000000000003 R11=0000000000000000
R12=000000001e76cfff R13=000000001f7ffa48 R14=0000000000000000 R15=000000001fe8ab30
RIP=000000001fe70879 RFL=00000287 [--S--PC] CPL=0 II=0 A20=1 SMM=0 HLT=0
ES =0030 0000000000000000 ffffffff 00cf9300 DPL=0 DS   [-WA]
CS =0038 0000000000000000 ffffffff 00af9a00 DPL=0 CS64 [-R-]
SS =0030 0000000000000000 ffffffff 00cf9300 DPL=0 DS   [-WA]
DS =0030 0000000000000000 ffffffff 00cf9300 DPL=0 DS   [-WA]
FS =0030 0000000000000000 ffffffff 00cf9300 DPL=0 DS   [-WA]
GS =0030 0000000000000000 ffffffff 00cf9300 DPL=0 DS   [-WA]
LDT=0000 0000000000000000 0000ffff 00008200 DPL=0 LDT
TR =0000 0000000000000000 0000ffff 00008b00 DPL=0 TSS64-busy
GDT=     000000001f5dc000 00000047
IDT=     000000001efa4018 00000fff
CR0=80010033 CR2=0000000000000000 CR3=000000001f801000 CR4=00000668
DR0=0000000000000000 DR1=0000000000000000 DR2=0000000000000000 DR3=0000000000000000 
DR6=00000000ffff0ff0 DR7=0000000000000400
CCS=0000000000000085 CCD=ffffffffff974f18 CCO=EFLAGS
EFER=0000000000000d00
Servicing hardware INT=0x20
    17: v=20 e=0000 i=0 cpl=0 IP=0038:000000001fe776f7 pc=000000001fe776f7 SP=0030:000000001fe657e8 env->regs[R_EAX]=0000000000000000
RAX=0000000000000000 RBX=000000001eb42680 RCX=000000001eb42680 RDX=000000001fe8bb60
RSI=000000001fe8bb60 RDI=000000001f7ff680 RBP=000000001fe65840 RSP=000000001fe657e8
R8 =0000000000000040 R9 =000000001ea0bfff R10=000000001f58a1f4 R11=0000000000000000
R12=000000001fe8bb60 R13=000000001fe8ab50 R14=000000001fe85d20 R15=000000001fe8ab30
RIP=000000001fe776f7 RFL=00000246 [---Z-P-] CPL=0 II=0 A20=1 SMM=0 HLT=0
ES =0030 0000000000000000 ffffffff 00cf9300 DPL=0 DS   [-WA]
CS =0038 0000000000000000 ffffffff 00af9a00 DPL=0 CS64 [-R-]
SS =0030 0000000000000000 ffffffff 00cf9300 DPL=0 DS   [-WA]
DS =0030 0000000000000000 ffffffff 00cf9300 DPL=0 DS   [-WA]
FS =0030 0000000000000000 ffffffff 00cf9300 DPL=0 DS   [-WA]
GS =0030 0000000000000000 ffffffff 00cf9300 DPL=0 DS   [-WA]
LDT=0000 0000000000000000 0000ffff 00008200 DPL=0 LDT
TR =0000 0000000000000000 0000ffff 00008b00 DPL=0 TSS64-busy
GDT=     000000001f5dc000 00000047
IDT=     000000001efa4018 00000fff
CR0=80010033 CR2=0000000000000000 CR3=000000001f801000 CR4=00000668
DR0=0000000000000000 DR1=0000000000000000 DR2=0000000000000000 DR3=0000000000000000 
DR6=00000000ffff0ff0 DR7=0000000000000400
CCS=0000000000000044 CCD=000000001fe657d8 CCO=EFLAGS
EFER=0000000000000d00
Servicing hardware INT=0x20
    18: v=20 e=0000 i=0 cpl=0 IP=0038:000000001e74ede5 pc=000000001e74ede5 SP=0030:000000001fe65bb0 env->regs[R_EAX]=000000001e7bf098
RAX=000000001e7bf098 RBX=000000001e7bf998 RCX=000000001eb6ba80 RDX=000000001fe85f28
RSI=00000000554d4551 RDI=000000001e7504d9 RBP=000000001fe65be0 RSP=000000001fe65bb0
R8 =0000000000000004 R9 =000000001e7bf098 R10=000000001e7bf0da R11=0000000000000000
R12=000000001e7c0598 R13=000000001f5ec018 R14=0000000000000000 R15=000000001fe8a8a0
RIP=000000001e74ede5 RFL=00000246 [---Z-P-] CPL=0 II=0 A20=1 SMM=0 HLT=0
ES =0030 0000000000000000 ffffffff 00cf9300 DPL=0 DS   [-WA]
CS =0038 0000000000000000 ffffffff 00af9a00 DPL=0 CS64 [-R-]
SS =0030 0000000000000000 ffffffff 00cf9300 DPL=0 DS   [-WA]
DS =0030 0000000000000000 ffffffff 00cf9300 DPL=0 DS   [-WA]
FS =0030 0000000000000000 ffffffff 00cf9300 DPL=0 DS   [-WA]
GS =0030 0000000000000000 ffffffff 00cf9300 DPL=0 DS   [-WA]
LDT=0000 0000000000000000 0000ffff 00008200 DPL=0 LDT
TR =0000 0000000000000000 0000ffff 00008b00 DPL=0 TSS64-busy
GDT=     000000001f5dc000 00000047
IDT=     000000001efa4018 00000fff
CR0=80010033 CR2=0000000000000000 CR3=000000001f801000 CR4=00000668
DR0=0000000000000000 DR1=0000000000000000 DR2=0000000000000000 DR3=0000000000000000 
DR6=00000000ffff0ff0 DR7=0000000000000400
CCS=0000000000000044 CCD=0000000000000000 CCO=EFLAGS
EFER=0000000000000d00
Servicing hardware INT=0x20
    19: v=20 e=0000 i=0 cpl=0 IP=0038:000000001e722f3d pc=000000001e722f3d SP=0030:000000001fe65ba0 env->regs[R_EAX]=0000000000000000
RAX=0000000000000000 RBX=000000001e7264e0 RCX=000000001eb6ba80 RDX=000000001e7a9038
RSI=000000001e725e10 RDI=000000001e7265c0 RBP=000000001fe65c20 RSP=000000001fe65ba0
R8 =0000000000000004 R9 =000000001e7a9018 R10=0000000000000040 R11=000000001e741ec0
R12=000000001e7aad98 R13=000000001e7aad98 R14=000000001fe8a8b0 R15=000000001fe8a8a0
RIP=000000001e722f3d RFL=00000246 [---Z-P-] CPL=0 II=0 A20=1 SMM=0 HLT=0
ES =0030 0000000000000000 ffffffff 00cf9300 DPL=0 DS   [-WA]
CS =0038 0000000000000000 ffffffff 00af9a00 DPL=0 CS64 [-R-]
SS =0030 0000000000000000 ffffffff 00cf9300 DPL=0 DS   [-WA]
DS =0030 0000000000000000 ffffffff 00cf9300 DPL=0 DS   [-WA]
FS =0030 0000000000000000 ffffffff 00cf9300 DPL=0 DS   [-WA]
GS =0030 0000000000000000 ffffffff 00cf9300 DPL=0 DS   [-WA]
LDT=0000 0000000000000000 0000ffff 00008200 DPL=0 LDT
TR =0000 0000000000000000 0000ffff 00008b00 DPL=0 TSS64-busy
GDT=     000000001f5dc000 00000047
IDT=     000000001efa4018 00000fff
CR0=80010033 CR2=0000000000000000 CR3=000000001f801000 CR4=00000668
DR0=0000000000000000 DR1=0000000000000000 DR2=0000000000000000 DR3=0000000000000000 
DR6=00000000ffff0ff0 DR7=0000000000000400
CCS=0000000000000044 CCD=0000000000000000 CCO=EFLAGS
EFER=0000000000000d00
Servicing hardware INT=0x20
    20: v=20 e=0000 i=0 cpl=0 IP=0038:000000001eb56266 pc=000000001eb56266 SP=0030:000000001fe659a8 env->regs[R_EAX]=000000001eb6ba80
RAX=000000001eb6ba80 RBX=0000000000000010 RCX=000000001eb6ba80 RDX=000000001fe85f28
RSI=0000000000000010 RDI=0000000000000001 RBP=000000001fe659e0 RSP=000000001fe659a8
R8 =0000000000000004 R9 =000000001e776b18 R10=000000001f6ba260 R11=0000000000000000
R12=0000000000000010 R13=0000000000000004 R14=000000001fe8ab90 R15=000000001fe65c70
RIP=000000001eb56266 RFL=00000202 [-------] CPL=0 II=0 A20=1 SMM=0 HLT=0
ES =0030 0000000000000000 ffffffff 00cf9300 DPL=0 DS   [-WA]
CS =0038 0000000000000000 ffffffff 00af9a00 DPL=0 CS64 [-R-]
SS =0030 0000000000000000 ffffffff 00cf9300 DPL=0 DS   [-WA]
DS =0030 0000000000000000 ffffffff 00cf9300 DPL=0 DS   [-WA]
FS =0030 0000000000000000 ffffffff 00cf9300 DPL=0 DS   [-WA]
GS =0030 0000000000000000 ffffffff 00cf9300 DPL=0 DS   [-WA]
LDT=0000 0000000000000000 0000ffff 00008200 DPL=0 LDT
TR =0000 0000000000000000 0000ffff 00008b00 DPL=0 TSS64-busy
GDT=     000000001f5dc000 00000047
IDT=     000000001efa4018 00000fff
CR0=80010033 CR2=0000000000000000 CR3=000000001f801000 CR4=00000668
DR0=0000000000000000 DR1=0000000000000000 DR2=0000000000000000 DR3=0000000000000000 
DR6=00000000ffff0ff0 DR7=0000000000000400
CCS=0000000000000000 CCD=000000001fe659b0 CCO=EFLAGS
EFER=0000000000000d00
Servicing hardware INT=0x20
    21: v=20 e=0000 i=0 cpl=0 IP=0038:000000001eb56266 pc=000000001eb56266 SP=0030:000000001fe65848 env->regs[R_EAX]=000000001eb6ba80
RAX=000000001eb6ba80 RBX=0000000000000010 RCX=000000001eb6ba80 RDX=abd7f02e4201db00
RSI=000000001e728000 RDI=0000000000000001 RBP=000000001fe65880 RSP=000000001fe65848
R8 =000000001e728000 R9 =000000001e72cfff R10=0000000000000003 R11=0000000000000000
R12=000000000000001f R13=0000000000000003 R14=000000000002600f R15=000000001e72cfff
RIP=000000001eb56266 RFL=00000206 [-----P-] CPL=0 II=0 A20=1 SMM=0 HLT=0
ES =0030 0000000000000000 ffffffff 00cf9300 DPL=0 DS   [-WA]
CS =0038 0000000000000000 ffffffff 00af9a00 DPL=0 CS64 [-R-]
SS =0030 0000000000000000 ffffffff 00cf9300 DPL=0 DS   [-WA]
DS =0030 0000000000000000 ffffffff 00cf9300 DPL=0 DS   [-WA]
FS =0030 0000000000000000 ffffffff 00cf9300 DPL=0 DS   [-WA]
GS =0030 0000000000000000 ffffffff 00cf9300 DPL=0 DS   [-WA]
LDT=0000 0000000000000000 0000ffff 00008200 DPL=0 LDT
TR =0000 0000000000000000 0000ffff 00008b00 DPL=0 TSS64-busy
GDT=     000000001f5dc000 00000047
IDT=     000000001efa4018 00000fff
CR0=80010033 CR2=0000000000000000 CR3=000000001f801000 CR4=00000668
DR0=0000000000000000 DR1=0000000000000000 DR2=0000000000000000 DR3=0000000000000000 
DR6=00000000ffff0ff0 DR7=0000000000000400
CCS=0000000000000020 CCD=000000001fe65850 CCO=SUBQ
EFER=0000000000000d00
Servicing hardware INT=0x20
    22: v=20 e=0000 i=0 cpl=0 IP=0038:000000001e6cb519 pc=000000001e6cb519 SP=0030:000000001fe65b90 env->regs[R_EAX]=42593914ee4e5898
RAX=42593914ee4e5898 RBX=000000001f5ecc98 RCX=000000001f5ecc98 RDX=000000001f5ecc98
RSI=000000001e6d0300 RDI=11d493d77739f24c RBP=000000001fe65bd0 RSP=000000001fe65b90
R8 =000000001e6d06a8 R9 =000000001e749e18 R10=0000000000000001 R11=000000001e73d980
R12=000000001e6d0300 R13=000000001f398c30 R14=000000001fe8a8b0 R15=000000001fe8a8a0
RIP=000000001e6cb519 RFL=00000206 [-----P-] CPL=0 II=0 A20=1 SMM=0 HLT=0
ES =0030 0000000000000000 ffffffff 00cf9300 DPL=0 DS   [-WA]
CS =0038 0000000000000000 ffffffff 00af9a00 DPL=0 CS64 [-R-]
SS =0030 0000000000000000 ffffffff 00cf9300 DPL=0 DS   [-WA]
DS =0030 0000000000000000 ffffffff 00cf9300 DPL=0 DS   [-WA]
FS =0030 0000000000000000 ffffffff 00cf9300 DPL=0 DS   [-WA]
GS =0030 0000000000000000 ffffffff 00cf9300 DPL=0 DS   [-WA]
LDT=0000 0000000000000000 0000ffff 00008200 DPL=0 LDT
TR =0000 0000000000000000 0000ffff 00008b00 DPL=0 TSS64-busy
GDT=     000000001f5dc000 00000047
IDT=     000000001efa4018 00000fff
CR0=80010033 CR2=0000000000000000 CR3=000000001f801000 CR4=00000668
DR0=0000000000000000 DR1=0000000000000000 DR2=0000000000000000 DR3=0000000000000000 
DR6=00000000ffff0ff0 DR7=0000000000000400
CCS=0000000000000004 CCD=000000001fe65b78 CCO=EFLAGS
EFER=0000000000000d00
Servicing hardware INT=0x20
    23: v=20 e=0000 i=0 cpl=0 IP=0038:000000001fe82e8c pc=000000001fe82e8c SP=0030:000000001fe659c0 env->regs[R_EAX]=00000000000000af
RAX=00000000000000af RBX=000000001fe8c0a0 RCX=0000000000000000 RDX=000000001e6af000
RSI=000000001fe65acc RDI=000000001e6b8968 RBP=000000001fe65a30 RSP=000000001fe659c0
R8 =00000000000000af R9 =0000000000009940 R10=000000000000001c R11=000000001e726460
R12=0000000000009968 R13=000000001e6af000 R14=000000000000000c R15=000000001e6af018
RIP=000000001fe82e8c RFL=00000202 [-------] CPL=0 II=0 A20=1 SMM=0 HLT=0
ES =0030 0000000000000000 ffffffff 00cf9300 DPL=0 DS   [-WA]
CS =0038 0000000000000000 ffffffff 00af9a00 DPL=0 CS64 [-R-]
SS =0030 0000000000000000 ffffffff 00cf9300 DPL=0 DS   [-WA]
DS =0030 0000000000000000 ffffffff 00cf9300 DPL=0 DS   [-WA]
FS =0030 0000000000000000 ffffffff 00cf9300 DPL=0 DS   [-WA]
GS =0030 0000000000000000 ffffffff 00cf9300 DPL=0 DS   [-WA]
LDT=0000 0000000000000000 0000ffff 00008200 DPL=0 LDT
TR =0000 0000000000000000 0000ffff 00008b00 DPL=0 TSS64-busy
GDT=     000000001f5dc000 00000047
IDT=     000000001efa4018 00000fff
CR0=80010033 CR2=0000000000000000 CR3=000000001f801000 CR4=00000668
DR0=0000000000000000 DR1=0000000000000000 DR2=0000000000000000 DR3=0000000000000000 
DR6=00000000ffff0ff0 DR7=0000000000000400
CCS=0000000000000000 CCD=000000001fe659a8 CCO=EFLAGS
EFER=0000000000000d00
Servicing hardware INT=0x20
    24: v=20 e=0000 i=0 cpl=0 IP=0038:000000001fe82e8a pc=000000001fe82e8a SP=0030:000000001fe65920 env->regs[R_EAX]=00000000000000af
RAX=00000000000000af RBX=000000001e5b2000 RCX=0000000000010001 RDX=000000001e5b2000
RSI=000000001fe8bb60 RDI=000000001e681fff RBP=000000001fe659b0 RSP=000000001fe65920
R8 =00000000000000af R9 =000000001e691fff R10=000000000000001d R11=000000001e7263e0
R12=000000001e691fff R13=000000001e692000 R14=000000001eb420c0 R15=000000001e691fff
RIP=000000001fe82e8a RFL=00010202 [-------] CPL=0 II=0 A20=1 SMM=0 HLT=0
ES =0030 0000000000000000 ffffffff 00cf9300 DPL=0 DS   [-WA]
CS =0038 0000000000000000 ffffffff 00af9a00 DPL=0 CS64 [-R-]
SS =0030 0000000000000000 ffffffff 00cf9300 DPL=0 DS   [-WA]
DS =0030 0000000000000000 ffffffff 00cf9300 DPL=0 DS   [-WA]
FS =0030 0000000000000000 ffffffff 00cf9300 DPL=0 DS   [-WA]
GS =0030 0000000000000000 ffffffff 00cf9300 DPL=0 DS   [-WA]
LDT=0000 0000000000000000 0000ffff 00008200 DPL=0 LDT
TR =0000 0000000000000000 0000ffff 00008b00 DPL=0 TSS64-busy
GDT=     000000001f5dc000 00000047
IDT=     000000001efa4018 00000fff
CR0=80010033 CR2=0000000000000000 CR3=000000001f801000 CR4=00000668
DR0=0000000000000000 DR1=0000000000000000 DR2=0000000000000000 DR3=0000000000000000 
DR6=00000000ffff0ff0 DR7=0000000000000400
CCS=0000000000000000 CCD=000000001fe65908 CCO=EFLAGS
EFER=0000000000000d00
Servicing hardware INT=0x20
    25: v=20 e=0000 i=0 cpl=0 IP=0038:000000001fe770ae pc=000000001fe770ae SP=0030:000000001fe65550 env->regs[R_EAX]=000000001e6b9001
RAX=000000001e6b9001 RBX=000000001eb42a08 RCX=000000001eb42a08 RDX=000000001f7ff788
RSI=000000001f7ff788 RDI=000000001f7ff680 RBP=000000001fe65580 RSP=000000001fe65550
R8 =0000000000000000 R9 =000000001fe8bb9f R10=0000000000000c00 R11=0000000000000000
R12=000000001eb42a08 R13=000000001fe8ab50 R14=000000001fe85d20 R15=000000001fe8ab30
RIP=000000001fe770ae RFL=00000202 [-------] CPL=0 II=0 A20=1 SMM=0 HLT=0
ES =0030 0000000000000000 ffffffff 00cf9300 DPL=0 DS   [-WA]
CS =0038 0000000000000000 ffffffff 00af9a00 DPL=0 CS64 [-R-]
SS =0030 0000000000000000 ffffffff 00cf9300 DPL=0 DS   [-WA]
DS =0030 0000000000000000 ffffffff 00cf9300 DPL=0 DS   [-WA]
FS =0030 0000000000000000 ffffffff 00cf9300 DPL=0 DS   [-WA]
GS =0030 0000000000000000 ffffffff 00cf9300 DPL=0 DS   [-WA]
LDT=0000 0000000000000000 0000ffff 00008200 DPL=0 LDT
TR =0000 0000000000000000 0000ffff 00008b00 DPL=0 TSS64-busy
GDT=     000000001f5dc000 00000047
IDT=     000000001efa4018 00000fff
CR0=80010033 CR2=0000000000000000 CR3=000000001f801000 CR4=00000668
DR0=0000000000000000 DR1=0000000000000000 DR2=0000000000000000 DR3=0000000000000000 
DR6=00000000ffff0ff0 DR7=0000000000000400
CCS=0000000000000000 CCD=000000001fe65538 CCO=EFLAGS
EFER=0000000000000d00
Servicing hardware INT=0x20
    26: v=20 e=0000 i=0 cpl=0 IP=0038:000000001e560902 pc=000000001e560902 SP=0030:000000001fe658a8 env->regs[R_EAX]=000000001e68a228
RAX=000000001e68a228 RBX=000000001e68a628 RCX=0000000000000000 RDX=000000001e68a228
RSI=000000001e56c333 RDI=000000001e68a628 RBP=000000001fe658c0 RSP=000000001fe658a8
R8 =0000000000000000 R9 =000000001e68a218 R10=000000001e4fff84 R11=000000001e68bea8
R12=000000001e56c333 R13=0000000000000000 R14=000000001e56c333 R15=000000001e52f641
RIP=000000001e560902 RFL=00000206 [-----P-] CPL=0 II=0 A20=1 SMM=0 HLT=0
ES =0030 0000000000000000 ffffffff 00cf9300 DPL=0 DS   [-WA]
CS =0038 0000000000000000 ffffffff 00af9a00 DPL=0 CS64 [-R-]
SS =0030 0000000000000000 ffffffff 00cf9300 DPL=0 DS   [-WA]
DS =0030 0000000000000000 ffffffff 00cf9300 DPL=0 DS   [-WA]
FS =0030 0000000000000000 ffffffff 00cf9300 DPL=0 DS   [-WA]
GS =0030 0000000000000000 ffffffff 00cf9300 DPL=0 DS   [-WA]
LDT=0000 0000000000000000 0000ffff 00008200 DPL=0 LDT
TR =0000 0000000000000000 0000ffff 00008b00 DPL=0 TSS64-busy
GDT=     000000001f5dc000 00000047
IDT=     000000001efa4018 00000fff
CR0=80010033 CR2=0000000000000000 CR3=000000001f801000 CR4=00000668
DR0=0000000000000000 DR1=0000000000000000 DR2=0000000000000000 DR3=0000000000000000 
DR6=00000000ffff0ff0 DR7=0000000000000400
CCS=0000000000000004 CCD=000000001e68a228 CCO=EFLAGS
EFER=0000000000000d00
Servicing hardware INT=0x20
    27: v=20 e=0000 i=0 cpl=0 IP=0038:000000001fe71ae6 pc=000000001fe71ae6 SP=0030:000000001fe65860 env->regs[R_EAX]=0000000000000048
RAX=0000000000000048 RBX=000000001fe8c0a0 RCX=0000000000000010 RDX=000000001fe86430
RSI=000000001fe6596c RDI=0000000000000004 RBP=000000001fe658d0 RSP=000000001fe65860
R8 =000000001e681998 R9 =0000000000000020 R10=0000000000000900 R11=0000000000000000
R12=0000000000000048 R13=000000001e681980 R14=000000001fe6596c R15=000000001e681998
RIP=000000001fe71ae6 RFL=00000202 [-------] CPL=0 II=0 A20=1 SMM=0 HLT=0
ES =0030 0000000000000000 ffffffff 00cf9300 DPL=0 DS   [-WA]
CS =0038 0000000000000000 ffffffff 00af9a00 DPL=0 CS64 [-R-]
SS =0030 0000000000000000 ffffffff 00cf9300 DPL=0 DS   [-WA]
DS =0030 0000000000000000 ffffffff 00cf9300 DPL=0 DS   [-WA]
FS =0030 0000000000000000 ffffffff 00cf9300 DPL=0 DS   [-WA]
GS =0030 0000000000000000 ffffffff 00cf9300 DPL=0 DS   [-WA]
LDT=0000 0000000000000000 0000ffff 00008200 DPL=0 LDT
TR =0000 0000000000000000 0000ffff 00008b00 DPL=0 TSS64-busy
GDT=     000000001f5dc000 00000047
IDT=     000000001efa4018 00000fff
CR0=80010033 CR2=0000000000000000 CR3=000000001f801000 CR4=00000668
DR0=0000000000000000 DR1=0000000000000000 DR2=0000000000000000 DR3=0000000000000000 
DR6=00000000ffff0ff0 DR7=0000000000000400
CCS=0000000000000000 CCD=000000001fe65840 CCO=EFLAGS
EFER=0000000000000d00
Servicing hardware INT=0x20
    28: v=20 e=0000 i=0 cpl=0 IP=0038:000000001e53bf3e pc=000000001e53bf3e SP=0030:000000001fe65af8 env->regs[R_EAX]=0000000000000000
RAX=0000000000000000 RBX=000000001e5a19c0 RCX=0000000000000000 RDX=0000000000000000
RSI=000000001fe65b30 RDI=000000001e5a19c0 RBP=000000001fe65b20 RSP=000000001fe65af8
R8 =000000001e56d542 R9 =0000000000000000 R10=0000000000000e00 R11=000000001e68bea8
R12=000000001e53bf3e R13=000000001fe65b30 R14=000000001e5a2190 R15=000000001e5a9af8
RIP=000000001e53bf3e RFL=00000246 [---Z-P-] CPL=0 II=0 A20=1 SMM=0 HLT=0
ES =0030 0000000000000000 ffffffff 00cf9300 DPL=0 DS   [-WA]
CS =0038 0000000000000000 ffffffff 00af9a00 DPL=0 CS64 [-R-]
SS =0030 0000000000000000 ffffffff 00cf9300 DPL=0 DS   [-WA]
DS =0030 0000000000000000 ffffffff 00cf9300 DPL=0 DS   [-WA]
FS =0030 0000000000000000 ffffffff 00cf9300 DPL=0 DS   [-WA]
GS =0030 0000000000000000 ffffffff 00cf9300 DPL=0 DS   [-WA]
LDT=0000 0000000000000000 0000ffff 00008200 DPL=0 LDT
TR =0000 0000000000000000 0000ffff 00008b00 DPL=0 TSS64-busy
GDT=     000000001f5dc000 00000047
IDT=     000000001efa4018 00000fff
CR0=80010033 CR2=0000000000000000 CR3=000000001f801000 CR4=00000668
DR0=0000000000000000 DR1=0000000000000000 DR2=0000000000000000 DR3=0000000000000000 
DR6=00000000ffff0ff0 DR7=0000000000000400
CCS=0000000000000044 CCD=0000000000000000 CCO=EFLAGS
EFER=0000000000000d00
Servicing hardware INT=0x20
    29: v=20 e=0000 i=0 cpl=0 IP=0038:000000001eb56266 pc=000000001eb56266 SP=0030:000000001fe65808 env->regs[R_EAX]=000000001eb6ba80
RAX=000000001eb6ba80 RBX=0000000000000004 RCX=000000001eb6ba80 RDX=000000001e671898
RSI=000000001fe65a28 RDI=0000000000000001 RBP=000000001fe65840 RSP=000000001fe65808
R8 =000000001e671098 R9 =0000000000000000 R10=000000000000d2d4 R11=0000000000000000
R12=0000000000000010 R13=0000000000000000 R14=000000001fe65a28 R15=000000001e671898
RIP=000000001eb56266 RFL=00000202 [-------] CPL=0 II=0 A20=1 SMM=0 HLT=0
ES =0030 0000000000000000 ffffffff 00cf9300 DPL=0 DS   [-WA]
CS =0038 0000000000000000 ffffffff 00af9a00 DPL=0 CS64 [-R-]
SS =0030 0000000000000000 ffffffff 00cf9300 DPL=0 DS   [-WA]
DS =0030 0000000000000000 ffffffff 00cf9300 DPL=0 DS   [-WA]
FS =0030 0000000000000000 ffffffff 00cf9300 DPL=0 DS   [-WA]
GS =0030 0000000000000000 ffffffff 00cf9300 DPL=0 DS   [-WA]
LDT=0000 0000000000000000 0000ffff 00008200 DPL=0 LDT
TR =0000 0000000000000000 0000ffff 00008b00 DPL=0 TSS64-busy
GDT=     000000001f5dc000 00000047
IDT=     000000001efa4018 00000fff
CR0=80010033 CR2=0000000000000000 CR3=000000001f801000 CR4=00000668
DR0=0000000000000000 DR1=0000000000000000 DR2=0000000000000000 DR3=0000000000000000 
DR6=00000000ffff0ff0 DR7=0000000000000400
CCS=0000000000000000 CCD=000000001fe65810 CCO=EFLAGS
EFER=0000000000000d00
Servicing hardware INT=0x20
    30: v=20 e=0000 i=0 cpl=0 IP=0038:000000001e618e9e pc=000000001e618e9e SP=0030:000000001fe65c50 env->regs[R_EAX]=0000000000000000
RAX=0000000000000000 RBX=000000001e66f598 RCX=000000001eb6ba80 RDX=0000000000000ab8
RSI=0000000000000007 RDI=000000001e66eb18 RBP=000000001fe65cc0 RSP=000000001fe65c50
R8 =000000001e61a060 R9 =000000001e66ed98 R10=0000000000000029 R11=000000001e700e80
R12=000000001f5ec018 R13=000000001efe1330 R14=000000001fe8a8b0 R15=000000001fe8a8a0
RIP=000000001e618e9e RFL=00000202 [-------] CPL=0 II=0 A20=1 SMM=0 HLT=0
ES =0030 0000000000000000 ffffffff 00cf9300 DPL=0 DS   [-WA]
CS =0038 0000000000000000 ffffffff 00af9a00 DPL=0 CS64 [-R-]
SS =0030 0000000000000000 ffffffff 00cf9300 DPL=0 DS   [-WA]
DS =0030 0000000000000000 ffffffff 00cf9300 DPL=0 DS   [-WA]
FS =0030 0000000000000000 ffffffff 00cf9300 DPL=0 DS   [-WA]
GS =0030 0000000000000000 ffffffff 00cf9300 DPL=0 DS   [-WA]
LDT=0000 0000000000000000 0000ffff 00008200 DPL=0 LDT
TR =0000 0000000000000000 0000ffff 00008b00 DPL=0 TSS64-busy
GDT=     000000001f5dc000 00000047
IDT=     000000001efa4018 00000fff
CR0=80010033 CR2=0000000000000000 CR3=000000001f801000 CR4=00000668
DR0=0000000000000000 DR1=0000000000000000 DR2=0000000000000000 DR3=0000000000000000 
DR6=00000000ffff0ff0 DR7=0000000000000400
CCS=0000000000000000 CCD=000000001fe65c10 CCO=EFLAGS
EFER=0000000000000d00
Servicing hardware INT=0x20
    31: v=20 e=0000 i=0 cpl=0 IP=0038:000000001f6cba4a pc=000000001f6cba4a SP=0030:000000001fe65980 env->regs[R_EAX]=00000000000000ff
RAX=00000000000000ff RBX=0000000000000000 RCX=0000000000030001 RDX=000000001eac1018
RSI=000000001f5cb198 RDI=000000001ead1017 RBP=000000001fe65a50 RSP=000000001fe65980
R8 =00000000000000ff R9 =0000000000000000 R10=0000000000000000 R11=0000000000000000
R12=000000001fe65ab0 R13=000000001fe65ab0 R14=000000001f6cfa01 R15=000000001eac1018
RIP=000000001f6cba4a RFL=00010202 [-------] CPL=0 II=0 A20=1 SMM=0 HLT=0
ES =0030 0000000000000000 ffffffff 00cf9300 DPL=0 DS   [-WA]
CS =0038 0000000000000000 ffffffff 00af9a00 DPL=0 CS64 [-R-]
SS =0030 0000000000000000 ffffffff 00cf9300 DPL=0 DS   [-WA]
DS =0030 0000000000000000 ffffffff 00cf9300 DPL=0 DS   [-WA]
FS =0030 0000000000000000 ffffffff 00cf9300 DPL=0 DS   [-WA]
GS =0030 0000000000000000 ffffffff 00cf9300 DPL=0 DS   [-WA]
LDT=0000 0000000000000000 0000ffff 00008200 DPL=0 LDT
TR =0000 0000000000000000 0000ffff 00008b00 DPL=0 TSS64-busy
GDT=     000000001f5dc000 00000047
IDT=     000000001efa4018 00000fff
CR0=80010033 CR2=0000000000000000 CR3=000000001f801000 CR4=00000668
DR0=0000000000000000 DR1=0000000000000000 DR2=0000000000000000 DR3=0000000000000000 
DR6=00000000ffff0ff0 DR7=0000000000000400
CCS=0000000000000000 CCD=000000001fe65970 CCO=EFLAGS
EFER=0000000000000d00
Servicing hardware INT=0x20
    32: v=20 e=0000 i=0 cpl=0 IP=0038:000000001e72f263 pc=000000001e72f263 SP=0030:000000001fe658b8 env->regs[R_EAX]=000000001e66df18
RAX=000000001e66df18 RBX=000000001e66d018 RCX=0000000000000000 RDX=0000000000000000
RSI=0000000000000000 RDI=0000000000000000 RBP=000000001fe65900 RSP=000000001fe658b8
R8 =000000001fe658c7 R9 =0000000000000cf8 R10=0000000000000000 R11=0000000000000000
R12=000000001eb50040 R13=000000001eb50898 R14=000000001fe658c7 R15=0000000000000000
RIP=000000001e72f263 RFL=00000a06 [-O---P-] CPL=0 II=0 A20=1 SMM=0 HLT=0
ES =0030 0000000000000000 ffffffff 00cf9300 DPL=0 DS   [-WA]
CS =0038 0000000000000000 ffffffff 00af9a00 DPL=0 CS64 [-R-]
SS =0030 0000000000000000 ffffffff 00cf9300 DPL=0 DS   [-WA]
DS =0030 0000000000000000 ffffffff 00cf9300 DPL=0 DS   [-WA]
FS =0030 0000000000000000 ffffffff 00cf9300 DPL=0 DS   [-WA]
GS =0030 0000000000000000 ffffffff 00cf9300 DPL=0 DS   [-WA]
LDT=0000 0000000000000000 0000ffff 00008200 DPL=0 LDT
TR =0000 0000000000000000 0000ffff 00008b00 DPL=0 TSS64-busy
GDT=     000000001f5dc000 00000047
IDT=     000000001efa4018 00000fff
CR0=80010033 CR2=0000000000000000 CR3=000000001f801000 CR4=00000668
DR0=0000000000000000 DR1=0000000000000000 DR2=0000000000000000 DR3=0000000000000000 
DR6=00000000ffff0ff0 DR7=0000000000000400
CCS=0000000000000804 CCD=0000000000000011 CCO=EFLAGS
EFER=0000000000000d00
Servicing hardware INT=0x20
    33: v=20 e=0000 i=0 cpl=0 IP=0038:000000001fe82e8c pc=000000001fe82e8c SP=0030:000000001fe653b0 env->regs[R_EAX]=00000000000000af
RAX=00000000000000af RBX=000000001fe8c0a0 RCX=0000000000000000 RDX=000000001e5e6018
RSI=000000001fe8bb60 RDI=000000001e60ce18 RBP=000000001fe65440 RSP=000000001fe653b0
R8 =00000000000000af R9 =0000000000027000 R10=0000000000000017 R11=0000000000000000
R12=0000000000026e28 R13=0000000000026e00 R14=000000001e5e6018 R15=000000001e5e6000
RIP=000000001fe82e8c RFL=00000202 [-------] CPL=0 II=0 A20=1 SMM=0 HLT=0
ES =0030 0000000000000000 ffffffff 00cf9300 DPL=0 DS   [-WA]
CS =0038 0000000000000000 ffffffff 00af9a00 DPL=0 CS64 [-R-]
SS =0030 0000000000000000 ffffffff 00cf9300 DPL=0 DS   [-WA]
DS =0030 0000000000000000 ffffffff 00cf9300 DPL=0 DS   [-WA]
FS =0030 0000000000000000 ffffffff 00cf9300 DPL=0 DS   [-WA]
GS =0030 0000000000000000 ffffffff 00cf9300 DPL=0 DS   [-WA]
LDT=0000 0000000000000000 0000ffff 00008200 DPL=0 LDT
TR =0000 0000000000000000 0000ffff 00008b00 DPL=0 TSS64-busy
GDT=     000000001f5dc000 00000047
IDT=     000000001efa4018 00000fff
CR0=80010033 CR2=0000000000000000 CR3=000000001f801000 CR4=00000668
DR0=0000000000000000 DR1=0000000000000000 DR2=0000000000000000 DR3=0000000000000000 
DR6=00000000ffff0ff0 DR7=0000000000000400
CCS=0000000000000000 CCD=000000001fe65398 CCO=EFLAGS
EFER=0000000000000d00
Servicing hardware INT=0x20
    34: v=20 e=0000 i=0 cpl=0 IP=0038:000000001e737368 pc=000000001e737368 SP=0030:000000001fe658c0 env->regs[R_EAX]=0000000000000000
RAX=0000000000000000 RBX=000000001e66d018 RCX=000000001e66d208 RDX=0000000000000000
RSI=0000000000000006 RDI=000000001e665018 RBP=000000001fe65900 RSP=000000001fe658c0
R8 =0000000000000000 R9 =0000000000000cf8 R10=0000000000000000 R11=0000000000000000
R12=0000000000000000 R13=000000001e73bca3 R14=000000001e66d208 R15=000000001e66d208
RIP=000000001e737368 RFL=00000246 [---Z-P-] CPL=0 II=0 A20=1 SMM=0 HLT=0
ES =0030 0000000000000000 ffffffff 00cf9300 DPL=0 DS   [-WA]
CS =0038 0000000000000000 ffffffff 00af9a00 DPL=0 CS64 [-R-]
SS =0030 0000000000000000 ffffffff 00cf9300 DPL=0 DS   [-WA]
DS =0030 0000000000000000 ffffffff 00cf9300 DPL=0 DS   [-WA]
FS =0030 0000000000000000 ffffffff 00cf9300 DPL=0 DS   [-WA]
GS =0030 0000000000000000 ffffffff 00cf9300 DPL=0 DS   [-WA]
LDT=0000 0000000000000000 0000ffff 00008200 DPL=0 LDT
TR =0000 0000000000000000 0000ffff 00008b00 DPL=0 TSS64-busy
GDT=     000000001f5dc000 00000047
IDT=     000000001efa4018 00000fff
CR0=80010033 CR2=0000000000000000 CR3=000000001f801000 CR4=00000668
DR0=0000000000000000 DR1=0000000000000000 DR2=0000000000000000 DR3=0000000000000000 
DR6=00000000ffff0ff0 DR7=0000000000000400
CCS=0000000000000044 CCD=0000000000000000 CCO=EFLAGS
EFER=0000000000000d00
Servicing hardware INT=0x20
    35: v=20 e=0000 i=0 cpl=0 IP=0038:000000001fe76ee9 pc=000000001fe76ee9 SP=0030:000000001fe65390 env->regs[R_EAX]=00000000000000b2
RAX=00000000000000b2 RBX=00000000000000b2 RCX=00000000000000b2 RDX=000000000000000c
RSI=000000000000000c RDI=000000001e660018 RBP=000000001fe653c0 RSP=000000001fe65390
R8 =000000000000c958 R9 =0000000000000080 R10=000000000000001f R11=0000000000000002
R12=000000000000000c R13=0000000000000101 R14=000000000000000d R15=000000000000d56e
RIP=000000001fe76ee9 RFL=00000293 [--S-A-C] CPL=0 II=0 A20=1 SMM=0 HLT=0
ES =0030 0000000000000000 ffffffff 00cf9300 DPL=0 DS   [-WA]
CS =0038 0000000000000000 ffffffff 00af9a00 DPL=0 CS64 [-R-]
SS =0030 0000000000000000 ffffffff 00cf9300 DPL=0 DS   [-WA]
DS =0030 0000000000000000 ffffffff 00cf9300 DPL=0 DS   [-WA]
FS =0030 0000000000000000 ffffffff 00cf9300 DPL=0 DS   [-WA]
GS =0030 0000000000000000 ffffffff 00cf9300 DPL=0 DS   [-WA]
LDT=0000 0000000000000000 0000ffff 00008200 DPL=0 LDT
TR =0000 0000000000000000 0000ffff 00008b00 DPL=0 TSS64-busy
GDT=     000000001f5dc000 00000047
IDT=     000000001efa4018 00000fff
CR0=80010033 CR2=0000000000000000 CR3=000000001f801000 CR4=00000668
DR0=0000000000000000 DR1=0000000000000000 DR2=0000000000000000 DR3=0000000000000000 
DR6=00000000ffff0ff0 DR7=0000000000000400
CCS=0000000000000091 CCD=ffffffffffffffcd CCO=EFLAGS
EFER=0000000000000d00
Servicing hardware INT=0x20
    36: v=20 e=0000 i=0 cpl=0 IP=0038:000000001e73214d pc=000000001e73214d SP=0030:000000001fe654a0 env->regs[R_EAX]=0000000000000000
RAX=0000000000000000 RBX=0000000000000000 RCX=000000001eb6ba80 RDX=0000000000000007
RSI=000000001e660018 RDI=0000000000003440 RBP=000000001fe65520 RSP=000000001fe654a0
R8 =000000001e660000 R9 =0000000000004000 R10=000000000000001f R11=0000000000000005
R12=00000000000161c8 R13=000000001e5bf018 R14=000000001fe8a200 R15=0000000000000000
RIP=000000001e73214d RFL=00000246 [---Z-P-] CPL=0 II=0 A20=1 SMM=0 HLT=0
ES =0030 0000000000000000 ffffffff 00cf9300 DPL=0 DS   [-WA]
CS =0038 0000000000000000 ffffffff 00af9a00 DPL=0 CS64 [-R-]
SS =0030 0000000000000000 ffffffff 00cf9300 DPL=0 DS   [-WA]
DS =0030 0000000000000000 ffffffff 00cf9300 DPL=0 DS   [-WA]
FS =0030 0000000000000000 ffffffff 00cf9300 DPL=0 DS   [-WA]
GS =0030 0000000000000000 ffffffff 00cf9300 DPL=0 DS   [-WA]
LDT=0000 0000000000000000 0000ffff 00008200 DPL=0 LDT
TR =0000 0000000000000000 0000ffff 00008b00 DPL=0 TSS64-busy
GDT=     000000001f5dc000 00000047
IDT=     000000001efa4018 00000fff
CR0=80010033 CR2=0000000000000000 CR3=000000001f801000 CR4=00000668
DR0=0000000000000000 DR1=0000000000000000 DR2=0000000000000000 DR3=0000000000000000 
DR6=00000000ffff0ff0 DR7=0000000000000400
CCS=0000000000000044 CCD=0000000000000000 CCO=EFLAGS
EFER=0000000000000d00
Servicing hardware INT=0x20
    37: v=20 e=0000 i=0 cpl=0 IP=0038:000000001ea204ba pc=000000001ea204ba SP=0030:000000001fe658c8 env->regs[R_EAX]=000000001fe65878
RAX=000000001fe65878 RBX=0000000000000000 RCX=000000001e660f98 RDX=000000001e663408
RSI=0000000000000000 RDI=000000001e663c18 RBP=000000001fe659d0 RSP=000000001fe658c8
R8 =00000000000000af R9 =0000000000000028 R10=0000000000000000 R11=0000000000000000
R12=0000000000000006 R13=0000000000000000 R14=000000001e660018 R15=000000001f7e0329
RIP=000000001ea204ba RFL=00000246 [---Z-P-] CPL=0 II=0 A20=1 SMM=0 HLT=0
ES =0030 0000000000000000 ffffffff 00cf9300 DPL=0 DS   [-WA]
CS =0038 0000000000000000 ffffffff 00af9a00 DPL=0 CS64 [-R-]
SS =0030 0000000000000000 ffffffff 00cf9300 DPL=0 DS   [-WA]
DS =0030 0000000000000000 ffffffff 00cf9300 DPL=0 DS   [-WA]
FS =0030 0000000000000000 ffffffff 00cf9300 DPL=0 DS   [-WA]
GS =0030 0000000000000000 ffffffff 00cf9300 DPL=0 DS   [-WA]
LDT=0000 0000000000000000 0000ffff 00008200 DPL=0 LDT
TR =0000 0000000000000000 0000ffff 00008b00 DPL=0 TSS64-busy
GDT=     000000001f5dc000 00000047
IDT=     000000001efa4018 00000fff
CR0=80010033 CR2=0000000000000000 CR3=000000001f801000 CR4=00000668
DR0=0000000000000000 DR1=0000000000000000 DR2=0000000000000000 DR3=0000000000000000 
DR6=00000000ffff0ff0 DR7=0000000000000400
CCS=0000000000000044 CCD=0000000000000000 CCO=EFLAGS
EFER=0000000000000d00
Servicing hardware INT=0x20
    38: v=20 e=0000 i=0 cpl=0 IP=0038:000000001f6cba4c pc=000000001f6cba4c SP=0030:000000001fe65710 env->regs[R_EAX]=00000000000000ff
RAX=00000000000000ff RBX=0000000000000000 RCX=0000000000000000 RDX=000000001eac1018
RSI=0000000000000000 RDI=000000001eb01018 RBP=000000001fe657e0 RSP=000000001fe65710
R8 =00000000000000ff R9 =0000000000000000 R10=000000001f597ae0 R11=0000000000000002
R12=000000001fe65840 R13=000000001fe65788 R14=0000000000000000 R15=000000001eac1018
RIP=000000001f6cba4c RFL=00000206 [-----P-] CPL=0 II=0 A20=1 SMM=0 HLT=0
ES =0030 0000000000000000 ffffffff 00cf9300 DPL=0 DS   [-WA]
CS =0038 0000000000000000 ffffffff 00af9a00 DPL=0 CS64 [-R-]
SS =0030 0000000000000000 ffffffff 00cf9300 DPL=0 DS   [-WA]
DS =0030 0000000000000000 ffffffff 00cf9300 DPL=0 DS   [-WA]
FS =0030 0000000000000000 ffffffff 00cf9300 DPL=0 DS   [-WA]
GS =0030 0000000000000000 ffffffff 00cf9300 DPL=0 DS   [-WA]
LDT=0000 0000000000000000 0000ffff 00008200 DPL=0 LDT
TR =0000 0000000000000000 0000ffff 00008b00 DPL=0 TSS64-busy
GDT=     000000001f5dc000 00000047
IDT=     000000001efa4018 00000fff
CR0=80010033 CR2=0000000000000000 CR3=000000001f801000 CR4=00000668
DR0=0000000000000000 DR1=0000000000000000 DR2=0000000000000000 DR3=0000000000000000 
DR6=00000000ffff0ff0 DR7=0000000000000400
CCS=0000000000000004 CCD=000000001fe65700 CCO=EFLAGS
EFER=0000000000000d00
Servicing hardware INT=0x20
    39: v=20 e=0000 i=0 cpl=0 IP=0038:000000001f6e6cfc pc=000000001f6e6cfc SP=0030:000000001fe655f0 env->regs[R_EAX]=0000000000000000
RAX=0000000000000000 RBX=00000000ffc0e044 RCX=0000000000000101 RDX=0000000000000000
RSI=0000000000000010 RDI=00000000ffc0e10c RBP=000000001fe65620 RSP=000000001fe655f0
R8 =0000000000000044 R9 =000000001fe656e8 R10=000000001f597ae0 R11=000000001f6e6d92
R12=00000000ffc0e10c R13=0000000000000010 R14=00000000000000c8 R15=000000001fe656e8
RIP=000000001f6e6cfc RFL=00000246 [---Z-P-] CPL=0 II=0 A20=1 SMM=0 HLT=0
ES =0030 0000000000000000 ffffffff 00cf9300 DPL=0 DS   [-WA]
CS =0038 0000000000000000 ffffffff 00af9a00 DPL=0 CS64 [-R-]
SS =0030 0000000000000000 ffffffff 00cf9300 DPL=0 DS   [-WA]
DS =0030 0000000000000000 ffffffff 00cf9300 DPL=0 DS   [-WA]
FS =0030 0000000000000000 ffffffff 00cf9300 DPL=0 DS   [-WA]
GS =0030 0000000000000000 ffffffff 00cf9300 DPL=0 DS   [-WA]
LDT=0000 0000000000000000 0000ffff 00008200 DPL=0 LDT
TR =0000 0000000000000000 0000ffff 00008b00 DPL=0 TSS64-busy
GDT=     000000001f5dc000 00000047
IDT=     000000001efa4018 00000fff
CR0=80010033 CR2=0000000000000000 CR3=000000001f801000 CR4=00000668
DR0=0000000000000000 DR1=0000000000000000 DR2=0000000000000000 DR3=0000000000000000 
DR6=00000000ffff0ff0 DR7=0000000000000400
CCS=0000000000000044 CCD=0000000000000000 CCO=EFLAGS
EFER=0000000000000d00
Servicing hardware INT=0x20
    40: v=20 e=0000 i=0 cpl=0 IP=0038:000000001f6e6cfc pc=000000001f6e6cfc SP=0030:000000001fe655f0 env->regs[R_EAX]=0000000000000000
RAX=0000000000000000 RBX=00000000ffc0e140 RCX=0000000000000101 RDX=0000000000000000
RSI=0000000000000010 RDI=00000000ffc0e158 RBP=000000001fe65620 RSP=000000001fe655f0
R8 =0000000000000140 R9 =000000001fe656e8 R10=000000001f597c98 R11=000000001f6e6d92
R12=00000000ffc0e158 R13=0000000000000010 R14=0000000000000018 R15=000000001fe656e8
RIP=000000001f6e6cfc RFL=00000246 [---Z-P-] CPL=0 II=0 A20=1 SMM=0 HLT=0
ES =0030 0000000000000000 ffffffff 00cf9300 DPL=0 DS   [-WA]
CS =0038 0000000000000000 ffffffff 00af9a00 DPL=0 CS64 [-R-]
SS =0030 0000000000000000 ffffffff 00cf9300 DPL=0 DS   [-WA]
DS =0030 0000000000000000 ffffffff 00cf9300 DPL=0 DS   [-WA]
FS =0030 0000000000000000 ffffffff 00cf9300 DPL=0 DS   [-WA]
GS =0030 0000000000000000 ffffffff 00cf9300 DPL=0 DS   [-WA]
LDT=0000 0000000000000000 0000ffff 00008200 DPL=0 LDT
TR =0000 0000000000000000 0000ffff 00008b00 DPL=0 TSS64-busy
GDT=     000000001f5dc000 00000047
IDT=     000000001efa4018 00000fff
CR0=80010033 CR2=0000000000000000 CR3=000000001f801000 CR4=00000668
DR0=0000000000000000 DR1=0000000000000000 DR2=0000000000000000 DR3=0000000000000000 
DR6=00000000ffff0ff0 DR7=0000000000000400
CCS=0000000000000044 CCD=0000000000000000 CCO=EFLAGS
EFER=0000000000000d00
Servicing hardware INT=0x20
    41: v=20 e=0000 i=0 cpl=0 IP=0038:000000001e7979d8 pc=000000001e7979d8 SP=0030:000000001fe659a0 env->regs[R_EAX]=0000000000000000
RAX=0000000000000000 RBX=000000001e660b18 RCX=000000001eb6ba80 RDX=000000001e66e308
RSI=0000000000000001 RDI=000000001e660b18 RBP=000000001fe65a30 RSP=000000001fe659a0
R8 =00000000000000af R9 =00000000000000c8 R10=000000001f597c98 R11=000000001f6e6d92
R12=000000001e7a0070 R13=000000001e7a0090 R14=000000001e7a00a8 R15=000000001fe65b08
RIP=000000001e7979d8 RFL=00000202 [-------] CPL=0 II=0 A20=1 SMM=0 HLT=0
ES =0030 0000000000000000 ffffffff 00cf9300 DPL=0 DS   [-WA]
CS =0038 0000000000000000 ffffffff 00af9a00 DPL=0 CS64 [-R-]
SS =0030 0000000000000000 ffffffff 00cf9300 DPL=0 DS   [-WA]
DS =0030 0000000000000000 ffffffff 00cf9300 DPL=0 DS   [-WA]
FS =0030 0000000000000000 ffffffff 00cf9300 DPL=0 DS   [-WA]
GS =0030 0000000000000000 ffffffff 00cf9300 DPL=0 DS   [-WA]
LDT=0000 0000000000000000 0000ffff 00008200 DPL=0 LDT
TR =0000 0000000000000000 0000ffff 00008b00 DPL=0 TSS64-busy
GDT=     000000001f5dc000 00000047
IDT=     000000001efa4018 00000fff
CR0=80010033 CR2=0000000000000000 CR3=000000001f801000 CR4=00000668
DR0=0000000000000000 DR1=0000000000000000 DR2=0000000000000000 DR3=0000000000000000 
DR6=00000000ffff0ff0 DR7=0000000000000400
CCS=0000000000000000 CCD=000000001fe65958 CCO=EFLAGS
EFER=0000000000000d00
Servicing hardware INT=0x20
    42: v=20 e=0000 i=0 cpl=0 IP=0038:000000001f6e6cfc pc=000000001f6e6cfc SP=0030:000000001fe655f0 env->regs[R_EAX]=0000000000000000
RAX=0000000000000000 RBX=00000000ffc0e24c RCX=0000000000000101 RDX=0000000000000000
RSI=0000000000000010 RDI=00000000ffc0e322 RBP=000000001fe65620 RSP=000000001fe655f0
R8 =000000000000024c R9 =000000001fe656e8 R10=000000001f597e30 R11=000000001f6e6d92
R12=00000000ffc0e322 R13=0000000000000010 R14=00000000000000d6 R15=000000001fe656e8
RIP=000000001f6e6cfc RFL=00000246 [---Z-P-] CPL=0 II=0 A20=1 SMM=0 HLT=0
ES =0030 0000000000000000 ffffffff 00cf9300 DPL=0 DS   [-WA]
CS =0038 0000000000000000 ffffffff 00af9a00 DPL=0 CS64 [-R-]
SS =0030 0000000000000000 ffffffff 00cf9300 DPL=0 DS   [-WA]
DS =0030 0000000000000000 ffffffff 00cf9300 DPL=0 DS   [-WA]
FS =0030 0000000000000000 ffffffff 00cf9300 DPL=0 DS   [-WA]
GS =0030 0000000000000000 ffffffff 00cf9300 DPL=0 DS   [-WA]
LDT=0000 0000000000000000 0000ffff 00008200 DPL=0 LDT
TR =0000 0000000000000000 0000ffff 00008b00 DPL=0 TSS64-busy
GDT=     000000001f5dc000 00000047
IDT=     000000001efa4018 00000fff
CR0=80010033 CR2=0000000000000000 CR3=000000001f801000 CR4=00000668
DR0=0000000000000000 DR1=0000000000000000 DR2=0000000000000000 DR3=0000000000000000 
DR6=00000000ffff0ff0 DR7=0000000000000400
CCS=0000000000000044 CCD=0000000000000000 CCO=EFLAGS
EFER=0000000000000d00
Servicing hardware INT=0x20
    43: v=20 e=0000 i=0 cpl=0 IP=0038:000000001efa1a0a pc=000000001efa1a0a SP=0030:000000001fe65550 env->regs[R_EAX]=0000000000000000
RAX=0000000000000000 RBX=0000000081060409 RCX=0000000000000000 RDX=000000001efa2880
RSI=0000000000000000 RDI=0000000000000038 RBP=000000001fe655d0 RSP=000000001fe65550
R8 =000000001fe6568c R9 =0000000081060409 R10=0000000000000000 R11=0000000000000000
R12=000000001fe6568c R13=0000000000000001 R14=0000000000000001 R15=0000000000000001
RIP=000000001efa1a0a RFL=00000246 [---Z-P-] CPL=0 II=0 A20=1 SMM=0 HLT=0
ES =0030 0000000000000000 ffffffff 00cf9300 DPL=0 DS   [-WA]
CS =0038 0000000000000000 ffffffff 00af9a00 DPL=0 CS64 [-R-]
SS =0030 0000000000000000 ffffffff 00cf9300 DPL=0 DS   [-WA]
DS =0030 0000000000000000 ffffffff 00cf9300 DPL=0 DS   [-WA]
FS =0030 0000000000000000 ffffffff 00cf9300 DPL=0 DS   [-WA]
GS =0030 0000000000000000 ffffffff 00cf9300 DPL=0 DS   [-WA]
LDT=0000 0000000000000000 0000ffff 00008200 DPL=0 LDT
TR =0000 0000000000000000 0000ffff 00008b00 DPL=0 TSS64-busy
GDT=     000000001f5dc000 00000047
IDT=     000000001efa4018 00000fff
CR0=80010033 CR2=0000000000000000 CR3=000000001f801000 CR4=00000668
DR0=0000000000000000 DR1=0000000000000000 DR2=0000000000000000 DR3=0000000000000000 
DR6=00000000ffff0ff0 DR7=0000000000000400
CCS=0000000000000044 CCD=0000000000000000 CCO=EFLAGS
EFER=0000000000000d00
Servicing hardware INT=0x20
    44: v=20 e=0000 i=0 cpl=0 IP=0038:000000001efa1ae0 pc=000000001efa1ae0 SP=0030:000000001fe655a0 env->regs[R_EAX]=0000000000000000
RAX=0000000000000000 RBX=00000000800a97fc RCX=0000000000000002 RDX=000000001efa2880
RSI=0000000000000002 RDI=0000000000000000 RBP=000000001fe65620 RSP=000000001fe655a0
R8 =000000001fe656dc R9 =0000000080000000 R10=00000000000fffff R11=000000000000000a
R12=000000001fe656dc R13=00000000000d5a01 R14=0000000000000004 R15=0000000000000000
RIP=000000001efa1ae0 RFL=00000293 [--S-A-C] CPL=0 II=0 A20=1 SMM=0 HLT=0
ES =0030 0000000000000000 ffffffff 00cf9300 DPL=0 DS   [-WA]
CS =0038 0000000000000000 ffffffff 00af9a00 DPL=0 CS64 [-R-]
SS =0030 0000000000000000 ffffffff 00cf9300 DPL=0 DS   [-WA]
DS =0030 0000000000000000 ffffffff 00cf9300 DPL=0 DS   [-WA]
FS =0030 0000000000000000 ffffffff 00cf9300 DPL=0 DS   [-WA]
GS =0030 0000000000000000 ffffffff 00cf9300 DPL=0 DS   [-WA]
LDT=0000 0000000000000000 0000ffff 00008200 DPL=0 LDT
TR =0000 0000000000000000 0000ffff 00008b00 DPL=0 TSS64-busy
GDT=     000000001f5dc000 00000047
IDT=     000000001efa4018 00000fff
CR0=80010033 CR2=0000000000000000 CR3=000000001f801000 CR4=00000668
DR0=0000000000000000 DR1=0000000000000000 DR2=0000000000000000 DR3=0000000000000000 
DR6=00000000ffff0ff0 DR7=0000000000000400
CCS=0000000000000091 CCD=fffffffffffffffe CCO=EFLAGS
EFER=0000000000000d00
Servicing hardware INT=0x20
    45: v=20 e=0000 i=0 cpl=0 IP=0038:000000001efa1ae0 pc=000000001efa1ae0 SP=0030:000000001fe655a0 env->regs[R_EAX]=0000000000000000
RAX=0000000000000000 RBX=0000000080154f48 RCX=0000000000000002 RDX=000000001efa2880
RSI=0000000000000002 RDI=0000000000000000 RBP=000000001fe65620 RSP=000000001fe655a0
R8 =000000001fe656dc R9 =0000000080000000 R10=00000000000fffff R11=000000000000000a
R12=000000001fe656dc R13=00000000000aac2e R14=0000000000000004 R15=0000000000000000
RIP=000000001efa1ae0 RFL=00000293 [--S-A-C] CPL=0 II=0 A20=1 SMM=0 HLT=0
ES =0030 0000000000000000 ffffffff 00cf9300 DPL=0 DS   [-WA]
CS =0038 0000000000000000 ffffffff 00af9a00 DPL=0 CS64 [-R-]
SS =0030 0000000000000000 ffffffff 00cf9300 DPL=0 DS   [-WA]
DS =0030 0000000000000000 ffffffff 00cf9300 DPL=0 DS   [-WA]
FS =0030 0000000000000000 ffffffff 00cf9300 DPL=0 DS   [-WA]
GS =0030 0000000000000000 ffffffff 00cf9300 DPL=0 DS   [-WA]
LDT=0000 0000000000000000 0000ffff 00008200 DPL=0 LDT
TR =0000 0000000000000000 0000ffff 00008b00 DPL=0 TSS64-busy
GDT=     000000001f5dc000 00000047
IDT=     000000001efa4018 00000fff
CR0=80010033 CR2=0000000000000000 CR3=000000001f801000 CR4=00000668
DR0=0000000000000000 DR1=0000000000000000 DR2=0000000000000000 DR3=0000000000000000 
DR6=00000000ffff0ff0 DR7=0000000000000400
CCS=0000000000000091 CCD=fffffffffffffffe CCO=EFLAGS
EFER=0000000000000d00
Servicing hardware INT=0x20
    46: v=20 e=0000 i=0 cpl=0 IP=0038:000000001efa02b5 pc=000000001efa02b5 SP=0030:000000001fe65598 env->regs[R_EAX]=0000000000000000
RAX=0000000000000000 RBX=00000000801ef74c RCX=0000000000000002 RDX=000000001efa2880
RSI=0000000000000002 RDI=0000000000000000 RBP=000000001fe65620 RSP=000000001fe65598
R8 =000000001fe656dc R9 =0000000080000000 R10=00000000000fffff R11=000000000000000a
R12=000000001fe656dc R13=000000000008422d R14=0000000000000004 R15=0000000000000000
RIP=000000001efa02b5 RFL=00000246 [---Z-P-] CPL=0 II=0 A20=1 SMM=0 HLT=0
ES =0030 0000000000000000 ffffffff 00cf9300 DPL=0 DS   [-WA]
CS =0038 0000000000000000 ffffffff 00af9a00 DPL=0 CS64 [-R-]
SS =0030 0000000000000000 ffffffff 00cf9300 DPL=0 DS   [-WA]
DS =0030 0000000000000000 ffffffff 00cf9300 DPL=0 DS   [-WA]
FS =0030 0000000000000000 ffffffff 00cf9300 DPL=0 DS   [-WA]
GS =0030 0000000000000000 ffffffff 00cf9300 DPL=0 DS   [-WA]
LDT=0000 0000000000000000 0000ffff 00008200 DPL=0 LDT
TR =0000 0000000000000000 0000ffff 00008b00 DPL=0 TSS64-busy
GDT=     000000001f5dc000 00000047
IDT=     000000001efa4018 00000fff
CR0=80010033 CR2=0000000000000000 CR3=000000001f801000 CR4=00000668
DR0=0000000000000000 DR1=0000000000000000 DR2=0000000000000000 DR3=0000000000000000 
DR6=00000000ffff0ff0 DR7=0000000000000400
CCS=0000000000000044 CCD=0000000000000000 CCO=EFLAGS
EFER=0000000000000d00
Servicing hardware INT=0x20
    47: v=20 e=0000 i=0 cpl=0 IP=0038:000000001efa02c0 pc=000000001efa02c0 SP=0030:000000001fe65580 env->regs[R_EAX]=0000000000000000
RAX=0000000000000000 RBX=00000000802765a8 RCX=0000000000000002 RDX=000000001efa2880
RSI=0000000000000002 RDI=0000000000000000 RBP=000000001fe65590 RSP=000000001fe65580
R8 =000000001fe656dc R9 =0000000080000000 R10=00000000000fffff R11=000000000000000a
R12=000000001fe656dc R13=0000000000062696 R14=0000000000000004 R15=0000000000000000
RIP=000000001efa02c0 RFL=00000202 [-------] CPL=0 II=0 A20=1 SMM=0 HLT=0
ES =0030 0000000000000000 ffffffff 00cf9300 DPL=0 DS   [-WA]
CS =0038 0000000000000000 ffffffff 00af9a00 DPL=0 CS64 [-R-]
SS =0030 0000000000000000 ffffffff 00cf9300 DPL=0 DS   [-WA]
DS =0030 0000000000000000 ffffffff 00cf9300 DPL=0 DS   [-WA]
FS =0030 0000000000000000 ffffffff 00cf9300 DPL=0 DS   [-WA]
GS =0030 0000000000000000 ffffffff 00cf9300 DPL=0 DS   [-WA]
LDT=0000 0000000000000000 0000ffff 00008200 DPL=0 LDT
TR =0000 0000000000000000 0000ffff 00008b00 DPL=0 TSS64-busy
GDT=     000000001f5dc000 00000047
IDT=     000000001efa4018 00000fff
CR0=80010033 CR2=0000000000000000 CR3=000000001f801000 CR4=00000668
DR0=0000000000000000 DR1=0000000000000000 DR2=0000000000000000 DR3=0000000000000000 
DR6=00000000ffff0ff0 DR7=0000000000000400
CCS=0000000000000000 CCD=0000000000000001 CCO=EFLAGS
EFER=0000000000000d00
Servicing hardware INT=0x20
    48: v=20 e=0000 i=0 cpl=0 IP=0038:000000001efa0291 pc=000000001efa0291 SP=0030:000000001fe65578 env->regs[R_EAX]=0000000000000000
RAX=0000000000000000 RBX=0000000080315284 RCX=0000000000000002 RDX=000000001efa2880
RSI=0000000000000002 RDI=0000000000000000 RBP=000000001fe65590 RSP=000000001fe65578
R8 =000000001fe656dc R9 =0000000080000000 R10=00000000000fffff R11=000000000000000a
R12=000000001fe656dc R13=000000000003ab5f R14=0000000000000004 R15=0000000000000000
RIP=000000001efa0291 RFL=00000246 [---Z-P-] CPL=0 II=0 A20=1 SMM=0 HLT=0
ES =0030 0000000000000000 ffffffff 00cf9300 DPL=0 DS   [-WA]
CS =0038 0000000000000000 ffffffff 00af9a00 DPL=0 CS64 [-R-]
SS =0030 0000000000000000 ffffffff 00cf9300 DPL=0 DS   [-WA]
DS =0030 0000000000000000 ffffffff 00cf9300 DPL=0 DS   [-WA]
FS =0030 0000000000000000 ffffffff 00cf9300 DPL=0 DS   [-WA]
GS =0030 0000000000000000 ffffffff 00cf9300 DPL=0 DS   [-WA]
LDT=0000 0000000000000000 0000ffff 00008200 DPL=0 LDT
TR =0000 0000000000000000 0000ffff 00008b00 DPL=0 TSS64-busy
GDT=     000000001f5dc000 00000047
IDT=     000000001efa4018 00000fff
CR0=80010033 CR2=0000000000000000 CR3=000000001f801000 CR4=00000668
DR0=0000000000000000 DR1=0000000000000000 DR2=0000000000000000 DR3=0000000000000000 
DR6=00000000ffff0ff0 DR7=0000000000000400
CCS=0000000000000044 CCD=0000000000000000 CCO=EFLAGS
EFER=0000000000000d00
Servicing hardware INT=0x20
    49: v=20 e=0000 i=0 cpl=0 IP=0038:000000001efa1ae0 pc=000000001efa1ae0 SP=0030:000000001fe655a0 env->regs[R_EAX]=0000000000000000
RAX=0000000000000000 RBX=00000000803bd08c RCX=0000000000000002 RDX=000000001efa2880
RSI=0000000000000002 RDI=0000000000000000 RBP=000000001fe65620 RSP=000000001fe655a0
R8 =000000001fe656dc R9 =0000000080000000 R10=00000000000fffff R11=000000000000000a
R12=000000001fe656dc R13=0000000000010bdd R14=0000000000000004 R15=0000000000000000
RIP=000000001efa1ae0 RFL=00000293 [--S-A-C] CPL=0 II=0 A20=1 SMM=0 HLT=0
ES =0030 0000000000000000 ffffffff 00cf9300 DPL=0 DS   [-WA]
CS =0038 0000000000000000 ffffffff 00af9a00 DPL=0 CS64 [-R-]
SS =0030 0000000000000000 ffffffff 00cf9300 DPL=0 DS   [-WA]
DS =0030 0000000000000000 ffffffff 00cf9300 DPL=0 DS   [-WA]
FS =0030 0000000000000000 ffffffff 00cf9300 DPL=0 DS   [-WA]
GS =0030 0000000000000000 ffffffff 00cf9300 DPL=0 DS   [-WA]
LDT=0000 0000000000000000 0000ffff 00008200 DPL=0 LDT
TR =0000 0000000000000000 0000ffff 00008b00 DPL=0 TSS64-busy
GDT=     000000001f5dc000 00000047
IDT=     000000001efa4018 00000fff
CR0=80010033 CR2=0000000000000000 CR3=000000001f801000 CR4=00000668
DR0=0000000000000000 DR1=0000000000000000 DR2=0000000000000000 DR3=0000000000000000 
DR6=00000000ffff0ff0 DR7=0000000000000400
CCS=0000000000000091 CCD=fffffffffffffffe CCO=EFLAGS
EFER=0000000000000d00
Servicing hardware INT=0x20
    50: v=20 e=0000 i=0 cpl=0 IP=0038:000000001fe82e8c pc=000000001fe82e8c SP=0030:000000001fe653c0 env->regs[R_EAX]=00000000000000af
RAX=00000000000000af RBX=000000001fe8c0a0 RCX=0000000000000000 RDX=000000001e650680
RSI=000000001fe654cc RDI=000000001e650ac0 RBP=000000001fe65430 RSP=000000001fe653c0
R8 =00000000000000af R9 =0000000000000418 R10=000000001e66e318 R11=ffffffffffffffff
R12=0000000000000440 R13=000000001e650680 R14=0000000000000005 R15=000000001e650698
RIP=000000001fe82e8c RFL=00000202 [-------] CPL=0 II=0 A20=1 SMM=0 HLT=0
ES =0030 0000000000000000 ffffffff 00cf9300 DPL=0 DS   [-WA]
CS =0038 0000000000000000 ffffffff 00af9a00 DPL=0 CS64 [-R-]
SS =0030 0000000000000000 ffffffff 00cf9300 DPL=0 DS   [-WA]
DS =0030 0000000000000000 ffffffff 00cf9300 DPL=0 DS   [-WA]
FS =0030 0000000000000000 ffffffff 00cf9300 DPL=0 DS   [-WA]
GS =0030 0000000000000000 ffffffff 00cf9300 DPL=0 DS   [-WA]
LDT=0000 0000000000000000 0000ffff 00008200 DPL=0 LDT
TR =0000 0000000000000000 0000ffff 00008b00 DPL=0 TSS64-busy
GDT=     000000001f5dc000 00000047
IDT=     000000001efa4018 00000fff
CR0=80010033 CR2=0000000000000000 CR3=000000001f801000 CR4=00000668
DR0=0000000000000000 DR1=0000000000000000 DR2=0000000000000000 DR3=0000000000000000 
DR6=00000000ffff0ff0 DR7=0000000000000400
CCS=0000000000000000 CCD=000000001fe653a8 CCO=EFLAGS
EFER=0000000000000d00
Servicing hardware INT=0x20
    51: v=20 e=0000 i=0 cpl=0 IP=0038:000000001f6e6cfc pc=000000001f6e6cfc SP=0030:000000001fe65790 env->regs[R_EAX]=0000000000000000
RAX=0000000000000000 RBX=00000000ffc0e328 RCX=0000000000000101 RDX=0000000000000000
RSI=0000000000000000 RDI=00000000ffc0e336 RBP=000000001fe657c0 RSP=000000001fe65790
R8 =0000000000000328 R9 =000000001fe65888 R10=000000001f598158 R11=000000001f6e6d92
R12=00000000ffc0e336 R13=0000000000000000 R14=000000000000000f R15=000000001fe65888
RIP=000000001f6e6cfc RFL=00000246 [---Z-P-] CPL=0 II=0 A20=1 SMM=0 HLT=0
ES =0030 0000000000000000 ffffffff 00cf9300 DPL=0 DS   [-WA]
CS =0038 0000000000000000 ffffffff 00af9a00 DPL=0 CS64 [-R-]
SS =0030 0000000000000000 ffffffff 00cf9300 DPL=0 DS   [-WA]
DS =0030 0000000000000000 ffffffff 00cf9300 DPL=0 DS   [-WA]
FS =0030 0000000000000000 ffffffff 00cf9300 DPL=0 DS   [-WA]
GS =0030 0000000000000000 ffffffff 00cf9300 DPL=0 DS   [-WA]
LDT=0000 0000000000000000 0000ffff 00008200 DPL=0 LDT
TR =0000 0000000000000000 0000ffff 00008b00 DPL=0 TSS64-busy
GDT=     000000001f5dc000 00000047
IDT=     000000001efa4018 00000fff
CR0=80010033 CR2=0000000000000000 CR3=000000001f801000 CR4=00000668
DR0=0000000000000000 DR1=0000000000000000 DR2=0000000000000000 DR3=0000000000000000 
DR6=00000000ffff0ff0 DR7=0000000000000400
CCS=0000000000000044 CCD=0000000000000000 CCO=EFLAGS
EFER=0000000000000d00
Servicing hardware INT=0x20
    52: v=20 e=0000 i=0 cpl=0 IP=0038:000000001f6e6cfc pc=000000001f6e6cfc SP=0030:000000001fe65790 env->regs[R_EAX]=0000000000000000
RAX=0000000000000000 RBX=00000000ffc0e328 RCX=0000000000000101 RDX=0000000000000000
RSI=0000000000000010 RDI=00000000ffc0e420 RBP=000000001fe657c0 RSP=000000001fe65790
R8 =0000000000000328 R9 =000000001fe65888 R10=000000001f598158 R11=000000001f6e6d92
R12=00000000ffc0e420 R13=0000000000000010 R14=00000000000000f8 R15=000000001fe65888
RIP=000000001f6e6cfc RFL=00000246 [---Z-P-] CPL=0 II=0 A20=1 SMM=0 HLT=0
ES =0030 0000000000000000 ffffffff 00cf9300 DPL=0 DS   [-WA]
CS =0038 0000000000000000 ffffffff 00af9a00 DPL=0 CS64 [-R-]
SS =0030 0000000000000000 ffffffff 00cf9300 DPL=0 DS   [-WA]
DS =0030 0000000000000000 ffffffff 00cf9300 DPL=0 DS   [-WA]
FS =0030 0000000000000000 ffffffff 00cf9300 DPL=0 DS   [-WA]
GS =0030 0000000000000000 ffffffff 00cf9300 DPL=0 DS   [-WA]
LDT=0000 0000000000000000 0000ffff 00008200 DPL=0 LDT
TR =0000 0000000000000000 0000ffff 00008b00 DPL=0 TSS64-busy
GDT=     000000001f5dc000 00000047
IDT=     000000001efa4018 00000fff
CR0=80010033 CR2=0000000000000000 CR3=000000001f801000 CR4=00000668
DR0=0000000000000000 DR1=0000000000000000 DR2=0000000000000000 DR3=0000000000000000 
DR6=00000000ffff0ff0 DR7=0000000000000400
CCS=0000000000000044 CCD=0000000000000000 CCO=EFLAGS
EFER=0000000000000d00
Servicing hardware INT=0x20
    53: v=20 e=0000 i=0 cpl=0 IP=0038:000000001f6cba88 pc=000000001f6cba88 SP=0030:000000001fe658a8 env->regs[R_EAX]=000000001eac1062
RAX=000000001eac1062 RBX=000000000000004a RCX=0000000000000000 RDX=000000001e663798
RSI=000000001e663880 RDI=000000001eac114a RBP=000000001fe65980 RSP=000000001fe658a8
R8 =0000000000000007 R9 =000000001e663886 R10=000000001f59805c R11=000000001f6e6d92
R12=000000001fe659e0 R13=000000001fe65928 R14=000000000000000e R15=000000001eac1018
RIP=000000001f6cba88 RFL=00000207 [-----PC] CPL=0 II=0 A20=1 SMM=0 HLT=0
ES =0030 0000000000000000 ffffffff 00cf9300 DPL=0 DS   [-WA]
CS =0038 0000000000000000 ffffffff 00af9a00 DPL=0 CS64 [-R-]
SS =0030 0000000000000000 ffffffff 00cf9300 DPL=0 DS   [-WA]
DS =0030 0000000000000000 ffffffff 00cf9300 DPL=0 DS   [-WA]
FS =0030 0000000000000000 ffffffff 00cf9300 DPL=0 DS   [-WA]
GS =0030 0000000000000000 ffffffff 00cf9300 DPL=0 DS   [-WA]
LDT=0000 0000000000000000 0000ffff 00008200 DPL=0 LDT
TR =0000 0000000000000000 0000ffff 00008b00 DPL=0 TSS64-busy
GDT=     000000001f5dc000 00000047
IDT=     000000001efa4018 00000fff
CR0=80010033 CR2=0000000000000000 CR3=000000001f801000 CR4=00000668
DR0=0000000000000000 DR1=0000000000000000 DR2=0000000000000000 DR3=0000000000000000 
DR6=00000000ffff0ff0 DR7=0000000000000400
CCS=0000000000000005 CCD=000000000000001d CCO=EFLAGS
EFER=0000000000000d00
Servicing hardware INT=0x20
    54: v=20 e=0000 i=0 cpl=0 IP=0038:000000001f6e6cfc pc=000000001f6e6cfc SP=0030:000000001fe65790 env->regs[R_EAX]=0000000000000000
RAX=0000000000000000 RBX=00000000ffc0e474 RCX=0000000000000101 RDX=0000000000000000
RSI=0000000000000014 RDI=00000000ffc0e570 RBP=000000001fe657c0 RSP=000000001fe65790
R8 =0000000000000474 R9 =000000001fe65888 R10=000000001f59805c R11=000000001f6e6d92
R12=00000000ffc0e570 R13=0000000000000014 R14=00000000000000fd R15=000000001fe65888
RIP=000000001f6e6cfc RFL=00000246 [---Z-P-] CPL=0 II=0 A20=1 SMM=0 HLT=0
ES =0030 0000000000000000 ffffffff 00cf9300 DPL=0 DS   [-WA]
CS =0038 0000000000000000 ffffffff 00af9a00 DPL=0 CS64 [-R-]
SS =0030 0000000000000000 ffffffff 00cf9300 DPL=0 DS   [-WA]
DS =0030 0000000000000000 ffffffff 00cf9300 DPL=0 DS   [-WA]
FS =0030 0000000000000000 ffffffff 00cf9300 DPL=0 DS   [-WA]
GS =0030 0000000000000000 ffffffff 00cf9300 DPL=0 DS   [-WA]
LDT=0000 0000000000000000 0000ffff 00008200 DPL=0 LDT
TR =0000 0000000000000000 0000ffff 00008b00 DPL=0 TSS64-busy
GDT=     000000001f5dc000 00000047
IDT=     000000001efa4018 00000fff
CR0=80010033 CR2=0000000000000000 CR3=000000001f801000 CR4=00000668
DR0=0000000000000000 DR1=0000000000000000 DR2=0000000000000000 DR3=0000000000000000 
DR6=00000000ffff0ff0 DR7=0000000000000400
CCS=0000000000000044 CCD=0000000000000000 CCO=EFLAGS
EFER=0000000000000d00
Servicing hardware INT=0x20
    55: v=20 e=0000 i=0 cpl=0 IP=0038:000000001f6e6cfc pc=000000001f6e6cfc SP=0030:000000001fe65790 env->regs[R_EAX]=0000000000000000
RAX=0000000000000000 RBX=00000000ffc0e5b0 RCX=0000000000000101 RDX=0000000000000000
RSI=0000000000000010 RDI=00000000ffc0e5fc RBP=000000001fe657c0 RSP=000000001fe65790
R8 =00000000000005b0 R9 =000000001fe65888 R10=000000001f598264 R11=000000001f6e6d92
R12=00000000ffc0e5fc R13=0000000000000010 R14=000000000000004c R15=000000001fe65888
RIP=000000001f6e6cfc RFL=00000246 [---Z-P-] CPL=0 II=0 A20=1 SMM=0 HLT=0
ES =0030 0000000000000000 ffffffff 00cf9300 DPL=0 DS   [-WA]
CS =0038 0000000000000000 ffffffff 00af9a00 DPL=0 CS64 [-R-]
SS =0030 0000000000000000 ffffffff 00cf9300 DPL=0 DS   [-WA]
DS =0030 0000000000000000 ffffffff 00cf9300 DPL=0 DS   [-WA]
FS =0030 0000000000000000 ffffffff 00cf9300 DPL=0 DS   [-WA]
GS =0030 0000000000000000 ffffffff 00cf9300 DPL=0 DS   [-WA]
LDT=0000 0000000000000000 0000ffff 00008200 DPL=0 LDT
TR =0000 0000000000000000 0000ffff 00008b00 DPL=0 TSS64-busy
GDT=     000000001f5dc000 00000047
IDT=     000000001efa4018 00000fff
CR0=80010033 CR2=0000000000000000 CR3=000000001f801000 CR4=00000668
DR0=0000000000000000 DR1=0000000000000000 DR2=0000000000000000 DR3=0000000000000000 
DR6=00000000ffff0ff0 DR7=0000000000000400
CCS=0000000000000044 CCD=0000000000000000 CCO=EFLAGS
EFER=0000000000000d00
Servicing hardware INT=0x20
    56: v=20 e=0000 i=0 cpl=0 IP=0038:000000001f6e6cfc pc=000000001f6e6cfc SP=0030:000000001fe65790 env->regs[R_EAX]=0000000000000000
RAX=0000000000000000 RBX=00000000ffc0e24e RCX=0000000000000101 RDX=0000000000000000
RSI=0000000000000010 RDI=00000000ffc0e24e RBP=000000001fe657c0 RSP=000000001fe65790
R8 =000000000000024e R9 =000000001fe65888 R10=000000001f598264 R11=000000001f6e6d92
R12=00000000ffc0e24e R13=0000000000000010 R14=0000000000000000 R15=000000001fe65888
RIP=000000001f6e6cfc RFL=00000246 [---Z-P-] CPL=0 II=0 A20=1 SMM=0 HLT=0
ES =0030 0000000000000000 ffffffff 00cf9300 DPL=0 DS   [-WA]
CS =0038 0000000000000000 ffffffff 00af9a00 DPL=0 CS64 [-R-]
SS =0030 0000000000000000 ffffffff 00cf9300 DPL=0 DS   [-WA]
DS =0030 0000000000000000 ffffffff 00cf9300 DPL=0 DS   [-WA]
FS =0030 0000000000000000 ffffffff 00cf9300 DPL=0 DS   [-WA]
GS =0030 0000000000000000 ffffffff 00cf9300 DPL=0 DS   [-WA]
LDT=0000 0000000000000000 0000ffff 00008200 DPL=0 LDT
TR =0000 0000000000000000 0000ffff 00008b00 DPL=0 TSS64-busy
GDT=     000000001f5dc000 00000047
IDT=     000000001efa4018 00000fff
CR0=80010033 CR2=0000000000000000 CR3=000000001f801000 CR4=00000668
DR0=0000000000000000 DR1=0000000000000000 DR2=0000000000000000 DR3=0000000000000000 
DR6=00000000ffff0ff0 DR7=0000000000000400
CCS=0000000000000044 CCD=0000000000000000 CCO=EFLAGS
EFER=0000000000000d00
Servicing hardware INT=0x20
    57: v=20 e=0000 i=0 cpl=0 IP=0038:000000001e78fddc pc=000000001e78fddc SP=0030:000000001fe65b78 env->regs[R_EAX]=0000000000000000
RAX=0000000000000000 RBX=000000001e79f2d0 RCX=000000001eb6ba80 RDX=0000000000000000
RSI=000000001e79206d RDI=000000001e7a0050 RBP=000000001fe65e20 RSP=000000001fe65b78
R8 =00000000000000af R9 =0000000000000110 R10=000000001f59848c R11=000000001f6e6d92
R12=000000001fe65d88 R13=000000001fe65c80 R14=0000000000000000 R15=0000000080001201
RIP=000000001e78fddc RFL=00000246 [---Z-P-] CPL=0 II=0 A20=1 SMM=0 HLT=0
ES =0030 0000000000000000 ffffffff 00cf9300 DPL=0 DS   [-WA]
CS =0038 0000000000000000 ffffffff 00af9a00 DPL=0 CS64 [-R-]
SS =0030 0000000000000000 ffffffff 00cf9300 DPL=0 DS   [-WA]
DS =0030 0000000000000000 ffffffff 00cf9300 DPL=0 DS   [-WA]
FS =0030 0000000000000000 ffffffff 00cf9300 DPL=0 DS   [-WA]
GS =0030 0000000000000000 ffffffff 00cf9300 DPL=0 DS   [-WA]
LDT=0000 0000000000000000 0000ffff 00008200 DPL=0 LDT
TR =0000 0000000000000000 0000ffff 00008b00 DPL=0 TSS64-busy
GDT=     000000001f5dc000 00000047
IDT=     000000001efa4018 00000fff
CR0=80010033 CR2=0000000000000000 CR3=000000001f801000 CR4=00000668
DR0=0000000000000000 DR1=0000000000000000 DR2=0000000000000000 DR3=0000000000000000 
DR6=00000000ffff0ff0 DR7=0000000000000400
CCS=0000000000000044 CCD=0000000000000000 CCO=EFLAGS
EFER=0000000000000d00
Servicing hardware INT=0x20
    58: v=20 e=0000 i=0 cpl=0 IP=0038:000000001fe76ebb pc=000000001fe76ebb SP=0030:000000001fe65708 env->regs[R_EAX]=0000000000000092
RAX=0000000000000092 RBX=000000001e5bb018 RCX=00000000fc1304ad RDX=000000000000000b
RSI=000000000000000b RDI=000000001e5bb018 RBP=000000001fe65740 RSP=000000001fe65708
R8 =00000000000043ab R9 =00000000000000c0 R10=000000000000001f R11=0000000000000003
R12=000000000000000b R13=0000000000000092 R14=000000000000003c R15=00000000000043ea
RIP=000000001fe76ebb RFL=00000202 [-------] CPL=0 II=0 A20=1 SMM=0 HLT=0
ES =0030 0000000000000000 ffffffff 00cf9300 DPL=0 DS   [-WA]
CS =0038 0000000000000000 ffffffff 00af9a00 DPL=0 CS64 [-R-]
SS =0030 0000000000000000 ffffffff 00cf9300 DPL=0 DS   [-WA]
DS =0030 0000000000000000 ffffffff 00cf9300 DPL=0 DS   [-WA]
FS =0030 0000000000000000 ffffffff 00cf9300 DPL=0 DS   [-WA]
GS =0030 0000000000000000 ffffffff 00cf9300 DPL=0 DS   [-WA]
LDT=0000 0000000000000000 0000ffff 00008200 DPL=0 LDT
TR =0000 0000000000000000 0000ffff 00008b00 DPL=0 TSS64-busy
GDT=     000000001f5dc000 00000047
IDT=     000000001efa4018 00000fff
CR0=80010033 CR2=0000000000000000 CR3=000000001f801000 CR4=00000668
DR0=0000000000000000 DR1=0000000000000000 DR2=0000000000000000 DR3=0000000000000000 
DR6=00000000ffff0ff0 DR7=0000000000000400
CCS=0000000000000000 CCD=000000001fe65710 CCO=EFLAGS
EFER=0000000000000d00
Servicing hardware INT=0x20
    59: v=20 e=0000 i=0 cpl=0 IP=0038:000000001fe76f15 pc=000000001fe76f15 SP=0030:000000001fe65710 env->regs[R_EAX]=000000000bab5278
RAX=000000000bab5278 RBX=000000001e5bb018 RCX=0000000000000003 RDX=0000000000000003
RSI=0000000000000003 RDI=000000001e5bb018 RBP=000000001fe65740 RSP=000000001fe65710
R8 =000000000001b976 R9 =0000000000000040 R10=000000000000001f R11=0000000000000002
R12=0000000000000003 R13=0000000000000100 R14=00000000000016ef R15=000000000001b975
RIP=000000001fe76f15 RFL=00000206 [-----P-] CPL=0 II=0 A20=1 SMM=0 HLT=0
ES =0030 0000000000000000 ffffffff 00cf9300 DPL=0 DS   [-WA]
CS =0038 0000000000000000 ffffffff 00af9a00 DPL=0 CS64 [-R-]
SS =0030 0000000000000000 ffffffff 00cf9300 DPL=0 DS   [-WA]
DS =0030 0000000000000000 ffffffff 00cf9300 DPL=0 DS   [-WA]
FS =0030 0000000000000000 ffffffff 00cf9300 DPL=0 DS   [-WA]
GS =0030 0000000000000000 ffffffff 00cf9300 DPL=0 DS   [-WA]
LDT=0000 0000000000000000 0000ffff 00008200 DPL=0 LDT
TR =0000 0000000000000000 0000ffff 00008b00 DPL=0 TSS64-busy
GDT=     000000001f5dc000 00000047
IDT=     000000001efa4018 00000fff
CR0=80010033 CR2=0000000000000000 CR3=000000001f801000 CR4=00000668
DR0=0000000000000000 DR1=0000000000000000 DR2=0000000000000000 DR3=0000000000000000 
DR6=00000000ffff0ff0 DR7=0000000000000400
CCS=0000000000000004 CCD=000000000bab5278 CCO=EFLAGS
EFER=0000000000000d00
Servicing hardware INT=0x20
    60: v=20 e=0000 i=0 cpl=0 IP=0038:000000001f6cba4a pc=000000001f6cba4a SP=0030:000000001fe65710 env->regs[R_EAX]=00000000000000ff
RAX=00000000000000ff RBX=0000000000000000 RCX=0000000000020001 RDX=000000001eac1018
RSI=0000000000000000 RDI=000000001eae1017 RBP=000000001fe657e0 RSP=000000001fe65710
R8 =00000000000000ff R9 =0000000000000000 R10=000000001f598340 R11=0000000000000002
R12=000000001fe65840 R13=000000001fe65788 R14=0000000000000000 R15=000000001eac1018
RIP=000000001f6cba4a RFL=00010206 [-----P-] CPL=0 II=0 A20=1 SMM=0 HLT=0
ES =0030 0000000000000000 ffffffff 00cf9300 DPL=0 DS   [-WA]
CS =0038 0000000000000000 ffffffff 00af9a00 DPL=0 CS64 [-R-]
SS =0030 0000000000000000 ffffffff 00cf9300 DPL=0 DS   [-WA]
DS =0030 0000000000000000 ffffffff 00cf9300 DPL=0 DS   [-WA]
FS =0030 0000000000000000 ffffffff 00cf9300 DPL=0 DS   [-WA]
GS =0030 0000000000000000 ffffffff 00cf9300 DPL=0 DS   [-WA]
LDT=0000 0000000000000000 0000ffff 00008200 DPL=0 LDT
TR =0000 0000000000000000 0000ffff 00008b00 DPL=0 TSS64-busy
GDT=     000000001f5dc000 00000047
IDT=     000000001efa4018 00000fff
CR0=80010033 CR2=0000000000000000 CR3=000000001f801000 CR4=00000668
DR0=0000000000000000 DR1=0000000000000000 DR2=0000000000000000 DR3=0000000000000000 
DR6=00000000ffff0ff0 DR7=0000000000000400
CCS=0000000000000004 CCD=000000001fe65700 CCO=EFLAGS
EFER=0000000000000d00
Servicing hardware INT=0x20
    61: v=20 e=0000 i=0 cpl=0 IP=0038:000000001efae26c pc=000000001efae26c SP=0030:000000001fe65920 env->regs[R_EAX]=000000001e7b8903
RAX=000000001e7b8903 RBX=000000001e7b88ef RCX=000000001e7b88ef RDX=000000001e7b8800
RSI=0000000000000014 RDI=000000000000003b RBP=000000001fe65960 RSP=000000001fe65920
R8 =00000000000000af R9 =0000000000000050 R10=000000001f5986e4 R11=000000001e73d930
R12=000000001e79ee01 R13=000000001fe65a70 R14=000000001fe65a78 R15=000000001e79dc5a
RIP=000000001efae26c RFL=00000216 [----AP-] CPL=0 II=0 A20=1 SMM=0 HLT=0
ES =0030 0000000000000000 ffffffff 00cf9300 DPL=0 DS   [-WA]
CS =0038 0000000000000000 ffffffff 00af9a00 DPL=0 CS64 [-R-]
SS =0030 0000000000000000 ffffffff 00cf9300 DPL=0 DS   [-WA]
DS =0030 0000000000000000 ffffffff 00cf9300 DPL=0 DS   [-WA]
FS =0030 0000000000000000 ffffffff 00cf9300 DPL=0 DS   [-WA]
GS =0030 0000000000000000 ffffffff 00cf9300 DPL=0 DS   [-WA]
LDT=0000 0000000000000000 0000ffff 00008200 DPL=0 LDT
TR =0000 0000000000000000 0000ffff 00008b00 DPL=0 TSS64-busy
GDT=     000000001f5dc000 00000047
IDT=     000000001efa4018 00000fff
CR0=80010033 CR2=0000000000000000 CR3=000000001f801000 CR4=00000668
DR0=0000000000000000 DR1=0000000000000000 DR2=0000000000000000 DR3=0000000000000000 
DR6=00000000ffff0ff0 DR7=0000000000000400
CCS=0000000000000014 CCD=000000001e7b8903 CCO=EFLAGS
EFER=0000000000000d00
Servicing hardware INT=0x20
    62: v=20 e=0000 i=0 cpl=0 IP=0038:000000001e6babfc pc=000000001e6babfc SP=0030:000000001fe65810 env->regs[R_EAX]=e4942014da3526a0
RAX=e4942014da3526a0 RBX=000000001e63912b RCX=000000001e6befe8 RDX=882d7ee71dd073a0
RSI=4c89542f37499a9d RDI=4acf8becad15a0d6 RBP=000000001fe65840 RSP=000000001fe65810
R8 =0000000000000001 R9 =0000000000000000 R10=0000000000000028 R11=000000001e73d980
R12=000000001e639c18 R13=0000000000000000 R14=000000001e6bf040 R15=0000000000000000
RIP=000000001e6babfc RFL=00000202 [-------] CPL=0 II=0 A20=1 SMM=0 HLT=0
ES =0030 0000000000000000 ffffffff 00cf9300 DPL=0 DS   [-WA]
CS =0038 0000000000000000 ffffffff 00af9a00 DPL=0 CS64 [-R-]
SS =0030 0000000000000000 ffffffff 00cf9300 DPL=0 DS   [-WA]
DS =0030 0000000000000000 ffffffff 00cf9300 DPL=0 DS   [-WA]
FS =0030 0000000000000000 ffffffff 00cf9300 DPL=0 DS   [-WA]
GS =0030 0000000000000000 ffffffff 00cf9300 DPL=0 DS   [-WA]
LDT=0000 0000000000000000 0000ffff 00008200 DPL=0 LDT
TR =0000 0000000000000000 0000ffff 00008b00 DPL=0 TSS64-busy
GDT=     000000001f5dc000 00000047
IDT=     000000001efa4018 00000fff
CR0=80010033 CR2=0000000000000000 CR3=000000001f801000 CR4=00000668
DR0=0000000000000000 DR1=0000000000000000 DR2=0000000000000000 DR3=0000000000000000 
DR6=00000000ffff0ff0 DR7=0000000000000400
CCS=0000000000000000 CCD=000000001fe65810 CCO=EFLAGS
EFER=0000000000000d00
Servicing hardware INT=0x20
    63: v=20 e=0000 i=0 cpl=0 IP=0038:000000001e6bc14c pc=000000001e6bc14c SP=0030:000000001fe656f8 env->regs[R_EAX]=000000001e639328
RAX=000000001e639328 RBX=0000000000000000 RCX=000000001e639328 RDX=000000001fe65738
RSI=000000001e5e5518 RDI=000000001e5e5518 RBP=000000001fe65790 RSP=000000001fe656f8
R8 =000000001fe65735 R9 =000000001fe65740 R10=000000000001c200 R11=000000001e639328
R12=000000001e710868 R13=000000001fe65738 R14=000000001e5e5518 R15=000000001e5e55a8
RIP=000000001e6bc14c RFL=00000297 [--S-APC] CPL=0 II=0 A20=1 SMM=0 HLT=0
ES =0030 0000000000000000 ffffffff 00cf9300 DPL=0 DS   [-WA]
CS =0038 0000000000000000 ffffffff 00af9a00 DPL=0 CS64 [-R-]
SS =0030 0000000000000000 ffffffff 00cf9300 DPL=0 DS   [-WA]
DS =0030 0000000000000000 ffffffff 00cf9300 DPL=0 DS   [-WA]
FS =0030 0000000000000000 ffffffff 00cf9300 DPL=0 DS   [-WA]
GS =0030 0000000000000000 ffffffff 00cf9300 DPL=0 DS   [-WA]
LDT=0000 0000000000000000 0000ffff 00008200 DPL=0 LDT
TR =0000 0000000000000000 0000ffff 00008b00 DPL=0 TSS64-busy
GDT=     000000001f5dc000 00000047
IDT=     000000001efa4018 00000fff
CR0=80010033 CR2=0000000000000000 CR3=000000001f801000 CR4=00000668
DR0=0000000000000000 DR1=0000000000000000 DR2=0000000000000000 DR3=0000000000000000 
DR6=00000000ffff0ff0 DR7=0000000000000400
CCS=0000000000000095 CCD=ffffffffffffff9c CCO=EFLAGS
EFER=0000000000000d00
Servicing hardware INT=0x20
    64: v=20 e=0000 i=0 cpl=0 IP=0038:000000001e722cbf pc=000000001e722cbf SP=0030:000000001fe65880 env->regs[R_EAX]=0000000000000000
RAX=0000000000000000 RBX=0000000000000000 RCX=000000001e5e5658 RDX=000000001e6515a8
RSI=000000001e726188 RDI=000000001e7264e0 RBP=000000001fe65900 RSP=000000001fe65880
R8 =0000000000000004 R9 =000000001e6515b3 R10=000000001ea41394 R11=0000000000000032
R12=000000001e5e5628 R13=000000001e726188 R14=000000001e724db3 R15=0000000000000001
RIP=000000001e722cbf RFL=00000246 [---Z-P-] CPL=0 II=0 A20=1 SMM=0 HLT=0
ES =0030 0000000000000000 ffffffff 00cf9300 DPL=0 DS   [-WA]
CS =0038 0000000000000000 ffffffff 00af9a00 DPL=0 CS64 [-R-]
SS =0030 0000000000000000 ffffffff 00cf9300 DPL=0 DS   [-WA]
DS =0030 0000000000000000 ffffffff 00cf9300 DPL=0 DS   [-WA]
FS =0030 0000000000000000 ffffffff 00cf9300 DPL=0 DS   [-WA]
GS =0030 0000000000000000 ffffffff 00cf9300 DPL=0 DS   [-WA]
LDT=0000 0000000000000000 0000ffff 00008200 DPL=0 LDT
TR =0000 0000000000000000 0000ffff 00008b00 DPL=0 TSS64-busy
GDT=     000000001f5dc000 00000047
IDT=     000000001efa4018 00000fff
CR0=80010033 CR2=0000000000000000 CR3=000000001f801000 CR4=00000668
DR0=0000000000000000 DR1=0000000000000000 DR2=0000000000000000 DR3=0000000000000000 
DR6=00000000ffff0ff0 DR7=0000000000000400
CCS=0000000000000044 CCD=0000000000000000 CCO=EFLAGS
EFER=0000000000000d00
Servicing hardware INT=0x20
    65: v=20 e=0000 i=0 cpl=0 IP=0038:000000001e63e11a pc=000000001e63e11a SP=0030:000000001fe654c0 env->regs[R_EAX]=0000000000000000
RAX=0000000000000000 RBX=0000000000000000 RCX=0000000000090001 RDX=0000000080000000
RSI=0000000000000004 RDI=00000000801a7ffc RBP=000000001fe65560 RSP=000000001fe654c0
R8 =0000000000000000 R9 =0000000000000000 R10=0000000000000064 R11=0000000000000000
R12=00000000803e8000 R13=00000000003e8000 R14=0000000000000000 R15=0000000000000320
RIP=000000001e63e11a RFL=00010246 [---Z-P-] CPL=0 II=0 A20=1 SMM=0 HLT=0
ES =0030 0000000000000000 ffffffff 00cf9300 DPL=0 DS   [-WA]
CS =0038 0000000000000000 ffffffff 00af9a00 DPL=0 CS64 [-R-]
SS =0030 0000000000000000 ffffffff 00cf9300 DPL=0 DS   [-WA]
DS =0030 0000000000000000 ffffffff 00cf9300 DPL=0 DS   [-WA]
FS =0030 0000000000000000 ffffffff 00cf9300 DPL=0 DS   [-WA]
GS =0030 0000000000000000 ffffffff 00cf9300 DPL=0 DS   [-WA]
LDT=0000 0000000000000000 0000ffff 00008200 DPL=0 LDT
TR =0000 0000000000000000 0000ffff 00008b00 DPL=0 TSS64-busy
GDT=     000000001f5dc000 00000047
IDT=     000000001efa4018 00000fff
CR0=80010033 CR2=0000000000000000 CR3=000000001f801000 CR4=00000668
DR0=0000000000000000 DR1=0000000000000000 DR2=0000000000000000 DR3=0000000000000000 
DR6=00000000ffff0ff0 DR7=0000000000000400
CCS=0000000000000044 CCD=0000000000000000 CCO=EFLAGS
EFER=0000000000000d00
Servicing hardware INT=0x20
    66: v=20 e=0000 i=0 cpl=0 IP=0038:000000001f6e6cfc pc=000000001f6e6cfc SP=0030:000000001fe656d0 env->regs[R_EAX]=0000000000000000
RAX=0000000000000000 RBX=00000000ffc0e82a RCX=0000000000000101 RDX=0000000000000000
RSI=0000000000000010 RDI=00000000ffc0e82a RBP=000000001fe65700 RSP=000000001fe656d0
R8 =000000000000082a R9 =000000001fe657c8 R10=000000001f5986e4 R11=000000001f6e6d92
R12=00000000ffc0e82a R13=0000000000000010 R14=0000000000000000 R15=000000001fe657c8
RIP=000000001f6e6cfc RFL=00000246 [---Z-P-] CPL=0 II=0 A20=1 SMM=0 HLT=0
ES =0030 0000000000000000 ffffffff 00cf9300 DPL=0 DS   [-WA]
CS =0038 0000000000000000 ffffffff 00af9a00 DPL=0 CS64 [-R-]
SS =0030 0000000000000000 ffffffff 00cf9300 DPL=0 DS   [-WA]
DS =0030 0000000000000000 ffffffff 00cf9300 DPL=0 DS   [-WA]
FS =0030 0000000000000000 ffffffff 00cf9300 DPL=0 DS   [-WA]
GS =0030 0000000000000000 ffffffff 00cf9300 DPL=0 DS   [-WA]
LDT=0000 0000000000000000 0000ffff 00008200 DPL=0 LDT
TR =0000 0000000000000000 0000ffff 00008b00 DPL=0 TSS64-busy
GDT=     000000001f5dc000 00000047
IDT=     000000001efa4018 00000fff
CR0=80010033 CR2=0000000000000000 CR3=000000001f801000 CR4=00000668
DR0=0000000000000000 DR1=0000000000000000 DR2=0000000000000000 DR3=0000000000000000 
DR6=00000000ffff0ff0 DR7=0000000000000400
CCS=0000000000000044 CCD=0000000000000000 CCO=EFLAGS
EFER=0000000000000d00
Servicing hardware INT=0x20
    67: v=20 e=0000 i=0 cpl=0 IP=0038:000000001e785aa0 pc=000000001e785aa0 SP=0030:000000001fe65a80 env->regs[R_EAX]=0000000000000000
RAX=0000000000000000 RBX=000000001e7b8a18 RCX=000000001eb6ba80 RDX=0000000030646870
RSI=000000001e7b8a5d RDI=000000001e7b8a01 RBP=000000001fe65b10 RSP=000000001fe65a80
R8 =00000000000000af R9 =00000000000000c8 R10=000000001f5986e4 R11=000000001f6e6d92
R12=000000001e7b8a01 R13=000000001e650b98 R14=0000000000000001 R15=000000001fe65ab8
RIP=000000001e785aa0 RFL=00000202 [-------] CPL=0 II=0 A20=1 SMM=0 HLT=0
ES =0030 0000000000000000 ffffffff 00cf9300 DPL=0 DS   [-WA]
CS =0038 0000000000000000 ffffffff 00af9a00 DPL=0 CS64 [-R-]
SS =0030 0000000000000000 ffffffff 00cf9300 DPL=0 DS   [-WA]
DS =0030 0000000000000000 ffffffff 00cf9300 DPL=0 DS   [-WA]
FS =0030 0000000000000000 ffffffff 00cf9300 DPL=0 DS   [-WA]
GS =0030 0000000000000000 ffffffff 00cf9300 DPL=0 DS   [-WA]
LDT=0000 0000000000000000 0000ffff 00008200 DPL=0 LDT
TR =0000 0000000000000000 0000ffff 00008b00 DPL=0 TSS64-busy
GDT=     000000001f5dc000 00000047
IDT=     000000001efa4018 00000fff
CR0=80010033 CR2=0000000000000000 CR3=000000001f801000 CR4=00000668
DR0=0000000000000000 DR1=0000000000000000 DR2=0000000000000000 DR3=0000000000000000 
DR6=00000000ffff0ff0 DR7=0000000000000400
CCS=0000000000000000 CCD=000000001fe65a38 CCO=EFLAGS
EFER=0000000000000d00
Servicing hardware INT=0x20
    68: v=20 e=0000 i=0 cpl=0 IP=0038:000000001f6e6cfc pc=000000001f6e6cfc SP=0030:000000001fe656d0 env->regs[R_EAX]=0000000000000000
RAX=0000000000000000 RBX=00000000ffc0e938 RCX=0000000000000101 RDX=0000000000000000
RSI=0000000000000010 RDI=00000000ffc0e9e7 RBP=000000001fe65700 RSP=000000001fe656d0
R8 =0000000000000938 R9 =000000001fe657c8 R10=000000001f598840 R11=000000001f6e6d92
R12=00000000ffc0e9e7 R13=0000000000000010 R14=00000000000000af R15=000000001fe657c8
RIP=000000001f6e6cfc RFL=00000246 [---Z-P-] CPL=0 II=0 A20=1 SMM=0 HLT=0
ES =0030 0000000000000000 ffffffff 00cf9300 DPL=0 DS   [-WA]
CS =0038 0000000000000000 ffffffff 00af9a00 DPL=0 CS64 [-R-]
SS =0030 0000000000000000 ffffffff 00cf9300 DPL=0 DS   [-WA]
DS =0030 0000000000000000 ffffffff 00cf9300 DPL=0 DS   [-WA]
FS =0030 0000000000000000 ffffffff 00cf9300 DPL=0 DS   [-WA]
GS =0030 0000000000000000 ffffffff 00cf9300 DPL=0 DS   [-WA]
LDT=0000 0000000000000000 0000ffff 00008200 DPL=0 LDT
TR =0000 0000000000000000 0000ffff 00008b00 DPL=0 TSS64-busy
GDT=     000000001f5dc000 00000047
IDT=     000000001efa4018 00000fff
CR0=80010033 CR2=0000000000000000 CR3=000000001f801000 CR4=00000668
DR0=0000000000000000 DR1=0000000000000000 DR2=0000000000000000 DR3=0000000000000000 
DR6=00000000ffff0ff0 DR7=0000000000000400
CCS=0000000000000044 CCD=0000000000000000 CCO=EFLAGS
EFER=0000000000000d00
Servicing hardware INT=0x20
    69: v=20 e=0000 i=0 cpl=0 IP=0038:000000001f6e6cfc pc=000000001f6e6cfc SP=0030:000000001fe656d0 env->regs[R_EAX]=0000000000000000
RAX=0000000000000000 RBX=00000000ffc0e93a RCX=0000000000000101 RDX=0000000000000000
RSI=0000000000000010 RDI=00000000ffc0e93a RBP=000000001fe65700 RSP=000000001fe656d0
R8 =000000000000093a R9 =000000001fe657c8 R10=000000001f598950 R11=000000001f6e6d92
R12=00000000ffc0e93a R13=0000000000000010 R14=0000000000000000 R15=000000001fe657c8
RIP=000000001f6e6cfc RFL=00000246 [---Z-P-] CPL=0 II=0 A20=1 SMM=0 HLT=0
ES =0030 0000000000000000 ffffffff 00cf9300 DPL=0 DS   [-WA]
CS =0038 0000000000000000 ffffffff 00af9a00 DPL=0 CS64 [-R-]
SS =0030 0000000000000000 ffffffff 00cf9300 DPL=0 DS   [-WA]
DS =0030 0000000000000000 ffffffff 00cf9300 DPL=0 DS   [-WA]
FS =0030 0000000000000000 ffffffff 00cf9300 DPL=0 DS   [-WA]
GS =0030 0000000000000000 ffffffff 00cf9300 DPL=0 DS   [-WA]
LDT=0000 0000000000000000 0000ffff 00008200 DPL=0 LDT
TR =0000 0000000000000000 0000ffff 00008b00 DPL=0 TSS64-busy
GDT=     000000001f5dc000 00000047
IDT=     000000001efa4018 00000fff
CR0=80010033 CR2=0000000000000000 CR3=000000001f801000 CR4=00000668
DR0=0000000000000000 DR1=0000000000000000 DR2=0000000000000000 DR3=0000000000000000 
DR6=00000000ffff0ff0 DR7=0000000000000400
CCS=0000000000000044 CCD=0000000000000000 CCO=EFLAGS
EFER=0000000000000d00
Servicing hardware INT=0x20
    70: v=20 e=0000 i=0 cpl=0 IP=0038:000000001e6dee6d pc=000000001e6dee6d SP=0030:000000001fe657d0 env->regs[R_EAX]=0000000000000013
RAX=0000000000000013 RBX=00000000006a711b RCX=000000000000b008 RDX=00000000006a7108
RSI=000000001fe658af RDI=000000001e5cc018 RBP=000000001fe65800 RSP=000000001fe657d0
R8 =0000000000000004 R9 =0000000000000064 R10=000000000000004f R11=000000001e73d980
R12=000000000000079d R13=000000001fe658af R14=000000001e6e2bd0 R15=0000000000000001
RIP=000000001e6dee6d RFL=00000202 [-------] CPL=0 II=0 A20=1 SMM=0 HLT=0
ES =0030 0000000000000000 ffffffff 00cf9300 DPL=0 DS   [-WA]
CS =0038 0000000000000000 ffffffff 00af9a00 DPL=0 CS64 [-R-]
SS =0030 0000000000000000 ffffffff 00cf9300 DPL=0 DS   [-WA]
DS =0030 0000000000000000 ffffffff 00cf9300 DPL=0 DS   [-WA]
FS =0030 0000000000000000 ffffffff 00cf9300 DPL=0 DS   [-WA]
GS =0030 0000000000000000 ffffffff 00cf9300 DPL=0 DS   [-WA]
LDT=0000 0000000000000000 0000ffff 00008200 DPL=0 LDT
TR =0000 0000000000000000 0000ffff 00008b00 DPL=0 TSS64-busy
GDT=     000000001f5dc000 00000047
IDT=     000000001efa4018 00000fff
CR0=80010033 CR2=0000000000000000 CR3=000000001f801000 CR4=00000668
DR0=0000000000000000 DR1=0000000000000000 DR2=0000000000000000 DR3=0000000000000000 
DR6=00000000ffff0ff0 DR7=0000000000000400
CCS=0000000000000000 CCD=0000000000000013 CCO=EFLAGS
EFER=0000000000000d00
Servicing hardware INT=0x20
    71: v=20 e=0000 i=0 cpl=0 IP=0038:000000001e6dee6d pc=000000001e6dee6d SP=0030:000000001fe657d0 env->regs[R_EAX]=0000000000000020
RAX=0000000000000020 RBX=00000000006af689 RCX=000000000000b008 RDX=00000000006af669
RSI=000000001fe658af RDI=000000001e5cc018 RBP=000000001fe65800 RSP=000000001fe657d0
R8 =0000000000000004 R9 =0000000000000064 R10=000000000000004f R11=000000001e73d980
R12=000000000000066f R13=000000001fe658af R14=000000001e6e2bd0 R15=0000000000000001
RIP=000000001e6dee6d RFL=00000202 [-------] CPL=0 II=0 A20=1 SMM=0 HLT=0
ES =0030 0000000000000000 ffffffff 00cf9300 DPL=0 DS   [-WA]
CS =0038 0000000000000000 ffffffff 00af9a00 DPL=0 CS64 [-R-]
SS =0030 0000000000000000 ffffffff 00cf9300 DPL=0 DS   [-WA]
DS =0030 0000000000000000 ffffffff 00cf9300 DPL=0 DS   [-WA]
FS =0030 0000000000000000 ffffffff 00cf9300 DPL=0 DS   [-WA]
GS =0030 0000000000000000 ffffffff 00cf9300 DPL=0 DS   [-WA]
LDT=0000 0000000000000000 0000ffff 00008200 DPL=0 LDT
TR =0000 0000000000000000 0000ffff 00008b00 DPL=0 TSS64-busy
GDT=     000000001f5dc000 00000047
IDT=     000000001efa4018 00000fff
CR0=80010033 CR2=0000000000000000 CR3=000000001f801000 CR4=00000668
DR0=0000000000000000 DR1=0000000000000000 DR2=0000000000000000 DR3=0000000000000000 
DR6=00000000ffff0ff0 DR7=0000000000000400
CCS=0000000000000000 CCD=0000000000000020 CCO=EFLAGS
EFER=0000000000000d00
Servicing hardware INT=0x20
    72: v=20 e=0000 i=0 cpl=0 IP=0038:000000001e6dee6d pc=000000001e6dee6d SP=0030:000000001fe657d0 env->regs[R_EAX]=000000000000000f
RAX=000000000000000f RBX=00000000006b827d RCX=000000000000b008 RDX=00000000006b826e
RSI=000000001fe658af RDI=000000001e5cc018 RBP=000000001fe65800 RSP=000000001fe657d0
R8 =0000000000000004 R9 =0000000000000064 R10=000000000000004f R11=000000001e73d980
R12=000000000000052e R13=000000001fe658af R14=000000001e6e2bd0 R15=0000000000000001
RIP=000000001e6dee6d RFL=00000206 [-----P-] CPL=0 II=0 A20=1 SMM=0 HLT=0
ES =0030 0000000000000000 ffffffff 00cf9300 DPL=0 DS   [-WA]
CS =0038 0000000000000000 ffffffff 00af9a00 DPL=0 CS64 [-R-]
SS =0030 0000000000000000 ffffffff 00cf9300 DPL=0 DS   [-WA]
DS =0030 0000000000000000 ffffffff 00cf9300 DPL=0 DS   [-WA]
FS =0030 0000000000000000 ffffffff 00cf9300 DPL=0 DS   [-WA]
GS =0030 0000000000000000 ffffffff 00cf9300 DPL=0 DS   [-WA]
LDT=0000 0000000000000000 0000ffff 00008200 DPL=0 LDT
TR =0000 0000000000000000 0000ffff 00008b00 DPL=0 TSS64-busy
GDT=     000000001f5dc000 00000047
IDT=     000000001efa4018 00000fff
CR0=80010033 CR2=0000000000000000 CR3=000000001f801000 CR4=00000668
DR0=0000000000000000 DR1=0000000000000000 DR2=0000000000000000 DR3=0000000000000000 
DR6=00000000ffff0ff0 DR7=0000000000000400
CCS=0000000000000004 CCD=000000000000000f CCO=EFLAGS
EFER=0000000000000d00
Servicing hardware INT=0x20
    73: v=20 e=0000 i=0 cpl=0 IP=0038:000000001e6dee6d pc=000000001e6dee6d SP=0030:000000001fe657d0 env->regs[R_EAX]=0000000000000035
RAX=0000000000000035 RBX=00000000006c0ec1 RCX=000000000000b008 RDX=00000000006c0e8c
RSI=000000001fe658af RDI=000000001e5cc018 RBP=000000001fe65800 RSP=000000001fe657d0
R8 =0000000000000004 R9 =0000000000000064 R10=000000000000004f R11=000000001e73d980
R12=00000000000003ef R13=000000001fe658af R14=000000001e6e2bd0 R15=0000000000000001
RIP=000000001e6dee6d RFL=00000206 [-----P-] CPL=0 II=0 A20=1 SMM=0 HLT=0
ES =0030 0000000000000000 ffffffff 00cf9300 DPL=0 DS   [-WA]
CS =0038 0000000000000000 ffffffff 00af9a00 DPL=0 CS64 [-R-]
SS =0030 0000000000000000 ffffffff 00cf9300 DPL=0 DS   [-WA]
DS =0030 0000000000000000 ffffffff 00cf9300 DPL=0 DS   [-WA]
FS =0030 0000000000000000 ffffffff 00cf9300 DPL=0 DS   [-WA]
GS =0030 0000000000000000 ffffffff 00cf9300 DPL=0 DS   [-WA]
LDT=0000 0000000000000000 0000ffff 00008200 DPL=0 LDT
TR =0000 0000000000000000 0000ffff 00008b00 DPL=0 TSS64-busy
GDT=     000000001f5dc000 00000047
IDT=     000000001efa4018 00000fff
CR0=80010033 CR2=0000000000000000 CR3=000000001f801000 CR4=00000668
DR0=0000000000000000 DR1=0000000000000000 DR2=0000000000000000 DR3=0000000000000000 
DR6=00000000ffff0ff0 DR7=0000000000000400
CCS=0000000000000004 CCD=0000000000000035 CCO=EFLAGS
EFER=0000000000000d00
Servicing hardware INT=0x20
    74: v=20 e=0000 i=0 cpl=0 IP=0038:000000001e6dee6d pc=000000001e6dee6d SP=0030:000000001fe657d0 env->regs[R_EAX]=000000000000000e
RAX=000000000000000e RBX=00000000006c8c1b RCX=000000000000b008 RDX=00000000006c8c0d
RSI=000000001fe658af RDI=000000001e5cc018 RBP=000000001fe65800 RSP=000000001fe657d0
R8 =0000000000000004 R9 =0000000000000064 R10=000000000000004f R11=000000001e73d980
R12=00000000000002d1 R13=000000001fe658af R14=000000001e6e2bd0 R15=0000000000000001
RIP=000000001e6dee6d RFL=00000202 [-------] CPL=0 II=0 A20=1 SMM=0 HLT=0
ES =0030 0000000000000000 ffffffff 00cf9300 DPL=0 DS   [-WA]
CS =0038 0000000000000000 ffffffff 00af9a00 DPL=0 CS64 [-R-]
SS =0030 0000000000000000 ffffffff 00cf9300 DPL=0 DS   [-WA]
DS =0030 0000000000000000 ffffffff 00cf9300 DPL=0 DS   [-WA]
FS =0030 0000000000000000 ffffffff 00cf9300 DPL=0 DS   [-WA]
GS =0030 0000000000000000 ffffffff 00cf9300 DPL=0 DS   [-WA]
LDT=0000 0000000000000000 0000ffff 00008200 DPL=0 LDT
TR =0000 0000000000000000 0000ffff 00008b00 DPL=0 TSS64-busy
GDT=     000000001f5dc000 00000047
IDT=     000000001efa4018 00000fff
CR0=80010033 CR2=0000000000000000 CR3=000000001f801000 CR4=00000668
DR0=0000000000000000 DR1=0000000000000000 DR2=0000000000000000 DR3=0000000000000000 
DR6=00000000ffff0ff0 DR7=0000000000000400
CCS=0000000000000000 CCD=000000000000000e CCO=EFLAGS
EFER=0000000000000d00
Servicing hardware INT=0x20
    75: v=20 e=0000 i=0 cpl=0 IP=0038:000000001e6dee6d pc=000000001e6dee6d SP=0030:000000001fe657d0 env->regs[R_EAX]=000000000000000f
RAX=000000000000000f RBX=00000000006d25d2 RCX=000000000000b008 RDX=00000000006d25c3
RSI=000000001fe658af RDI=000000001e5cc018 RBP=000000001fe65800 RSP=000000001fe657d0
R8 =0000000000000004 R9 =0000000000000064 R10=000000000000004f R11=000000001e73d980
R12=0000000000000173 R13=000000001fe658af R14=000000001e6e2bd0 R15=0000000000000001
RIP=000000001e6dee6d RFL=00000206 [-----P-] CPL=0 II=0 A20=1 SMM=0 HLT=0
ES =0030 0000000000000000 ffffffff 00cf9300 DPL=0 DS   [-WA]
CS =0038 0000000000000000 ffffffff 00af9a00 DPL=0 CS64 [-R-]
SS =0030 0000000000000000 ffffffff 00cf9300 DPL=0 DS   [-WA]
DS =0030 0000000000000000 ffffffff 00cf9300 DPL=0 DS   [-WA]
FS =0030 0000000000000000 ffffffff 00cf9300 DPL=0 DS   [-WA]
GS =0030 0000000000000000 ffffffff 00cf9300 DPL=0 DS   [-WA]
LDT=0000 0000000000000000 0000ffff 00008200 DPL=0 LDT
TR =0000 0000000000000000 0000ffff 00008b00 DPL=0 TSS64-busy
GDT=     000000001f5dc000 00000047
IDT=     000000001efa4018 00000fff
CR0=80010033 CR2=0000000000000000 CR3=000000001f801000 CR4=00000668
DR0=0000000000000000 DR1=0000000000000000 DR2=0000000000000000 DR3=0000000000000000 
DR6=00000000ffff0ff0 DR7=0000000000000400
CCS=0000000000000004 CCD=000000000000000f CCO=EFLAGS
EFER=0000000000000d00
Servicing hardware INT=0x20
    76: v=20 e=0000 i=0 cpl=0 IP=0038:000000001e6dee6d pc=000000001e6dee6d SP=0030:000000001fe657d0 env->regs[R_EAX]=0000000000000057
RAX=0000000000000057 RBX=00000000006db1e4 RCX=000000000000b008 RDX=00000000006db18d
RSI=000000001fe658af RDI=000000001e5cc018 RBP=000000001fe65800 RSP=000000001fe657d0
R8 =0000000000000004 R9 =0000000000000064 R10=000000000000004f R11=000000001e73d980
R12=0000000000000037 R13=000000001fe658af R14=000000001e6e2bd0 R15=0000000000000001
RIP=000000001e6dee6d RFL=00000202 [-------] CPL=0 II=0 A20=1 SMM=0 HLT=0
ES =0030 0000000000000000 ffffffff 00cf9300 DPL=0 DS   [-WA]
CS =0038 0000000000000000 ffffffff 00af9a00 DPL=0 CS64 [-R-]
SS =0030 0000000000000000 ffffffff 00cf9300 DPL=0 DS   [-WA]
DS =0030 0000000000000000 ffffffff 00cf9300 DPL=0 DS   [-WA]
FS =0030 0000000000000000 ffffffff 00cf9300 DPL=0 DS   [-WA]
GS =0030 0000000000000000 ffffffff 00cf9300 DPL=0 DS   [-WA]
LDT=0000 0000000000000000 0000ffff 00008200 DPL=0 LDT
TR =0000 0000000000000000 0000ffff 00008b00 DPL=0 TSS64-busy
GDT=     000000001f5dc000 00000047
IDT=     000000001efa4018 00000fff
CR0=80010033 CR2=0000000000000000 CR3=000000001f801000 CR4=00000668
DR0=0000000000000000 DR1=0000000000000000 DR2=0000000000000000 DR3=0000000000000000 
DR6=00000000ffff0ff0 DR7=0000000000000400
CCS=0000000000000000 CCD=0000000000000057 CCO=EFLAGS
EFER=0000000000000d00
Servicing hardware INT=0x20
    77: v=20 e=0000 i=0 cpl=0 IP=0038:000000001f6e6cfc pc=000000001f6e6cfc SP=0030:000000001fe656d0 env->regs[R_EAX]=0000000000000000
RAX=0000000000000000 RBX=00000000ffc0eac2 RCX=0000000000000101 RDX=0000000000000000
RSI=0000000000000010 RDI=00000000ffc0eac2 RBP=000000001fe65700 RSP=000000001fe656d0
R8 =0000000000000ac2 R9 =000000001fe657c8 R10=000000001f598340 R11=000000001f6e6d92
R12=00000000ffc0eac2 R13=0000000000000010 R14=0000000000000000 R15=000000001fe657c8
RIP=000000001f6e6cfc RFL=00000246 [---Z-P-] CPL=0 II=0 A20=1 SMM=0 HLT=0
ES =0030 0000000000000000 ffffffff 00cf9300 DPL=0 DS   [-WA]
CS =0038 0000000000000000 ffffffff 00af9a00 DPL=0 CS64 [-R-]
SS =0030 0000000000000000 ffffffff 00cf9300 DPL=0 DS   [-WA]
DS =0030 0000000000000000 ffffffff 00cf9300 DPL=0 DS   [-WA]
FS =0030 0000000000000000 ffffffff 00cf9300 DPL=0 DS   [-WA]
GS =0030 0000000000000000 ffffffff 00cf9300 DPL=0 DS   [-WA]
LDT=0000 0000000000000000 0000ffff 00008200 DPL=0 LDT
TR =0000 0000000000000000 0000ffff 00008b00 DPL=0 TSS64-busy
GDT=     000000001f5dc000 00000047
IDT=     000000001efa4018 00000fff
CR0=80010033 CR2=0000000000000000 CR3=000000001f801000 CR4=00000668
DR0=0000000000000000 DR1=0000000000000000 DR2=0000000000000000 DR3=0000000000000000 
DR6=00000000ffff0ff0 DR7=0000000000000400
CCS=0000000000000044 CCD=0000000000000000 CCO=EFLAGS
EFER=0000000000000d00
Servicing hardware INT=0x20
    78: v=20 e=0000 i=0 cpl=0 IP=0038:000000001f6e6cfc pc=000000001f6e6cfc SP=0030:000000001fe656d0 env->regs[R_EAX]=0000000000000000
RAX=0000000000000000 RBX=00000000ffc0ebc4 RCX=0000000000000101 RDX=0000000000000000
RSI=0000000000000010 RDI=00000000ffc0ec7e RBP=000000001fe65700 RSP=000000001fe656d0
R8 =0000000000000bc4 R9 =000000001fe657c8 R10=000000001f598ad8 R11=000000001f6e6d92
R12=00000000ffc0ec7e R13=0000000000000010 R14=00000000000000ba R15=000000001fe657c8
RIP=000000001f6e6cfc RFL=00000246 [---Z-P-] CPL=0 II=0 A20=1 SMM=0 HLT=0
ES =0030 0000000000000000 ffffffff 00cf9300 DPL=0 DS   [-WA]
CS =0038 0000000000000000 ffffffff 00af9a00 DPL=0 CS64 [-R-]
SS =0030 0000000000000000 ffffffff 00cf9300 DPL=0 DS   [-WA]
DS =0030 0000000000000000 ffffffff 00cf9300 DPL=0 DS   [-WA]
FS =0030 0000000000000000 ffffffff 00cf9300 DPL=0 DS   [-WA]
GS =0030 0000000000000000 ffffffff 00cf9300 DPL=0 DS   [-WA]
LDT=0000 0000000000000000 0000ffff 00008200 DPL=0 LDT
TR =0000 0000000000000000 0000ffff 00008b00 DPL=0 TSS64-busy
GDT=     000000001f5dc000 00000047
IDT=     000000001efa4018 00000fff
CR0=80010033 CR2=0000000000000000 CR3=000000001f801000 CR4=00000668
DR0=0000000000000000 DR1=0000000000000000 DR2=0000000000000000 DR3=0000000000000000 
DR6=00000000ffff0ff0 DR7=0000000000000400
CCS=0000000000000044 CCD=0000000000000000 CCO=EFLAGS
EFER=0000000000000d00
Servicing hardware INT=0x20
    79: v=20 e=0000 i=0 cpl=0 IP=0038:000000001f6e6cfc pc=000000001f6e6cfc SP=0030:000000001fe656d0 env->regs[R_EAX]=0000000000000000
RAX=0000000000000000 RBX=00000000ffc0ec8a RCX=0000000000000101 RDX=0000000000000000
RSI=0000000000000010 RDI=00000000ffc0ec8a RBP=000000001fe65700 RSP=000000001fe656d0
R8 =0000000000000c8a R9 =000000001fe657c8 R10=000000001f5985c8 R11=000000001f6e6d92
R12=00000000ffc0ec8a R13=0000000000000010 R14=0000000000000000 R15=000000001fe657c8
RIP=000000001f6e6cfc RFL=00000246 [---Z-P-] CPL=0 II=0 A20=1 SMM=0 HLT=0
ES =0030 0000000000000000 ffffffff 00cf9300 DPL=0 DS   [-WA]
CS =0038 0000000000000000 ffffffff 00af9a00 DPL=0 CS64 [-R-]
SS =0030 0000000000000000 ffffffff 00cf9300 DPL=0 DS   [-WA]
DS =0030 0000000000000000 ffffffff 00cf9300 DPL=0 DS   [-WA]
FS =0030 0000000000000000 ffffffff 00cf9300 DPL=0 DS   [-WA]
GS =0030 0000000000000000 ffffffff 00cf9300 DPL=0 DS   [-WA]
LDT=0000 0000000000000000 0000ffff 00008200 DPL=0 LDT
TR =0000 0000000000000000 0000ffff 00008b00 DPL=0 TSS64-busy
GDT=     000000001f5dc000 00000047
IDT=     000000001efa4018 00000fff
CR0=80010033 CR2=0000000000000000 CR3=000000001f801000 CR4=00000668
DR0=0000000000000000 DR1=0000000000000000 DR2=0000000000000000 DR3=0000000000000000 
DR6=00000000ffff0ff0 DR7=0000000000000400
CCS=0000000000000044 CCD=0000000000000000 CCO=EFLAGS
EFER=0000000000000d00
Servicing hardware INT=0x20
    80: v=20 e=0000 i=0 cpl=0 IP=0038:000000001f6e6cfc pc=000000001f6e6cfc SP=0030:000000001fe656d0 env->regs[R_EAX]=0000000000000000
RAX=0000000000000000 RBX=00000000ffc0ed5c RCX=0000000000000101 RDX=0000000000000000
RSI=0000000000000010 RDI=00000000ffc0edb8 RBP=000000001fe65700 RSP=000000001fe656d0
R8 =0000000000000d5c R9 =000000001fe657c8 R10=000000001f598ca0 R11=000000001f6e6d92
R12=00000000ffc0edb8 R13=0000000000000010 R14=000000000000005c R15=000000001fe657c8
RIP=000000001f6e6cfc RFL=00000246 [---Z-P-] CPL=0 II=0 A20=1 SMM=0 HLT=0
ES =0030 0000000000000000 ffffffff 00cf9300 DPL=0 DS   [-WA]
CS =0038 0000000000000000 ffffffff 00af9a00 DPL=0 CS64 [-R-]
SS =0030 0000000000000000 ffffffff 00cf9300 DPL=0 DS   [-WA]
DS =0030 0000000000000000 ffffffff 00cf9300 DPL=0 DS   [-WA]
FS =0030 0000000000000000 ffffffff 00cf9300 DPL=0 DS   [-WA]
GS =0030 0000000000000000 ffffffff 00cf9300 DPL=0 DS   [-WA]
LDT=0000 0000000000000000 0000ffff 00008200 DPL=0 LDT
TR =0000 0000000000000000 0000ffff 00008b00 DPL=0 TSS64-busy
GDT=     000000001f5dc000 00000047
IDT=     000000001efa4018 00000fff
CR0=80010033 CR2=0000000000000000 CR3=000000001f801000 CR4=00000668
DR0=0000000000000000 DR1=0000000000000000 DR2=0000000000000000 DR3=0000000000000000 
DR6=00000000ffff0ff0 DR7=0000000000000400
CCS=0000000000000044 CCD=0000000000000000 CCO=EFLAGS
EFER=0000000000000d00
Servicing hardware INT=0x20
    81: v=20 e=0000 i=0 cpl=0 IP=0038:000000001fe66c47 pc=000000001fe66c47 SP=0030:000000001fe656a0 env->regs[R_EAX]=00000000090cc000
RAX=00000000090cc000 RBX=000000001f4e4220 RCX=000000001fe8a148 RDX=719f1e26090cc000
RSI=0000000000000000 RDI=000000001fe8a140 RBP=000000001fe65700 RSP=000000001fe656a0
R8 =000000001e5cb018 R9 =000000001e5cb018 R10=0000000000000000 R11=000000001e73d930
R12=000000001f4e4218 R13=0000000000000000 R14=000000001fe8a0e0 R15=000000001fe844d1
RIP=000000001fe66c47 RFL=00000206 [-----P-] CPL=0 II=0 A20=1 SMM=0 HLT=0
ES =0030 0000000000000000 ffffffff 00cf9300 DPL=0 DS   [-WA]
CS =0038 0000000000000000 ffffffff 00af9a00 DPL=0 CS64 [-R-]
SS =0030 0000000000000000 ffffffff 00cf9300 DPL=0 DS   [-WA]
DS =0030 0000000000000000 ffffffff 00cf9300 DPL=0 DS   [-WA]
FS =0030 0000000000000000 ffffffff 00cf9300 DPL=0 DS   [-WA]
GS =0030 0000000000000000 ffffffff 00cf9300 DPL=0 DS   [-WA]
LDT=0000 0000000000000000 0000ffff 00008200 DPL=0 LDT
TR =0000 0000000000000000 0000ffff 00008b00 DPL=0 TSS64-busy
GDT=     000000001f5dc000 00000047
IDT=     000000001efa4018 00000fff
CR0=80010033 CR2=0000000000000000 CR3=000000001f801000 CR4=00000668
DR0=0000000000000000 DR1=0000000000000000 DR2=0000000000000000 DR3=0000000000000000 
DR6=00000000ffff0ff0 DR7=0000000000000400
CCS=0000000000000004 CCD=719f1e26090cc000 CCO=EFLAGS
EFER=0000000000000d00
Servicing hardware INT=0x20
    82: v=20 e=0000 i=0 cpl=0 IP=0038:000000001fe6662e pc=000000001fe6662e SP=0030:000000001fe65980 env->regs[R_EAX]=000000001e5e5d18
RAX=000000001e5e5d18 RBX=000000001e5e5d20 RCX=0000000000000010 RDX=000000001e5cb698
RSI=000000001fe65ac8 RDI=000000001e66f998 RBP=000000001fe659a0 RSP=000000001fe65980
R8 =000000001e5cbd18 R9 =0000000000000000 R10=000000001fe8afc0 R11=000000001e73d980
R12=000000001e66f998 R13=000000001fe8a250 R14=000000001fe844d1 R15=000000001e5cb698
RIP=000000001fe6662e RFL=00000246 [---Z-P-] CPL=0 II=0 A20=1 SMM=0 HLT=0
ES =0030 0000000000000000 ffffffff 00cf9300 DPL=0 DS   [-WA]
CS =0038 0000000000000000 ffffffff 00af9a00 DPL=0 CS64 [-R-]
SS =0030 0000000000000000 ffffffff 00cf9300 DPL=0 DS   [-WA]
DS =0030 0000000000000000 ffffffff 00cf9300 DPL=0 DS   [-WA]
FS =0030 0000000000000000 ffffffff 00cf9300 DPL=0 DS   [-WA]
GS =0030 0000000000000000 ffffffff 00cf9300 DPL=0 DS   [-WA]
LDT=0000 0000000000000000 0000ffff 00008200 DPL=0 LDT
TR =0000 0000000000000000 0000ffff 00008b00 DPL=0 TSS64-busy
GDT=     000000001f5dc000 00000047
IDT=     000000001efa4018 00000fff
CR0=80010033 CR2=0000000000000000 CR3=000000001f801000 CR4=00000668
DR0=0000000000000000 DR1=0000000000000000 DR2=0000000000000000 DR3=0000000000000000 
DR6=00000000ffff0ff0 DR7=0000000000000400
CCS=0000000000000044 CCD=0000000000000000 CCO=EFLAGS
EFER=0000000000000d00
Servicing hardware INT=0x20
    83: v=20 e=0000 i=0 cpl=0 IP=0038:000000001fe66c03 pc=000000001fe66c03 SP=0030:000000001fe658c0 env->regs[R_EAX]=00000000090cc000
RAX=00000000090cc000 RBX=000000001efc2a20 RCX=000000001fe8a148 RDX=719f1e26090cc000
RSI=0000000000000000 RDI=000000001fe8a140 RBP=000000001fe65900 RSP=000000001fe658c0
R8 =0000000000000000 R9 =000000001fe65ab0 R10=000000001fe8afc0 R11=000000001e73d980
R12=000000001efc2e18 R13=0000000000000000 R14=000000001fe8a0e0 R15=000000001fe844d1
RIP=000000001fe66c03 RFL=00000246 [---Z-P-] CPL=0 II=0 A20=1 SMM=0 HLT=0
ES =0030 0000000000000000 ffffffff 00cf9300 DPL=0 DS   [-WA]
CS =0038 0000000000000000 ffffffff 00af9a00 DPL=0 CS64 [-R-]
SS =0030 0000000000000000 ffffffff 00cf9300 DPL=0 DS   [-WA]
DS =0030 0000000000000000 ffffffff 00cf9300 DPL=0 DS   [-WA]
FS =0030 0000000000000000 ffffffff 00cf9300 DPL=0 DS   [-WA]
GS =0030 0000000000000000 ffffffff 00cf9300 DPL=0 DS   [-WA]
LDT=0000 0000000000000000 0000ffff 00008200 DPL=0 LDT
TR =0000 0000000000000000 0000ffff 00008b00 DPL=0 TSS64-busy
GDT=     000000001f5dc000 00000047
IDT=     000000001efa4018 00000fff
CR0=80010033 CR2=0000000000000000 CR3=000000001f801000 CR4=00000668
DR0=0000000000000000 DR1=0000000000000000 DR2=0000000000000000 DR3=0000000000000000 
DR6=00000000ffff0ff0 DR7=0000000000000400
CCS=0000000000000044 CCD=00000000090cc000 CCO=EFLAGS
EFER=0000000000000d00
Servicing hardware INT=0x20
    84: v=20 e=0000 i=0 cpl=0 IP=0038:000000001ea2f3b1 pc=000000001ea2f3b1 SP=0030:000000001fe65660 env->regs[R_EAX]=0000000000000001
RAX=0000000000000001 RBX=0000000070108086 RCX=0000000000000001 RDX=0000000000000cf8
RSI=0000000000000001 RDI=0000000000000000 RBP=000000001fe656c0 RSP=000000001fe65660
R8 =0000000000000000 R9 =0000000000000cf8 R10=000000001e44ab3d R11=000000001e73d931
R12=000000001fe658b0 R13=0000000000000000 R14=0000000000009000 R15=0000000000000004
RIP=000000001ea2f3b1 RFL=00000202 [-------] CPL=0 II=0 A20=1 SMM=0 HLT=0
ES =0030 0000000000000000 ffffffff 00cf9300 DPL=0 DS   [-WA]
CS =0038 0000000000000000 ffffffff 00af9a00 DPL=0 CS64 [-R-]
SS =0030 0000000000000000 ffffffff 00cf9300 DPL=0 DS   [-WA]
DS =0030 0000000000000000 ffffffff 00cf9300 DPL=0 DS   [-WA]
FS =0030 0000000000000000 ffffffff 00cf9300 DPL=0 DS   [-WA]
GS =0030 0000000000000000 ffffffff 00cf9300 DPL=0 DS   [-WA]
LDT=0000 0000000000000000 0000ffff 00008200 DPL=0 LDT
TR =0000 0000000000000000 0000ffff 00008b00 DPL=0 TSS64-busy
GDT=     000000001f5dc000 00000047
IDT=     000000001efa4018 00000fff
CR0=80010033 CR2=0000000000000000 CR3=000000001f801000 CR4=00000668
DR0=0000000000000000 DR1=0000000000000000 DR2=0000000000000000 DR3=0000000000000000 
DR6=00000000ffff0ff0 DR7=0000000000000400
CCS=0000000000000038 CCD=0000000000000001 CCO=LOGICB
EFER=0000000000000d00
Servicing hardware INT=0x20
    85: v=20 e=0000 i=0 cpl=0 IP=0038:000000001e6d3862 pc=000000001e6d3862 SP=0030:000000001fe65590 env->regs[R_EAX]=000000000000037c
RAX=000000000000037c RBX=00000000000003e8 RCX=000000000000b008 RDX=0000000000732118
RSI=0000000000732494 RDI=000000001e5cb820 RBP=000000001fe655c0 RSP=000000001fe65590
R8 =000000001fe655e0 R9 =00000000000001f6 R10=0000000000000000 R11=0000000000000000
R12=0000000000000000 R13=00000000000000f0 R14=00000000fffffff0 R15=0000000000008010
RIP=000000001e6d3862 RFL=00000202 [-------] CPL=0 II=0 A20=1 SMM=0 HLT=0
ES =0030 0000000000000000 ffffffff 00cf9300 DPL=0 DS   [-WA]
CS =0038 0000000000000000 ffffffff 00af9a00 DPL=0 CS64 [-R-]
SS =0030 0000000000000000 ffffffff 00cf9300 DPL=0 DS   [-WA]
DS =0030 0000000000000000 ffffffff 00cf9300 DPL=0 DS   [-WA]
FS =0030 0000000000000000 ffffffff 00cf9300 DPL=0 DS   [-WA]
GS =0030 0000000000000000 ffffffff 00cf9300 DPL=0 DS   [-WA]
LDT=0000 0000000000000000 0000ffff 00008200 DPL=0 LDT
TR =0000 0000000000000000 0000ffff 00008b00 DPL=0 TSS64-busy
GDT=     000000001f5dc000 00000047
IDT=     000000001efa4018 00000fff
CR0=80010033 CR2=0000000000000000 CR3=000000001f801000 CR4=00000668
DR0=0000000000000000 DR1=0000000000000000 DR2=0000000000000000 DR3=0000000000000000 
DR6=00000000ffff0ff0 DR7=0000000000000400
CCS=0000000000000000 CCD=000000000000037c CCO=EFLAGS
EFER=0000000000000d00
Servicing hardware INT=0x20
    86: v=20 e=0000 i=0 cpl=0 IP=0038:000000001e6ff70e pc=000000001e6ff70e SP=0030:000000001fe657d0 env->regs[R_EAX]=000000001fe6583a
RAX=000000001fe6583a RBX=000000001e5c6a18 RCX=0000000000000000 RDX=0000000000000006
RSI=000000001e5c4000 RDI=0000000000000060 RBP=000000001fe65910 RSP=000000001fe657d0
R8 =000000001e5c4012 R9 =0000000000001000 R10=0000000000000013 R11=0000000000000002
R12=000000001e700e80 R13=000000001e5c6118 R14=000000001e5c5000 R15=0000000000000001
RIP=000000001e6ff70e RFL=00000206 [-----P-] CPL=0 II=0 A20=1 SMM=0 HLT=0
ES =0030 0000000000000000 ffffffff 00cf9300 DPL=0 DS   [-WA]
CS =0038 0000000000000000 ffffffff 00af9a00 DPL=0 CS64 [-R-]
SS =0030 0000000000000000 ffffffff 00cf9300 DPL=0 DS   [-WA]
DS =0030 0000000000000000 ffffffff 00cf9300 DPL=0 DS   [-WA]
FS =0030 0000000000000000 ffffffff 00cf9300 DPL=0 DS   [-WA]
GS =0030 0000000000000000 ffffffff 00cf9300 DPL=0 DS   [-WA]
LDT=0000 0000000000000000 0000ffff 00008200 DPL=0 LDT
TR =0000 0000000000000000 0000ffff 00008b00 DPL=0 TSS64-busy
GDT=     000000001f5dc000 00000047
IDT=     000000001efa4018 00000fff
CR0=80010033 CR2=0000000000000000 CR3=000000001f801000 CR4=00000668
DR0=0000000000000000 DR1=0000000000000000 DR2=0000000000000000 DR3=0000000000000000 
DR6=00000000ffff0ff0 DR7=0000000000000400
CCS=0000000000000004 CCD=0000000000000006 CCO=EFLAGS
EFER=0000000000000d00
Servicing hardware INT=0x20
    87: v=20 e=0000 i=0 cpl=0 IP=0038:000000001e72974a pc=000000001e72974a SP=0030:000000001fe65818 env->regs[R_EAX]=0000000000000000
RAX=0000000000000000 RBX=0000000000000000 RCX=000000001e72c5a0 RDX=000000001e5c6918
RSI=0000000000000020 RDI=0000000000000001 RBP=000000001fe65910 RSP=000000001fe65818
R8 =0000000000000000 R9 =0000000000000030 R10=000000001fe6578c R11=0000000000000001
R12=000000001e5c6318 R13=0000000000000000 R14=000000001e72c5a0 R15=0000000000000001
RIP=000000001e72974a RFL=00000246 [---Z-P-] CPL=0 II=0 A20=1 SMM=0 HLT=0
ES =0030 0000000000000000 ffffffff 00cf9300 DPL=0 DS   [-WA]
CS =0038 0000000000000000 ffffffff 00af9a00 DPL=0 CS64 [-R-]
SS =0030 0000000000000000 ffffffff 00cf9300 DPL=0 DS   [-WA]
DS =0030 0000000000000000 ffffffff 00cf9300 DPL=0 DS   [-WA]
FS =0030 0000000000000000 ffffffff 00cf9300 DPL=0 DS   [-WA]
GS =0030 0000000000000000 ffffffff 00cf9300 DPL=0 DS   [-WA]
LDT=0000 0000000000000000 0000ffff 00008200 DPL=0 LDT
TR =0000 0000000000000000 0000ffff 00008b00 DPL=0 TSS64-busy
GDT=     000000001f5dc000 00000047
IDT=     000000001efa4018 00000fff
CR0=80010033 CR2=0000000000000000 CR3=000000001f801000 CR4=00000668
DR0=0000000000000000 DR1=0000000000000000 DR2=0000000000000000 DR3=0000000000000000 
DR6=00000000ffff0ff0 DR7=0000000000000400
CCS=0000000000000044 CCD=0000000000000000 CCO=EFLAGS
EFER=0000000000000d00
Servicing hardware INT=0x20
    88: v=20 e=0000 i=0 cpl=0 IP=0038:000000001e6d3862 pc=000000001e6d3862 SP=0030:000000001fe65110 env->regs[R_EAX]=00000000000000a9
RAX=00000000000000a9 RBX=0000000000000190 RCX=000000000000b008 RDX=000000000074c662
RSI=000000000074c70b RDI=000000001fe65268 RBP=000000001fe65140 RSP=000000001fe65110
R8 =000000001fe65160 R9 =0000000000000177 R10=0000000000000000 R11=0000000000000000
R12=00000000000493e1 R13=0000000000000000 R14=000000001e5caaa0 R15=00000000ffffff00
RIP=000000001e6d3862 RFL=00000206 [-----P-] CPL=0 II=0 A20=1 SMM=0 HLT=0
ES =0030 0000000000000000 ffffffff 00cf9300 DPL=0 DS   [-WA]
CS =0038 0000000000000000 ffffffff 00af9a00 DPL=0 CS64 [-R-]
SS =0030 0000000000000000 ffffffff 00cf9300 DPL=0 DS   [-WA]
DS =0030 0000000000000000 ffffffff 00cf9300 DPL=0 DS   [-WA]
FS =0030 0000000000000000 ffffffff 00cf9300 DPL=0 DS   [-WA]
GS =0030 0000000000000000 ffffffff 00cf9300 DPL=0 DS   [-WA]
LDT=0000 0000000000000000 0000ffff 00008200 DPL=0 LDT
TR =0000 0000000000000000 0000ffff 00008b00 DPL=0 TSS64-busy
GDT=     000000001f5dc000 00000047
IDT=     000000001efa4018 00000fff
CR0=80010033 CR2=0000000000000000 CR3=000000001f801000 CR4=00000668
DR0=0000000000000000 DR1=0000000000000000 DR2=0000000000000000 DR3=0000000000000000 
DR6=00000000ffff0ff0 DR7=0000000000000400
CCS=0000000000000004 CCD=00000000000000a9 CCO=EFLAGS
EFER=0000000000000d00
Servicing hardware INT=0x20
    89: v=20 e=0000 i=0 cpl=0 IP=0038:000000001e6d3862 pc=000000001e6d3862 SP=0030:000000001fe65140 env->regs[R_EAX]=0000000000004c8f
RAX=0000000000004c8f RBX=0000000000002710 RCX=000000000000b008 RDX=0000000000755e57
RSI=000000000075aae6 RDI=000000001e5cab54 RBP=000000001fe65170 RSP=000000001fe65140
R8 =000000001fe65190 R9 =00000000000003f6 R10=0000000000000000 R11=0000000000000000
R12=000000000000c042 R13=0000000000000011 R14=000000000000c040 R15=0000000000000000
RIP=000000001e6d3862 RFL=00000202 [-------] CPL=0 II=0 A20=1 SMM=0 HLT=0
ES =0030 0000000000000000 ffffffff 00cf9300 DPL=0 DS   [-WA]
CS =0038 0000000000000000 ffffffff 00af9a00 DPL=0 CS64 [-R-]
SS =0030 0000000000000000 ffffffff 00cf9300 DPL=0 DS   [-WA]
DS =0030 0000000000000000 ffffffff 00cf9300 DPL=0 DS   [-WA]
FS =0030 0000000000000000 ffffffff 00cf9300 DPL=0 DS   [-WA]
GS =0030 0000000000000000 ffffffff 00cf9300 DPL=0 DS   [-WA]
LDT=0000 0000000000000000 0000ffff 00008200 DPL=0 LDT
TR =0000 0000000000000000 0000ffff 00008b00 DPL=0 TSS64-busy
GDT=     000000001f5dc000 00000047
IDT=     000000001efa4018 00000fff
CR0=80010033 CR2=0000000000000000 CR3=000000001f801000 CR4=00000668
DR0=0000000000000000 DR1=0000000000000000 DR2=0000000000000000 DR3=0000000000000000 
DR6=00000000ffff0ff0 DR7=0000000000000400
CCS=0000000000000000 CCD=0000000000004c8f CCO=EFLAGS
EFER=0000000000000d00
Servicing hardware INT=0x20
    90: v=20 e=0000 i=0 cpl=0 IP=0038:000000001e6d3862 pc=000000001e6d3862 SP=0030:000000001fe64f90 env->regs[R_EAX]=000000000000688c
RAX=000000000000688c RBX=0000000000002710 RCX=000000000000b008 RDX=000000000075e351
RSI=0000000000764bdd RDI=000000001e5cab54 RBP=000000001fe64fc0 RSP=000000001fe64f90
R8 =000000001fe64fe0 R9 =00000000000003f6 R10=0000000000000000 R11=0000000000000000
R12=000000000000c042 R13=0000000000000011 R14=000000000000c040 R15=0000000000000000
RIP=000000001e6d3862 RFL=00000202 [-------] CPL=0 II=0 A20=1 SMM=0 HLT=0
ES =0030 0000000000000000 ffffffff 00cf9300 DPL=0 DS   [-WA]
CS =0038 0000000000000000 ffffffff 00af9a00 DPL=0 CS64 [-R-]
SS =0030 0000000000000000 ffffffff 00cf9300 DPL=0 DS   [-WA]
DS =0030 0000000000000000 ffffffff 00cf9300 DPL=0 DS   [-WA]
FS =0030 0000000000000000 ffffffff 00cf9300 DPL=0 DS   [-WA]
GS =0030 0000000000000000 ffffffff 00cf9300 DPL=0 DS   [-WA]
LDT=0000 0000000000000000 0000ffff 00008200 DPL=0 LDT
TR =0000 0000000000000000 0000ffff 00008b00 DPL=0 TSS64-busy
GDT=     000000001f5dc000 00000047
IDT=     000000001efa4018 00000fff
CR0=80010033 CR2=0000000000000000 CR3=000000001f801000 CR4=00000668
DR0=0000000000000000 DR1=0000000000000000 DR2=0000000000000000 DR3=0000000000000000 
DR6=00000000ffff0ff0 DR7=0000000000000400
CCS=0000000000000000 CCD=000000000000688c CCO=EFLAGS
EFER=0000000000000d00
Servicing hardware INT=0x20
    91: v=20 e=0000 i=0 cpl=0 IP=0038:000000001e6d3862 pc=000000001e6d3862 SP=0030:000000001fe64f90 env->regs[R_EAX]=00000000000000c2
RAX=00000000000000c2 RBX=0000000000000064 RCX=000000000000b008 RDX=0000000000765ce2
RSI=0000000000765da4 RDI=000000001e5cab54 RBP=000000001fe64fc0 RSP=000000001fe64f90
R8 =000000001fe64faf R9 =000000000000c042 R10=0000000000000000 R11=0000000000000000
R12=000000000004baf1 R13=0000000000000011 R14=000000000000c040 R15=0000000000000000
RIP=000000001e6d3862 RFL=00000202 [-------] CPL=0 II=0 A20=1 SMM=0 HLT=0
ES =0030 0000000000000000 ffffffff 00cf9300 DPL=0 DS   [-WA]
CS =0038 0000000000000000 ffffffff 00af9a00 DPL=0 CS64 [-R-]
SS =0030 0000000000000000 ffffffff 00cf9300 DPL=0 DS   [-WA]
DS =0030 0000000000000000 ffffffff 00cf9300 DPL=0 DS   [-WA]
FS =0030 0000000000000000 ffffffff 00cf9300 DPL=0 DS   [-WA]
GS =0030 0000000000000000 ffffffff 00cf9300 DPL=0 DS   [-WA]
LDT=0000 0000000000000000 0000ffff 00008200 DPL=0 LDT
TR =0000 0000000000000000 0000ffff 00008b00 DPL=0 TSS64-busy
GDT=     000000001f5dc000 00000047
IDT=     000000001efa4018 00000fff
CR0=80010033 CR2=0000000000000000 CR3=000000001f801000 CR4=00000668
DR0=0000000000000000 DR1=0000000000000000 DR2=0000000000000000 DR3=0000000000000000 
DR6=00000000ffff0ff0 DR7=0000000000000400
CCS=0000000000000000 CCD=00000000000000c2 CCO=EFLAGS
EFER=0000000000000d00
Servicing hardware INT=0x20
    92: v=20 e=0000 i=0 cpl=0 IP=0038:000000001fe82e8c pc=000000001fe82e8c SP=0030:000000001fe64e80 env->regs[R_EAX]=00000000000000af
RAX=00000000000000af RBX=000000001e3f1000 RCX=0000000000000000 RDX=000000001e3f1000
RSI=000000001fe8bb60 RDI=000000001e402000 RBP=000000001fe64f10 RSP=000000001fe64e80
R8 =00000000000000af R9 =000000001e401fff R10=0000000000000000 R11=0000000000000000
R12=000000001e401fff R13=000000001e402000 R14=000000001eb42040 R15=000000001e401fff
RIP=000000001fe82e8c RFL=00000202 [-------] CPL=0 II=0 A20=1 SMM=0 HLT=0
ES =0030 0000000000000000 ffffffff 00cf9300 DPL=0 DS   [-WA]
CS =0038 0000000000000000 ffffffff 00af9a00 DPL=0 CS64 [-R-]
SS =0030 0000000000000000 ffffffff 00cf9300 DPL=0 DS   [-WA]
DS =0030 0000000000000000 ffffffff 00cf9300 DPL=0 DS   [-WA]
FS =0030 0000000000000000 ffffffff 00cf9300 DPL=0 DS   [-WA]
GS =0030 0000000000000000 ffffffff 00cf9300 DPL=0 DS   [-WA]
LDT=0000 0000000000000000 0000ffff 00008200 DPL=0 LDT
TR =0000 0000000000000000 0000ffff 00008b00 DPL=0 TSS64-busy
GDT=     000000001f5dc000 00000047
IDT=     000000001efa4018 00000fff
CR0=80010033 CR2=0000000000000000 CR3=000000001f801000 CR4=00000668
DR0=0000000000000000 DR1=0000000000000000 DR2=0000000000000000 DR3=0000000000000000 
DR6=00000000ffff0ff0 DR7=0000000000000400
CCS=0000000000000000 CCD=000000001fe64e68 CCO=EFLAGS
EFER=0000000000000d00
Servicing hardware INT=0x20
    93: v=20 e=0000 i=0 cpl=0 IP=0038:000000001e6d3862 pc=000000001e6d3862 SP=0030:000000001fe65130 env->regs[R_EAX]=00000000000011a6
RAX=00000000000011a6 RBX=0000000000002710 RCX=000000000000b008 RDX=00000000007778ee
RSI=0000000000778a94 RDI=000000001e5cab54 RBP=000000001fe65160 RSP=000000001fe65130
R8 =000000001fe65180 R9 =00000000000003f6 R10=0000000000000000 R11=0000000000000000
R12=000000000000c042 R13=0000000000000011 R14=000000000000c040 R15=0000000000000000
RIP=000000001e6d3862 RFL=00000206 [-----P-] CPL=0 II=0 A20=1 SMM=0 HLT=0
ES =0030 0000000000000000 ffffffff 00cf9300 DPL=0 DS   [-WA]
CS =0038 0000000000000000 ffffffff 00af9a00 DPL=0 CS64 [-R-]
SS =0030 0000000000000000 ffffffff 00cf9300 DPL=0 DS   [-WA]
DS =0030 0000000000000000 ffffffff 00cf9300 DPL=0 DS   [-WA]
FS =0030 0000000000000000 ffffffff 00cf9300 DPL=0 DS   [-WA]
GS =0030 0000000000000000 ffffffff 00cf9300 DPL=0 DS   [-WA]
LDT=0000 0000000000000000 0000ffff 00008200 DPL=0 LDT
TR =0000 0000000000000000 0000ffff 00008b00 DPL=0 TSS64-busy
GDT=     000000001f5dc000 00000047
IDT=     000000001efa4018 00000fff
CR0=80010033 CR2=0000000000000000 CR3=000000001f801000 CR4=00000668
DR0=0000000000000000 DR1=0000000000000000 DR2=0000000000000000 DR3=0000000000000000 
DR6=00000000ffff0ff0 DR7=0000000000000400
CCS=0000000000000004 CCD=00000000000011a6 CCO=EFLAGS
EFER=0000000000000d00
Servicing hardware INT=0x20
    94: v=20 e=0000 i=0 cpl=0 IP=0038:000000001e6d3862 pc=000000001e6d3862 SP=0030:000000001fe64f30 env->regs[R_EAX]=0000000000002b06
RAX=0000000000002b06 RBX=0000000000002710 RCX=000000000000b008 RDX=00000000007812d2
RSI=0000000000783dd8 RDI=000000001e5cab54 RBP=000000001fe64f60 RSP=000000001fe64f30
R8 =000000001fe64f80 R9 =00000000000003f6 R10=0000000000000000 R11=0000000000000000
R12=000000000000c042 R13=0000000000000011 R14=000000000000c040 R15=0000000000000000
RIP=000000001e6d3862 RFL=00000206 [-----P-] CPL=0 II=0 A20=1 SMM=0 HLT=0
ES =0030 0000000000000000 ffffffff 00cf9300 DPL=0 DS   [-WA]
CS =0038 0000000000000000 ffffffff 00af9a00 DPL=0 CS64 [-R-]
SS =0030 0000000000000000 ffffffff 00cf9300 DPL=0 DS   [-WA]
DS =0030 0000000000000000 ffffffff 00cf9300 DPL=0 DS   [-WA]
FS =0030 0000000000000000 ffffffff 00cf9300 DPL=0 DS   [-WA]
GS =0030 0000000000000000 ffffffff 00cf9300 DPL=0 DS   [-WA]
LDT=0000 0000000000000000 0000ffff 00008200 DPL=0 LDT
TR =0000 0000000000000000 0000ffff 00008b00 DPL=0 TSS64-busy
GDT=     000000001f5dc000 00000047
IDT=     000000001efa4018 00000fff
CR0=80010033 CR2=0000000000000000 CR3=000000001f801000 CR4=00000668
DR0=0000000000000000 DR1=0000000000000000 DR2=0000000000000000 DR3=0000000000000000 
DR6=00000000ffff0ff0 DR7=0000000000000400
CCS=0000000000000004 CCD=0000000000002b06 CCO=EFLAGS
EFER=0000000000000d00
Servicing hardware INT=0x20
    95: v=20 e=0000 i=0 cpl=0 IP=0038:000000001e6d3862 pc=000000001e6d3862 SP=0030:000000001fe64d80 env->regs[R_EAX]=000000000000478c
RAX=000000000000478c RBX=0000000000002710 RCX=000000000000b008 RDX=000000000078907b
RSI=000000000078d807 RDI=000000001e5cab54 RBP=000000001fe64db0 RSP=000000001fe64d80
R8 =000000001fe64dd0 R9 =00000000000003f6 R10=0000000000000000 R11=0000000000000000
R12=000000000000c042 R13=0000000000000011 R14=000000000000c040 R15=0000000000000000
RIP=000000001e6d3862 RFL=00000202 [-------] CPL=0 II=0 A20=1 SMM=0 HLT=0
ES =0030 0000000000000000 ffffffff 00cf9300 DPL=0 DS   [-WA]
CS =0038 0000000000000000 ffffffff 00af9a00 DPL=0 CS64 [-R-]
SS =0030 0000000000000000 ffffffff 00cf9300 DPL=0 DS   [-WA]
DS =0030 0000000000000000 ffffffff 00cf9300 DPL=0 DS   [-WA]
FS =0030 0000000000000000 ffffffff 00cf9300 DPL=0 DS   [-WA]
GS =0030 0000000000000000 ffffffff 00cf9300 DPL=0 DS   [-WA]
LDT=0000 0000000000000000 0000ffff 00008200 DPL=0 LDT
TR =0000 0000000000000000 0000ffff 00008b00 DPL=0 TSS64-busy
GDT=     000000001f5dc000 00000047
IDT=     000000001efa4018 00000fff
CR0=80010033 CR2=0000000000000000 CR3=000000001f801000 CR4=00000668
DR0=0000000000000000 DR1=0000000000000000 DR2=0000000000000000 DR3=0000000000000000 
DR6=00000000ffff0ff0 DR7=0000000000000400
CCS=0000000000000000 CCD=000000000000478c CCO=EFLAGS
EFER=0000000000000d00
Servicing hardware INT=0x20
    96: v=20 e=0000 i=0 cpl=0 IP=0038:000000001e6d3862 pc=000000001e6d3862 SP=0030:000000001fe64d80 env->regs[R_EAX]=0000000000004784
RAX=0000000000004784 RBX=0000000000002710 RCX=000000000000b008 RDX=0000000000792a55
RSI=00000000007971d9 RDI=000000001e5cab54 RBP=000000001fe64db0 RSP=000000001fe64d80
R8 =000000001fe64dd0 R9 =00000000000003f6 R10=0000000000000000 R11=0000000000000000
R12=000000000000c042 R13=0000000000000011 R14=000000000000c040 R15=0000000000000000
RIP=000000001e6d3862 RFL=00000206 [-----P-] CPL=0 II=0 A20=1 SMM=0 HLT=0
ES =0030 0000000000000000 ffffffff 00cf9300 DPL=0 DS   [-WA]
CS =0038 0000000000000000 ffffffff 00af9a00 DPL=0 CS64 [-R-]
SS =0030 0000000000000000 ffffffff 00cf9300 DPL=0 DS   [-WA]
DS =0030 0000000000000000 ffffffff 00cf9300 DPL=0 DS   [-WA]
FS =0030 0000000000000000 ffffffff 00cf9300 DPL=0 DS   [-WA]
GS =0030 0000000000000000 ffffffff 00cf9300 DPL=0 DS   [-WA]
LDT=0000 0000000000000000 0000ffff 00008200 DPL=0 LDT
TR =0000 0000000000000000 0000ffff 00008b00 DPL=0 TSS64-busy
GDT=     000000001f5dc000 00000047
IDT=     000000001efa4018 00000fff
CR0=80010033 CR2=0000000000000000 CR3=000000001f801000 CR4=00000668
DR0=0000000000000000 DR1=0000000000000000 DR2=0000000000000000 DR3=0000000000000000 
DR6=00000000ffff0ff0 DR7=0000000000000400
CCS=0000000000000004 CCD=0000000000004784 CCO=EFLAGS
EFER=0000000000000d00
Servicing hardware INT=0x20
    97: v=20 e=0000 i=0 cpl=0 IP=0038:000000001e6d3862 pc=000000001e6d3862 SP=0030:000000001fe64f20 env->regs[R_EAX]=000000000000633e
RAX=000000000000633e RBX=0000000000002710 RCX=000000000000b008 RDX=000000000079a819
RSI=00000000007a0b57 RDI=000000001e5cab54 RBP=000000001fe64f50 RSP=000000001fe64f20
R8 =000000001fe64f70 R9 =00000000000003f6 R10=0000000000000000 R11=0000000000000000
R12=000000000000c042 R13=0000000000000011 R14=000000000000c040 R15=0000000000000000
RIP=000000001e6d3862 RFL=00000202 [-------] CPL=0 II=0 A20=1 SMM=0 HLT=0
ES =0030 0000000000000000 ffffffff 00cf9300 DPL=0 DS   [-WA]
CS =0038 0000000000000000 ffffffff 00af9a00 DPL=0 CS64 [-R-]
SS =0030 0000000000000000 ffffffff 00cf9300 DPL=0 DS   [-WA]
DS =0030 0000000000000000 ffffffff 00cf9300 DPL=0 DS   [-WA]
FS =0030 0000000000000000 ffffffff 00cf9300 DPL=0 DS   [-WA]
GS =0030 0000000000000000 ffffffff 00cf9300 DPL=0 DS   [-WA]
LDT=0000 0000000000000000 0000ffff 00008200 DPL=0 LDT
TR =0000 0000000000000000 0000ffff 00008b00 DPL=0 TSS64-busy
GDT=     000000001f5dc000 00000047
IDT=     000000001efa4018 00000fff
CR0=80010033 CR2=0000000000000000 CR3=000000001f801000 CR4=00000668
DR0=0000000000000000 DR1=0000000000000000 DR2=0000000000000000 DR3=0000000000000000 
DR6=00000000ffff0ff0 DR7=0000000000000400
CCS=0000000000000000 CCD=000000000000633e CCO=EFLAGS
EFER=0000000000000d00
Servicing hardware INT=0x20
    98: v=20 e=0000 i=0 cpl=0 IP=0038:000000001e6d3862 pc=000000001e6d3862 SP=0030:000000001fe65070 env->regs[R_EAX]=0000000000006741
RAX=0000000000006741 RBX=0000000000002710 RCX=000000000000b008 RDX=00000000007a4200
RSI=00000000007aa941 RDI=000000001e5cab54 RBP=000000001fe650a0 RSP=000000001fe65070
R8 =000000001fe650c0 R9 =00000000000003f6 R10=0000000000000000 R11=0000000000000000
R12=000000000000c042 R13=0000000000000011 R14=000000000000c040 R15=0000000000000000
RIP=000000001e6d3862 RFL=00000206 [-----P-] CPL=0 II=0 A20=1 SMM=0 HLT=0
ES =0030 0000000000000000 ffffffff 00cf9300 DPL=0 DS   [-WA]
CS =0038 0000000000000000 ffffffff 00af9a00 DPL=0 CS64 [-R-]
SS =0030 0000000000000000 ffffffff 00cf9300 DPL=0 DS   [-WA]
DS =0030 0000000000000000 ffffffff 00cf9300 DPL=0 DS   [-WA]
FS =0030 0000000000000000 ffffffff 00cf9300 DPL=0 DS   [-WA]
GS =0030 0000000000000000 ffffffff 00cf9300 DPL=0 DS   [-WA]
LDT=0000 0000000000000000 0000ffff 00008200 DPL=0 LDT
TR =0000 0000000000000000 0000ffff 00008b00 DPL=0 TSS64-busy
GDT=     000000001f5dc000 00000047
IDT=     000000001efa4018 00000fff
CR0=80010033 CR2=0000000000000000 CR3=000000001f801000 CR4=00000668
DR0=0000000000000000 DR1=0000000000000000 DR2=0000000000000000 DR3=0000000000000000 
DR6=00000000ffff0ff0 DR7=0000000000000400
CCS=0000000000000004 CCD=0000000000006741 CCO=EFLAGS
EFER=0000000000000d00
Servicing hardware INT=0x20
    99: v=20 e=0000 i=0 cpl=0 IP=0038:000000001e6d3862 pc=000000001e6d3862 SP=0030:000000001fe64fc0 env->regs[R_EAX]=00000000000000ad
RAX=00000000000000ad RBX=0000000000000064 RCX=000000000000b008 RDX=00000000007abb9f
RSI=00000000007abc4c RDI=000000001e5cab54 RBP=000000001fe64ff0 RSP=000000001fe64fc0
R8 =000000001fe64fdf R9 =000000000000c042 R10=0000000000000000 R11=0000000000000000
R12=000000000004baf1 R13=0000000000000011 R14=000000000000c040 R15=0000000000000000
RIP=000000001e6d3862 RFL=00000202 [-------] CPL=0 II=0 A20=1 SMM=0 HLT=0
ES =0030 0000000000000000 ffffffff 00cf9300 DPL=0 DS   [-WA]
CS =0038 0000000000000000 ffffffff 00af9a00 DPL=0 CS64 [-R-]
SS =0030 0000000000000000 ffffffff 00cf9300 DPL=0 DS   [-WA]
DS =0030 0000000000000000 ffffffff 00cf9300 DPL=0 DS   [-WA]
FS =0030 0000000000000000 ffffffff 00cf9300 DPL=0 DS   [-WA]
GS =0030 0000000000000000 ffffffff 00cf9300 DPL=0 DS   [-WA]
LDT=0000 0000000000000000 0000ffff 00008200 DPL=0 LDT
TR =0000 0000000000000000 0000ffff 00008b00 DPL=0 TSS64-busy
GDT=     000000001f5dc000 00000047
IDT=     000000001efa4018 00000fff
CR0=80010033 CR2=0000000000000000 CR3=000000001f801000 CR4=00000668
DR0=0000000000000000 DR1=0000000000000000 DR2=0000000000000000 DR3=0000000000000000 
DR6=00000000ffff0ff0 DR7=0000000000000400
CCS=0000000000000000 CCD=00000000000000ad CCO=EFLAGS
EFER=0000000000000d00
Servicing hardware INT=0x20
   100: v=20 e=0000 i=0 cpl=0 IP=0038:000000001fe82e8a pc=000000001fe82e8a SP=0030:000000001fe65460 env->regs[R_EAX]=00000000000000af
RAX=00000000000000af RBX=000000001fe8c0a0 RCX=0000000000470001 RDX=000000001df79018
RSI=000000001fe8bb60 RDI=000000001df89017 RBP=000000001fe654f0 RSP=000000001fe65460
R8 =00000000000000af R9 =0000000000481000 R10=0000000000000000 R11=0000000000000000
R12=0000000000480028 R13=0000000000480000 R14=000000001df79018 R15=000000001df79000
RIP=000000001fe82e8a RFL=00010206 [-----P-] CPL=0 II=0 A20=1 SMM=0 HLT=0
ES =0030 0000000000000000 ffffffff 00cf9300 DPL=0 DS   [-WA]
CS =0038 0000000000000000 ffffffff 00af9a00 DPL=0 CS64 [-R-]
SS =0030 0000000000000000 ffffffff 00cf9300 DPL=0 DS   [-WA]
DS =0030 0000000000000000 ffffffff 00cf9300 DPL=0 DS   [-WA]
FS =0030 0000000000000000 ffffffff 00cf9300 DPL=0 DS   [-WA]
GS =0030 0000000000000000 ffffffff 00cf9300 DPL=0 DS   [-WA]
LDT=0000 0000000000000000 0000ffff 00008200 DPL=0 LDT
TR =0000 0000000000000000 0000ffff 00008b00 DPL=0 TSS64-busy
GDT=     000000001f5dc000 00000047
IDT=     000000001efa4018 00000fff
CR0=80010033 CR2=0000000000000000 CR3=000000001f801000 CR4=00000668
DR0=0000000000000000 DR1=0000000000000000 DR2=0000000000000000 DR3=0000000000000000 
DR6=00000000ffff0ff0 DR7=0000000000000400
CCS=0000000000000004 CCD=000000001fe65448 CCO=EFLAGS
EFER=0000000000000d00
Servicing hardware INT=0x20
   101: v=20 e=0000 i=0 cpl=0 IP=0038:000000001e6aafb3 pc=000000001e6aafb3 SP=0030:000000001fe655e8 env->regs[R_EAX]=0000000000000000
RAX=0000000000000000 RBX=000000001e5c2018 RCX=0000000000080001 RDX=0000000000000000
RSI=0000000000080000 RDI=000000001dff9010 RBP=000000001fe65710 RSP=000000001fe655e8
R8 =0000000000000200 R9 =0000000000000064 R10=0000000000000000 R11=0000000000000000
R12=000000001e5c4298 R13=000000001e6ace60 R14=0000000000000001 R15=0000000000007fff
RIP=000000001e6aafb3 RFL=00010246 [---Z-P-] CPL=0 II=0 A20=1 SMM=0 HLT=0
ES =0030 0000000000000000 ffffffff 00cf9300 DPL=0 DS   [-WA]
CS =0038 0000000000000000 ffffffff 00af9a00 DPL=0 CS64 [-R-]
SS =0030 0000000000000000 ffffffff 00cf9300 DPL=0 DS   [-WA]
DS =0030 0000000000000000 ffffffff 00cf9300 DPL=0 DS   [-WA]
FS =0030 0000000000000000 ffffffff 00cf9300 DPL=0 DS   [-WA]
GS =0030 0000000000000000 ffffffff 00cf9300 DPL=0 DS   [-WA]
LDT=0000 0000000000000000 0000ffff 00008200 DPL=0 LDT
TR =0000 0000000000000000 0000ffff 00008b00 DPL=0 TSS64-busy
GDT=     000000001f5dc000 00000047
IDT=     000000001efa4018 00000fff
CR0=80010033 CR2=0000000000000000 CR3=000000001f801000 CR4=00000668
DR0=0000000000000000 DR1=0000000000000000 DR2=0000000000000000 DR3=0000000000000000 
DR6=00000000ffff0ff0 DR7=0000000000000400
CCS=0000000000000044 CCD=0000000000000000 CCO=EFLAGS
EFER=0000000000000d00
Servicing hardware INT=0x20
   102: v=20 e=0000 i=0 cpl=0 IP=0038:000000001eb54171 pc=000000001eb54171 SP=0030:000000001fe656f0 env->regs[R_EAX]=0000000000000b65
RAX=0000000000000b65 RBX=00000000007c75f2 RCX=000000000000b008 RDX=00000000007c6a8d
RSI=000000000000000d RDI=0000000000000dfb RBP=000000001fe65700 RSP=000000001fe656f0
R8 =000000001fe6579c R9 =0000000000000030 R10=000000001e44cc00 R11=000000001e44d0d0
R12=0000000000000000 R13=000000001e44eef8 R14=0000000000000004 R15=000000001e44ef18
RIP=000000001eb54171 RFL=00000206 [-----P-] CPL=0 II=0 A20=1 SMM=0 HLT=0
ES =0030 0000000000000000 ffffffff 00cf9300 DPL=0 DS   [-WA]
CS =0038 0000000000000000 ffffffff 00af9a00 DPL=0 CS64 [-R-]
SS =0030 0000000000000000 ffffffff 00cf9300 DPL=0 DS   [-WA]
DS =0030 0000000000000000 ffffffff 00cf9300 DPL=0 DS   [-WA]
FS =0030 0000000000000000 ffffffff 00cf9300 DPL=0 DS   [-WA]
GS =0030 0000000000000000 ffffffff 00cf9300 DPL=0 DS   [-WA]
LDT=0000 0000000000000000 0000ffff 00008200 DPL=0 LDT
TR =0000 0000000000000000 0000ffff 00008b00 DPL=0 TSS64-busy
GDT=     000000001f5dc000 00000047
IDT=     000000001efa4018 00000fff
CR0=80010033 CR2=0000000000000000 CR3=000000001f801000 CR4=00000668
DR0=0000000000000000 DR1=0000000000000000 DR2=0000000000000000 DR3=0000000000000000 
DR6=00000000ffff0ff0 DR7=0000000000000400
CCS=0000000000000004 CCD=0000000000000b65 CCO=EFLAGS
EFER=0000000000000d00
Servicing hardware INT=0x20
   103: v=20 e=0000 i=0 cpl=0 IP=0038:000000001eb54171 pc=000000001eb54171 SP=0030:000000001fe656f0 env->regs[R_EAX]=0000000000000a04
RAX=0000000000000a04 RBX=00000000007d100b RCX=000000000000b008 RDX=00000000007d0607
RSI=000000000000000d RDI=0000000000000dfb RBP=000000001fe65700 RSP=000000001fe656f0
R8 =000000001fe6579c R9 =0000000000000030 R10=000000001e44cc00 R11=000000001e44d0d0
R12=0000000000000000 R13=000000001e44eef8 R14=0000000000000004 R15=000000001e44ef18
RIP=000000001eb54171 RFL=00000202 [-------] CPL=0 II=0 A20=1 SMM=0 HLT=0
ES =0030 0000000000000000 ffffffff 00cf9300 DPL=0 DS   [-WA]
CS =0038 0000000000000000 ffffffff 00af9a00 DPL=0 CS64 [-R-]
SS =0030 0000000000000000 ffffffff 00cf9300 DPL=0 DS   [-WA]
DS =0030 0000000000000000 ffffffff 00cf9300 DPL=0 DS   [-WA]
FS =0030 0000000000000000 ffffffff 00cf9300 DPL=0 DS   [-WA]
GS =0030 0000000000000000 ffffffff 00cf9300 DPL=0 DS   [-WA]
LDT=0000 0000000000000000 0000ffff 00008200 DPL=0 LDT
TR =0000 0000000000000000 0000ffff 00008b00 DPL=0 TSS64-busy
GDT=     000000001f5dc000 00000047
IDT=     000000001efa4018 00000fff
CR0=80010033 CR2=0000000000000000 CR3=000000001f801000 CR4=00000668
DR0=0000000000000000 DR1=0000000000000000 DR2=0000000000000000 DR3=0000000000000000 
DR6=00000000ffff0ff0 DR7=0000000000000400
CCS=0000000000000000 CCD=0000000000000a04 CCO=EFLAGS
EFER=0000000000000d00
Servicing hardware INT=0x20
   104: v=20 e=0000 i=0 cpl=0 IP=0038:000000001eb54171 pc=000000001eb54171 SP=0030:000000001fe656f0 env->regs[R_EAX]=0000000000000d17
RAX=0000000000000d17 RBX=00000000007d8f32 RCX=000000000000b008 RDX=00000000007d821b
RSI=000000000000000d RDI=0000000000000dfb RBP=000000001fe65700 RSP=000000001fe656f0
R8 =000000001fe6579c R9 =0000000000000030 R10=000000001e44cc00 R11=000000001e44d0d0
R12=0000000000000000 R13=000000001e44eef8 R14=0000000000000004 R15=000000001e44ef18
RIP=000000001eb54171 RFL=00000206 [-----P-] CPL=0 II=0 A20=1 SMM=0 HLT=0
ES =0030 0000000000000000 ffffffff 00cf9300 DPL=0 DS   [-WA]
CS =0038 0000000000000000 ffffffff 00af9a00 DPL=0 CS64 [-R-]
SS =0030 0000000000000000 ffffffff 00cf9300 DPL=0 DS   [-WA]
DS =0030 0000000000000000 ffffffff 00cf9300 DPL=0 DS   [-WA]
FS =0030 0000000000000000 ffffffff 00cf9300 DPL=0 DS   [-WA]
GS =0030 0000000000000000 ffffffff 00cf9300 DPL=0 DS   [-WA]
LDT=0000 0000000000000000 0000ffff 00008200 DPL=0 LDT
TR =0000 0000000000000000 0000ffff 00008b00 DPL=0 TSS64-busy
GDT=     000000001f5dc000 00000047
IDT=     000000001efa4018 00000fff
CR0=80010033 CR2=0000000000000000 CR3=000000001f801000 CR4=00000668
DR0=0000000000000000 DR1=0000000000000000 DR2=0000000000000000 DR3=0000000000000000 
DR6=00000000ffff0ff0 DR7=0000000000000400
CCS=0000000000000004 CCD=0000000000000d17 CCO=EFLAGS
EFER=0000000000000d00
Servicing hardware INT=0x20
   105: v=20 e=0000 i=0 cpl=0 IP=0038:000000001eb54171 pc=000000001eb54171 SP=0030:000000001fe656f0 env->regs[R_EAX]=0000000000000b55
RAX=0000000000000b55 RBX=00000000007e0d3d RCX=000000000000b008 RDX=00000000007e01e8
RSI=000000000000000d RDI=0000000000000dfb RBP=000000001fe65700 RSP=000000001fe656f0
R8 =000000001fe6579c R9 =0000000000000030 R10=000000001e44cc00 R11=000000001e44d0d0
R12=0000000000000000 R13=000000001e44eef8 R14=0000000000000004 R15=000000001e44ef18
RIP=000000001eb54171 RFL=00000206 [-----P-] CPL=0 II=0 A20=1 SMM=0 HLT=0
ES =0030 0000000000000000 ffffffff 00cf9300 DPL=0 DS   [-WA]
CS =0038 0000000000000000 ffffffff 00af9a00 DPL=0 CS64 [-R-]
SS =0030 0000000000000000 ffffffff 00cf9300 DPL=0 DS   [-WA]
DS =0030 0000000000000000 ffffffff 00cf9300 DPL=0 DS   [-WA]
FS =0030 0000000000000000 ffffffff 00cf9300 DPL=0 DS   [-WA]
GS =0030 0000000000000000 ffffffff 00cf9300 DPL=0 DS   [-WA]
LDT=0000 0000000000000000 0000ffff 00008200 DPL=0 LDT
TR =0000 0000000000000000 0000ffff 00008b00 DPL=0 TSS64-busy
GDT=     000000001f5dc000 00000047
IDT=     000000001efa4018 00000fff
CR0=80010033 CR2=0000000000000000 CR3=000000001f801000 CR4=00000668
DR0=0000000000000000 DR1=0000000000000000 DR2=0000000000000000 DR3=0000000000000000 
DR6=00000000ffff0ff0 DR7=0000000000000400
CCS=0000000000000004 CCD=0000000000000b55 CCO=EFLAGS
EFER=0000000000000d00
Servicing hardware INT=0x20
   106: v=20 e=0000 i=0 cpl=0 IP=0038:000000001fe773f6 pc=000000001fe773f6 SP=0030:000000001fe65780 env->regs[R_EAX]=0a169f578c49ecb6
RAX=0a169f578c49ecb6 RBX=000000001e61a030 RCX=000000001e61a038 RDX=000000001e61a030
RSI=6532fb137d4dbfaa RDI=4a828a153bc1b285 RBP=000000001fe657c0 RSP=000000001fe65780
R8 =000000001fe658e8 R9 =000000001e66f598 R10=000000001e451fed R11=0000000000000d23
R12=49416785fa920010 R13=000000001e664bb0 R14=000000001e61a030 R15=000000001fe844d1
RIP=000000001fe773f6 RFL=00000202 [-------] CPL=0 II=0 A20=1 SMM=0 HLT=0
ES =0030 0000000000000000 ffffffff 00cf9300 DPL=0 DS   [-WA]
CS =0038 0000000000000000 ffffffff 00af9a00 DPL=0 CS64 [-R-]
SS =0030 0000000000000000 ffffffff 00cf9300 DPL=0 DS   [-WA]
DS =0030 0000000000000000 ffffffff 00cf9300 DPL=0 DS   [-WA]
FS =0030 0000000000000000 ffffffff 00cf9300 DPL=0 DS   [-WA]
GS =0030 0000000000000000 ffffffff 00cf9300 DPL=0 DS   [-WA]
LDT=0000 0000000000000000 0000ffff 00008200 DPL=0 LDT
TR =0000 0000000000000000 0000ffff 00008b00 DPL=0 TSS64-busy
GDT=     000000001f5dc000 00000047
IDT=     000000001efa4018 00000fff
CR0=80010033 CR2=0000000000000000 CR3=000000001f801000 CR4=00000668
DR0=0000000000000000 DR1=0000000000000000 DR2=0000000000000000 DR3=0000000000000000 
DR6=00000000ffff0ff0 DR7=0000000000000400
CCS=0000000000000000 CCD=000000001fe65768 CCO=EFLAGS
EFER=0000000000000d00
Servicing hardware INT=0x20
   107: v=20 e=0000 i=0 cpl=0 IP=0038:000000001fe6662e pc=000000001fe6662e SP=0030:000000001fe658a0 env->regs[R_EAX]=000000001eb52d18
RAX=000000001eb52d18 RBX=000000001eb52d20 RCX=0000000000000010 RDX=000000001fe8a140
RSI=000000001fe65ac8 RDI=000000001e670998 RBP=000000001fe658c0 RSP=000000001fe658a0
R8 =000000001fe659d8 R9 =000000001f4ecf98 R10=000000001fe8afc0 R11=000000001e73d980
R12=000000001e670998 R13=000000001fe8a250 R14=000000001fe844d1 R15=000000001fe8a140
RIP=000000001fe6662e RFL=00000246 [---Z-P-] CPL=0 II=0 A20=1 SMM=0 HLT=0
ES =0030 0000000000000000 ffffffff 00cf9300 DPL=0 DS   [-WA]
CS =0038 0000000000000000 ffffffff 00af9a00 DPL=0 CS64 [-R-]
SS =0030 0000000000000000 ffffffff 00cf9300 DPL=0 DS   [-WA]
DS =0030 0000000000000000 ffffffff 00cf9300 DPL=0 DS   [-WA]
FS =0030 0000000000000000 ffffffff 00cf9300 DPL=0 DS   [-WA]
GS =0030 0000000000000000 ffffffff 00cf9300 DPL=0 DS   [-WA]
LDT=0000 0000000000000000 0000ffff 00008200 DPL=0 LDT
TR =0000 0000000000000000 0000ffff 00008b00 DPL=0 TSS64-busy
GDT=     000000001f5dc000 00000047
IDT=     000000001efa4018 00000fff
CR0=80010033 CR2=0000000000000000 CR3=000000001f801000 CR4=00000668
DR0=0000000000000000 DR1=0000000000000000 DR2=0000000000000000 DR3=0000000000000000 
DR6=00000000ffff0ff0 DR7=0000000000000400
CCS=0000000000000044 CCD=0000000000000000 CCO=EFLAGS
EFER=0000000000000d00
Servicing hardware INT=0x20
   108: v=20 e=0000 i=0 cpl=0 IP=0038:000000001fe6662e pc=000000001fe6662e SP=0030:000000001fe658a0 env->regs[R_EAX]=000000001e665818
RAX=000000001e665818 RBX=000000001e665820 RCX=0000000000000010 RDX=000000001fe8a140
RSI=000000001fe65ac8 RDI=000000001e7aad98 RBP=000000001fe658c0 RSP=000000001fe658a0
R8 =000000001fe659d8 R9 =000000001f4ecf98 R10=000000001fe8afc0 R11=000000001e73d980
R12=000000001e7aad98 R13=000000001fe8a250 R14=000000001fe844d1 R15=000000001fe8a140
RIP=000000001fe6662e RFL=00000246 [---Z-P-] CPL=0 II=0 A20=1 SMM=0 HLT=0
ES =0030 0000000000000000 ffffffff 00cf9300 DPL=0 DS   [-WA]
CS =0038 0000000000000000 ffffffff 00af9a00 DPL=0 CS64 [-R-]
SS =0030 0000000000000000 ffffffff 00cf9300 DPL=0 DS   [-WA]
DS =0030 0000000000000000 ffffffff 00cf9300 DPL=0 DS   [-WA]
FS =0030 0000000000000000 ffffffff 00cf9300 DPL=0 DS   [-WA]
GS =0030 0000000000000000 ffffffff 00cf9300 DPL=0 DS   [-WA]
LDT=0000 0000000000000000 0000ffff 00008200 DPL=0 LDT
TR =0000 0000000000000000 0000ffff 00008b00 DPL=0 TSS64-busy
GDT=     000000001f5dc000 00000047
IDT=     000000001efa4018 00000fff
CR0=80010033 CR2=0000000000000000 CR3=000000001f801000 CR4=00000668
DR0=0000000000000000 DR1=0000000000000000 DR2=0000000000000000 DR3=0000000000000000 
DR6=00000000ffff0ff0 DR7=0000000000000400
CCS=0000000000000044 CCD=0000000000000000 CCO=EFLAGS
EFER=0000000000000d00
Servicing hardware INT=0x20
   109: v=20 e=0000 i=0 cpl=0 IP=0038:000000001fe6662e pc=000000001fe6662e SP=0030:000000001fe65980 env->regs[R_EAX]=000000001e66f998
RAX=000000001e66f998 RBX=000000001e66f9a0 RCX=0000000000000010 RDX=000000001e5b2518
RSI=000000001fe65ac8 RDI=000000001e670618 RBP=000000001fe659a0 RSP=000000001fe65980
R8 =000000001e5b2398 R9 =0000000000000000 R10=0000000000000000 R11=000000001e73d930
R12=000000001e670618 R13=000000001fe8a250 R14=000000001fe844d1 R15=000000001e5b2518
RIP=000000001fe6662e RFL=00000246 [---Z-P-] CPL=0 II=0 A20=1 SMM=0 HLT=0
ES =0030 0000000000000000 ffffffff 00cf9300 DPL=0 DS   [-WA]
CS =0038 0000000000000000 ffffffff 00af9a00 DPL=0 CS64 [-R-]
SS =0030 0000000000000000 ffffffff 00cf9300 DPL=0 DS   [-WA]
DS =0030 0000000000000000 ffffffff 00cf9300 DPL=0 DS   [-WA]
FS =0030 0000000000000000 ffffffff 00cf9300 DPL=0 DS   [-WA]
GS =0030 0000000000000000 ffffffff 00cf9300 DPL=0 DS   [-WA]
LDT=0000 0000000000000000 0000ffff 00008200 DPL=0 LDT
TR =0000 0000000000000000 0000ffff 00008b00 DPL=0 TSS64-busy
GDT=     000000001f5dc000 00000047
IDT=     000000001efa4018 00000fff
CR0=80010033 CR2=0000000000000000 CR3=000000001f801000 CR4=00000668
DR0=0000000000000000 DR1=0000000000000000 DR2=0000000000000000 DR3=0000000000000000 
DR6=00000000ffff0ff0 DR7=0000000000000400
CCS=0000000000000044 CCD=0000000000000000 CCO=EFLAGS
EFER=0000000000000d00
Servicing hardware INT=0x20
   110: v=20 e=0000 i=0 cpl=0 IP=0038:000000001fe760a8 pc=000000001fe760a8 SP=0030:000000001fe65688 env->regs[R_EAX]=8000000000000005
RAX=8000000000000005 RBX=000000001fe65768 RCX=0000000000000008 RDX=0000000000001279
RSI=0000000000000008 RDI=0000000000000004 RBP=000000001fe656a0 RSP=000000001fe65688
R8 =0000000000000000 R9 =000000001fe65770 R10=000000000000001b R11=000000001e73d931
R12=000000001fe65770 R13=8000000000000005 R14=0000000000000000 R15=000000001fe656d8
RIP=000000001fe760a8 RFL=00000246 [---Z-P-] CPL=0 II=0 A20=1 SMM=0 HLT=0
ES =0030 0000000000000000 ffffffff 00cf9300 DPL=0 DS   [-WA]
CS =0038 0000000000000000 ffffffff 00af9a00 DPL=0 CS64 [-R-]
SS =0030 0000000000000000 ffffffff 00cf9300 DPL=0 DS   [-WA]
DS =0030 0000000000000000 ffffffff 00cf9300 DPL=0 DS   [-WA]
FS =0030 0000000000000000 ffffffff 00cf9300 DPL=0 DS   [-WA]
GS =0030 0000000000000000 ffffffff 00cf9300 DPL=0 DS   [-WA]
LDT=0000 0000000000000000 0000ffff 00008200 DPL=0 LDT
TR =0000 0000000000000000 0000ffff 00008b00 DPL=0 TSS64-busy
GDT=     000000001f5dc000 00000047
IDT=     000000001efa4018 00000fff
CR0=80010033 CR2=0000000000000000 CR3=000000001f801000 CR4=00000668
DR0=0000000000000000 DR1=0000000000000000 DR2=0000000000000000 DR3=0000000000000000 
DR6=00000000ffff0ff0 DR7=0000000000000400
CCS=0000000000000044 CCD=0000000000000000 CCO=EFLAGS
EFER=0000000000000d00
Servicing hardware INT=0x20
   111: v=20 e=0000 i=0 cpl=0 IP=0038:000000001e6cc994 pc=000000001e6cc994 SP=0030:000000001fe65520 env->regs[R_EAX]=0000000000000007
RAX=0000000000000007 RBX=8000000000000002 RCX=0000000000000200 RDX=0000000000000000
RSI=0000000000000000 RDI=000000001e5c93a8 RBP=000000001fe65570 RSP=000000001fe65520
R8 =0000000000000200 R9 =000000001df78d98 R10=000000001df78d98 R11=000000001e73d980
R12=0000000000000000 R13=000000001e5c9400 R14=000000001e5c9398 R15=0000000000000001
RIP=000000001e6cc994 RFL=00000246 [---Z-P-] CPL=0 II=0 A20=1 SMM=0 HLT=0
ES =0030 0000000000000000 ffffffff 00cf9300 DPL=0 DS   [-WA]
CS =0038 0000000000000000 ffffffff 00af9a00 DPL=0 CS64 [-R-]
SS =0030 0000000000000000 ffffffff 00cf9300 DPL=0 DS   [-WA]
DS =0030 0000000000000000 ffffffff 00cf9300 DPL=0 DS   [-WA]
FS =0030 0000000000000000 ffffffff 00cf9300 DPL=0 DS   [-WA]
GS =0030 0000000000000000 ffffffff 00cf9300 DPL=0 DS   [-WA]
LDT=0000 0000000000000000 0000ffff 00008200 DPL=0 LDT
TR =0000 0000000000000000 0000ffff 00008b00 DPL=0 TSS64-busy
GDT=     000000001f5dc000 00000047
IDT=     000000001efa4018 00000fff
CR0=80010033 CR2=0000000000000000 CR3=000000001f801000 CR4=00000668
DR0=0000000000000000 DR1=0000000000000000 DR2=0000000000000000 DR3=0000000000000000 
DR6=00000000ffff0ff0 DR7=0000000000000400
CCS=0000000000000044 CCD=0000000000000000 CCO=EFLAGS
EFER=0000000000000d00
Servicing hardware INT=0x20
   112: v=20 e=0000 i=0 cpl=0 IP=0038:000000001e6d3862 pc=000000001e6d3862 SP=0030:000000001fe65240 env->regs[R_EAX]=0000000000000d17
RAX=0000000000000d17 RBX=0000000000002710 RCX=000000000000b008 RDX=000000000081d9eb
RSI=000000000081e702 RDI=000000001e5cab54 RBP=000000001fe65270 RSP=000000001fe65240
R8 =000000001fe65290 R9 =00000000000003f6 R10=0000000000000000 R11=0000000000000000
R12=000000000000c042 R13=0000000000000011 R14=000000000000c040 R15=0000000000000000
RIP=000000001e6d3862 RFL=00000206 [-----P-] CPL=0 II=0 A20=1 SMM=0 HLT=0
ES =0030 0000000000000000 ffffffff 00cf9300 DPL=0 DS   [-WA]
CS =0038 0000000000000000 ffffffff 00af9a00 DPL=0 CS64 [-R-]
SS =0030 0000000000000000 ffffffff 00cf9300 DPL=0 DS   [-WA]
DS =0030 0000000000000000 ffffffff 00cf9300 DPL=0 DS   [-WA]
FS =0030 0000000000000000 ffffffff 00cf9300 DPL=0 DS   [-WA]
GS =0030 0000000000000000 ffffffff 00cf9300 DPL=0 DS   [-WA]
LDT=0000 0000000000000000 0000ffff 00008200 DPL=0 LDT
TR =0000 0000000000000000 0000ffff 00008b00 DPL=0 TSS64-busy
GDT=     000000001f5dc000 00000047
IDT=     000000001efa4018 00000fff
CR0=80010033 CR2=0000000000000000 CR3=000000001f801000 CR4=00000668
DR0=0000000000000000 DR1=0000000000000000 DR2=0000000000000000 DR3=0000000000000000 
DR6=00000000ffff0ff0 DR7=0000000000000400
CCS=0000000000000004 CCD=0000000000000d17 CCO=EFLAGS
EFER=0000000000000d00
Servicing hardware INT=0x20
   113: v=20 e=0000 i=0 cpl=0 IP=0038:000000001e6d3862 pc=000000001e6d3862 SP=0030:000000001fe65090 env->regs[R_EAX]=0000000000000b36
RAX=0000000000000b36 RBX=0000000000002710 RCX=000000000000b008 RDX=00000000008274d3
RSI=0000000000828009 RDI=000000001e5cab54 RBP=000000001fe650c0 RSP=000000001fe65090
R8 =000000001fe650e0 R9 =00000000000003f6 R10=0000000000000000 R11=0000000000000000
R12=000000000000c042 R13=0000000000000011 R14=000000000000c040 R15=0000000000000000
RIP=000000001e6d3862 RFL=00000206 [-----P-] CPL=0 II=0 A20=1 SMM=0 HLT=0
ES =0030 0000000000000000 ffffffff 00cf9300 DPL=0 DS   [-WA]
CS =0038 0000000000000000 ffffffff 00af9a00 DPL=0 CS64 [-R-]
SS =0030 0000000000000000 ffffffff 00cf9300 DPL=0 DS   [-WA]
DS =0030 0000000000000000 ffffffff 00cf9300 DPL=0 DS   [-WA]
FS =0030 0000000000000000 ffffffff 00cf9300 DPL=0 DS   [-WA]
GS =0030 0000000000000000 ffffffff 00cf9300 DPL=0 DS   [-WA]
LDT=0000 0000000000000000 0000ffff 00008200 DPL=0 LDT
TR =0000 0000000000000000 0000ffff 00008b00 DPL=0 TSS64-busy
GDT=     000000001f5dc000 00000047
IDT=     000000001efa4018 00000fff
CR0=80010033 CR2=0000000000000000 CR3=000000001f801000 CR4=00000668
DR0=0000000000000000 DR1=0000000000000000 DR2=0000000000000000 DR3=0000000000000000 
DR6=00000000ffff0ff0 DR7=0000000000000400
CCS=0000000000000004 CCD=0000000000000b36 CCO=EFLAGS
EFER=0000000000000d00
Servicing hardware INT=0x20
   114: v=20 e=0000 i=0 cpl=0 IP=0038:000000001e6d3862 pc=000000001e6d3862 SP=0030:000000001fe65090 env->regs[R_EAX]=00000000000019e6
RAX=00000000000019e6 RBX=0000000000002710 RCX=000000000000b008 RDX=000000000082ff81
RSI=0000000000831967 RDI=000000001e5cab54 RBP=000000001fe650c0 RSP=000000001fe65090
R8 =000000001fe650e0 R9 =00000000000003f6 R10=0000000000000000 R11=0000000000000000
R12=000000000000c042 R13=0000000000000011 R14=000000000000c040 R15=0000000000000000
RIP=000000001e6d3862 RFL=00000202 [-------] CPL=0 II=0 A20=1 SMM=0 HLT=0
ES =0030 0000000000000000 ffffffff 00cf9300 DPL=0 DS   [-WA]
CS =0038 0000000000000000 ffffffff 00af9a00 DPL=0 CS64 [-R-]
SS =0030 0000000000000000 ffffffff 00cf9300 DPL=0 DS   [-WA]
DS =0030 0000000000000000 ffffffff 00cf9300 DPL=0 DS   [-WA]
FS =0030 0000000000000000 ffffffff 00cf9300 DPL=0 DS   [-WA]
GS =0030 0000000000000000 ffffffff 00cf9300 DPL=0 DS   [-WA]
LDT=0000 0000000000000000 0000ffff 00008200 DPL=0 LDT
TR =0000 0000000000000000 0000ffff 00008b00 DPL=0 TSS64-busy
GDT=     000000001f5dc000 00000047
IDT=     000000001efa4018 00000fff
CR0=80010033 CR2=0000000000000000 CR3=000000001f801000 CR4=00000668
DR0=0000000000000000 DR1=0000000000000000 DR2=0000000000000000 DR3=0000000000000000 
DR6=00000000ffff0ff0 DR7=0000000000000400
CCS=0000000000000000 CCD=00000000000019e6 CCO=EFLAGS
EFER=0000000000000d00
Servicing hardware INT=0x20
   115: v=20 e=0000 i=0 cpl=0 IP=0038:000000001e6d3862 pc=000000001e6d3862 SP=0030:000000001fe65230 env->regs[R_EAX]=000000000000275b
RAX=000000000000275b RBX=0000000000002710 RCX=000000000000b008 RDX=0000000000838ba6
RSI=000000000083b301 RDI=000000001e5cab54 RBP=000000001fe65260 RSP=000000001fe65230
R8 =000000001fe65280 R9 =00000000000003f6 R10=0000000000000000 R11=0000000000000000
R12=000000000000c042 R13=0000000000000011 R14=000000000000c040 R15=0000000000000000
RIP=000000001e6d3862 RFL=00000202 [-------] CPL=0 II=0 A20=1 SMM=0 HLT=0
ES =0030 0000000000000000 ffffffff 00cf9300 DPL=0 DS   [-WA]
CS =0038 0000000000000000 ffffffff 00af9a00 DPL=0 CS64 [-R-]
SS =0030 0000000000000000 ffffffff 00cf9300 DPL=0 DS   [-WA]
DS =0030 0000000000000000 ffffffff 00cf9300 DPL=0 DS   [-WA]
FS =0030 0000000000000000 ffffffff 00cf9300 DPL=0 DS   [-WA]
GS =0030 0000000000000000 ffffffff 00cf9300 DPL=0 DS   [-WA]
LDT=0000 0000000000000000 0000ffff 00008200 DPL=0 LDT
TR =0000 0000000000000000 0000ffff 00008b00 DPL=0 TSS64-busy
GDT=     000000001f5dc000 00000047
IDT=     000000001efa4018 00000fff
CR0=80010033 CR2=0000000000000000 CR3=000000001f801000 CR4=00000668
DR0=0000000000000000 DR1=0000000000000000 DR2=0000000000000000 DR3=0000000000000000 
DR6=00000000ffff0ff0 DR7=0000000000000400
CCS=0000000000000000 CCD=000000000000275b CCO=EFLAGS
EFER=0000000000000d00
Servicing hardware INT=0x20
   116: v=20 e=0000 i=0 cpl=0 IP=0038:000000001efae1b1 pc=000000001efae1b1 SP=0030:000000001fe65670 env->regs[R_EAX]=000000001df78201
RAX=000000001df78201 RBX=000000001df7827f RCX=000000001df7827f RDX=000000001df78200
RSI=000000000000000c RDI=00000000000000e7 RBP=000000001fe656a0 RSP=000000001fe65670
R8 =00000000000000af R9 =0000000000000018 R10=000000001ea41f58 R11=000000001e73d980
R12=000000001e5b2498 R13=000000001df78198 R14=000000001e5b2498 R15=000000001fe657f0
RIP=000000001efae1b1 RFL=00000202 [-------] CPL=0 II=0 A20=1 SMM=0 HLT=0
ES =0030 0000000000000000 ffffffff 00cf9300 DPL=0 DS   [-WA]
CS =0038 0000000000000000 ffffffff 00af9a00 DPL=0 CS64 [-R-]
SS =0030 0000000000000000 ffffffff 00cf9300 DPL=0 DS   [-WA]
DS =0030 0000000000000000 ffffffff 00cf9300 DPL=0 DS   [-WA]
FS =0030 0000000000000000 ffffffff 00cf9300 DPL=0 DS   [-WA]
GS =0030 0000000000000000 ffffffff 00cf9300 DPL=0 DS   [-WA]
LDT=0000 0000000000000000 0000ffff 00008200 DPL=0 LDT
TR =0000 0000000000000000 0000ffff 00008b00 DPL=0 TSS64-busy
GDT=     000000001f5dc000 00000047
IDT=     000000001efa4018 00000fff
CR0=80010033 CR2=0000000000000000 CR3=000000001f801000 CR4=00000668
DR0=0000000000000000 DR1=0000000000000000 DR2=0000000000000000 DR3=0000000000000000 
DR6=00000000ffff0ff0 DR7=0000000000000400
CCS=0000000000000000 CCD=000000001fe65658 CCO=EFLAGS
EFER=0000000000000d00
Servicing hardware INT=0x20
   117: v=20 e=0000 i=0 cpl=0 IP=0038:000000001e70e9dd pc=000000001e70e9dd SP=0030:000000001fe65878 env->regs[R_EAX]=000000001e5b25e0
RAX=000000001e5b25e0 RBX=0000000000000007 RCX=0000000000000013 RDX=000000001e5b2318
RSI=000000001e5b25ce RDI=000000001e5b234e RBP=000000001fe65930 RSP=000000001fe65878
R8 =0000000000000049 R9 =000000001df78272 R10=000000001ea41c58 R11=000000001e73d980
R12=000000001e5b2598 R13=000000001df78198 R14=000000001e5b2318 R15=000000001fe658f0
RIP=000000001e70e9dd RFL=00000286 [--S--P-] CPL=0 II=0 A20=1 SMM=0 HLT=0
ES =0030 0000000000000000 ffffffff 00cf9300 DPL=0 DS   [-WA]
CS =0038 0000000000000000 ffffffff 00af9a00 DPL=0 CS64 [-R-]
SS =0030 0000000000000000 ffffffff 00cf9300 DPL=0 DS   [-WA]
DS =0030 0000000000000000 ffffffff 00cf9300 DPL=0 DS   [-WA]
FS =0030 0000000000000000 ffffffff 00cf9300 DPL=0 DS   [-WA]
GS =0030 0000000000000000 ffffffff 00cf9300 DPL=0 DS   [-WA]
LDT=0000 0000000000000000 0000ffff 00008200 DPL=0 LDT
TR =0000 0000000000000000 0000ffff 00008b00 DPL=0 TSS64-busy
GDT=     000000001f5dc000 00000047
IDT=     000000001efa4018 00000fff
CR0=80010033 CR2=0000000000000000 CR3=000000001f801000 CR4=00000668
DR0=0000000000000000 DR1=0000000000000000 DR2=0000000000000000 DR3=0000000000000000 
DR6=00000000ffff0ff0 DR7=0000000000000400
CCS=0000000000000084 CCD=00000000000000d2 CCO=EFLAGS
EFER=0000000000000d00
Servicing hardware INT=0x20
   118: v=20 e=0000 i=0 cpl=0 IP=0038:000000001e78abdd pc=000000001e78abdd SP=0030:000000001fe65830 env->regs[R_EAX]=0000000000000014
RAX=0000000000000014 RBX=000000001e5b2398 RCX=000000001fe65854 RDX=0000000000000020
RSI=000000001fe65855 RDI=000000001e5c6018 RBP=000000001fe65a50 RSP=000000001fe65830
R8 =000000001e5c71ff R9 =000000001e5b2398 R10=000000001fe8afc0 R11=000000001e73d980
R12=000000001e79ff50 R13=0000000000000000 R14=0000000000000001 R15=000000001e5c6018
RIP=000000001e78abdd RFL=00000246 [---Z-P-] CPL=0 II=0 A20=1 SMM=0 HLT=0
ES =0030 0000000000000000 ffffffff 00cf9300 DPL=0 DS   [-WA]
CS =0038 0000000000000000 ffffffff 00af9a00 DPL=0 CS64 [-R-]
SS =0030 0000000000000000 ffffffff 00cf9300 DPL=0 DS   [-WA]
DS =0030 0000000000000000 ffffffff 00cf9300 DPL=0 DS   [-WA]
FS =0030 0000000000000000 ffffffff 00cf9300 DPL=0 DS   [-WA]
GS =0030 0000000000000000 ffffffff 00cf9300 DPL=0 DS   [-WA]
LDT=0000 0000000000000000 0000ffff 00008200 DPL=0 LDT
TR =0000 0000000000000000 0000ffff 00008b00 DPL=0 TSS64-busy
GDT=     000000001f5dc000 00000047
IDT=     000000001efa4018 00000fff
CR0=80010033 CR2=0000000000000000 CR3=000000001f801000 CR4=00000668
DR0=0000000000000000 DR1=0000000000000000 DR2=0000000000000000 DR3=0000000000000000 
DR6=00000000ffff0ff0 DR7=0000000000000400
CCS=0000000000000044 CCD=0000000000000000 CCO=EFLAGS
EFER=0000000000000d00
Servicing hardware INT=0x20
   119: v=20 e=0000 i=0 cpl=0 IP=0038:000000001eb56266 pc=000000001eb56266 SP=0030:000000001fe656f8 env->regs[R_EAX]=000000001eb6ba80
RAX=000000001eb6ba80 RBX=0000000000000004 RCX=000000001eb6ba80 RDX=000000001f5cb210
RSI=000000001e79f2d0 RDI=0000000000000001 RBP=000000001fe65730 RSP=000000001fe656f8
R8 =0000000000000000 R9 =000000001eac10b7 R10=000000001f598e60 R11=000000001f6e6d92
R12=0000000000000010 R13=0000000000000007 R14=0000000000000000 R15=0000000000000001
RIP=000000001eb56266 RFL=00000206 [-----P-] CPL=0 II=0 A20=1 SMM=0 HLT=0
ES =0030 0000000000000000 ffffffff 00cf9300 DPL=0 DS   [-WA]
CS =0038 0000000000000000 ffffffff 00af9a00 DPL=0 CS64 [-R-]
SS =0030 0000000000000000 ffffffff 00cf9300 DPL=0 DS   [-WA]
DS =0030 0000000000000000 ffffffff 00cf9300 DPL=0 DS   [-WA]
FS =0030 0000000000000000 ffffffff 00cf9300 DPL=0 DS   [-WA]
GS =0030 0000000000000000 ffffffff 00cf9300 DPL=0 DS   [-WA]
LDT=0000 0000000000000000 0000ffff 00008200 DPL=0 LDT
TR =0000 0000000000000000 0000ffff 00008b00 DPL=0 TSS64-busy
GDT=     000000001f5dc000 00000047
IDT=     000000001efa4018 00000fff
CR0=80010033 CR2=0000000000000000 CR3=000000001f801000 CR4=00000668
DR0=0000000000000000 DR1=0000000000000000 DR2=0000000000000000 DR3=0000000000000000 
DR6=00000000ffff0ff0 DR7=0000000000000400
CCS=0000000000000004 CCD=000000001fe65700 CCO=EFLAGS
EFER=0000000000000d00
Servicing hardware INT=0x20
   120: v=20 e=0000 i=0 cpl=0 IP=0038:000000001fe82e8a pc=000000001fe82e8a SP=0030:000000001fe65910 env->regs[R_EAX]=00000000000000af
RAX=00000000000000af RBX=000000001fe8c0a0 RCX=0000000000020001 RDX=000000001de69018
RSI=000000001fe8bb60 RDI=000000001df326af RBP=000000001fe659a0 RSP=000000001fe65910
R8 =00000000000000af R9 =00000000000ea000 R10=003a00c100000000 R11=000000001fe65b10
R12=00000000000e96c0 R13=00000000000e9698 R14=000000001de69018 R15=000000001de69000
RIP=000000001fe82e8a RFL=00010202 [-------] CPL=0 II=0 A20=1 SMM=0 HLT=0
ES =0030 0000000000000000 ffffffff 00cf9300 DPL=0 DS   [-WA]
CS =0038 0000000000000000 ffffffff 00af9a00 DPL=0 CS64 [-R-]
SS =0030 0000000000000000 ffffffff 00cf9300 DPL=0 DS   [-WA]
DS =0030 0000000000000000 ffffffff 00cf9300 DPL=0 DS   [-WA]
FS =0030 0000000000000000 ffffffff 00cf9300 DPL=0 DS   [-WA]
GS =0030 0000000000000000 ffffffff 00cf9300 DPL=0 DS   [-WA]
LDT=0000 0000000000000000 0000ffff 00008200 DPL=0 LDT
TR =0000 0000000000000000 0000ffff 00008b00 DPL=0 TSS64-busy
GDT=     000000001f5dc000 00000047
IDT=     000000001efa4018 00000fff
CR0=80010033 CR2=0000000000000000 CR3=000000001f801000 CR4=00000668
DR0=0000000000000000 DR1=0000000000000000 DR2=0000000000000000 DR3=0000000000000000 
DR6=00000000ffff0ff0 DR7=0000000000000400
CCS=0000000000000000 CCD=000000001fe658f8 CCO=EFLAGS
EFER=0000000000000d00
Servicing hardware INT=0x20
   121: v=20 e=0000 i=0 cpl=0 IP=0038:000000001f6c8392 pc=000000001f6c8392 SP=0030:000000001fe65900 env->regs[R_EAX]=0000000000000000
RAX=0000000000000000 RBX=000000001fe65947 RCX=0000000000000101 RDX=0000000000000e4a
RSI=00000000ffc0e000 RDI=000000000000000e RBP=000000001fe659a0 RSP=000000001fe65900
R8 =0000000000000e4a R9 =000000001fe658a8 R10=000000001f598e60 R11=000000001f6e6d92
R12=000000001fe65a00 R13=000000001fe65948 R14=0000000000000000 R15=000000001eac1018
RIP=000000001f6c8392 RFL=00000246 [---Z-P-] CPL=0 II=0 A20=1 SMM=0 HLT=0
ES =0030 0000000000000000 ffffffff 00cf9300 DPL=0 DS   [-WA]
CS =0038 0000000000000000 ffffffff 00af9a00 DPL=0 CS64 [-R-]
SS =0030 0000000000000000 ffffffff 00cf9300 DPL=0 DS   [-WA]
DS =0030 0000000000000000 ffffffff 00cf9300 DPL=0 DS   [-WA]
FS =0030 0000000000000000 ffffffff 00cf9300 DPL=0 DS   [-WA]
GS =0030 0000000000000000 ffffffff 00cf9300 DPL=0 DS   [-WA]
LDT=0000 0000000000000000 0000ffff 00008200 DPL=0 LDT
TR =0000 0000000000000000 0000ffff 00008b00 DPL=0 TSS64-busy
GDT=     000000001f5dc000 00000047
IDT=     000000001efa4018 00000fff
CR0=80010033 CR2=0000000000000000 CR3=000000001f801000 CR4=00000668
DR0=0000000000000000 DR1=0000000000000000 DR2=0000000000000000 DR3=0000000000000000 
DR6=00000000ffff0ff0 DR7=0000000000000400
CCS=0000000000000044 CCD=0000000000000000 CCO=EFLAGS
EFER=0000000000000d00
Servicing hardware INT=0x20
   122: v=20 e=0000 i=0 cpl=0 IP=0038:000000001e6d3862 pc=000000001e6d3862 SP=0030:000000001fe64ff0 env->regs[R_EAX]=00000000000000bc
RAX=00000000000000bc RBX=0000000000000064 RCX=000000000000b008 RDX=00000000008763b9
RSI=0000000000876475 RDI=000000001e5cab54 RBP=000000001fe65020 RSP=000000001fe64ff0
R8 =000000001fe6500f R9 =000000000000c042 R10=0000000000000000 R11=0000000000000000
R12=000000000004baf1 R13=0000000000000011 R14=000000000000c040 R15=0000000000000000
RIP=000000001e6d3862 RFL=00000202 [-------] CPL=0 II=0 A20=1 SMM=0 HLT=0
ES =0030 0000000000000000 ffffffff 00cf9300 DPL=0 DS   [-WA]
CS =0038 0000000000000000 ffffffff 00af9a00 DPL=0 CS64 [-R-]
SS =0030 0000000000000000 ffffffff 00cf9300 DPL=0 DS   [-WA]
DS =0030 0000000000000000 ffffffff 00cf9300 DPL=0 DS   [-WA]
FS =0030 0000000000000000 ffffffff 00cf9300 DPL=0 DS   [-WA]
GS =0030 0000000000000000 ffffffff 00cf9300 DPL=0 DS   [-WA]
LDT=0000 0000000000000000 0000ffff 00008200 DPL=0 LDT
TR =0000 0000000000000000 0000ffff 00008b00 DPL=0 TSS64-busy
GDT=     000000001f5dc000 00000047
IDT=     000000001efa4018 00000fff
CR0=80010033 CR2=0000000000000000 CR3=000000001f801000 CR4=00000668
DR0=0000000000000000 DR1=0000000000000000 DR2=0000000000000000 DR3=0000000000000000 
DR6=00000000ffff0ff0 DR7=0000000000000400
CCS=0000000000000000 CCD=00000000000000bc CCO=EFLAGS
EFER=0000000000000d00
Servicing hardware INT=0x20
   123: v=20 e=0000 i=0 cpl=0 IP=0038:000000001e6d3862 pc=000000001e6d3862 SP=0030:000000001fe64ff0 env->regs[R_EAX]=0000000000000dbd
RAX=0000000000000dbd RBX=0000000000002710 RCX=000000000000b008 RDX=000000000087e520
RSI=000000000087f2dd RDI=000000001e5cab54 RBP=000000001fe65020 RSP=000000001fe64ff0
R8 =000000001fe65040 R9 =00000000000003f6 R10=0000000000000000 R11=0000000000000000
R12=000000000000c042 R13=0000000000000011 R14=000000000000c040 R15=0000000000000000
RIP=000000001e6d3862 RFL=00000206 [-----P-] CPL=0 II=0 A20=1 SMM=0 HLT=0
ES =0030 0000000000000000 ffffffff 00cf9300 DPL=0 DS   [-WA]
CS =0038 0000000000000000 ffffffff 00af9a00 DPL=0 CS64 [-R-]
SS =0030 0000000000000000 ffffffff 00cf9300 DPL=0 DS   [-WA]
DS =0030 0000000000000000 ffffffff 00cf9300 DPL=0 DS   [-WA]
FS =0030 0000000000000000 ffffffff 00cf9300 DPL=0 DS   [-WA]
GS =0030 0000000000000000 ffffffff 00cf9300 DPL=0 DS   [-WA]
LDT=0000 0000000000000000 0000ffff 00008200 DPL=0 LDT
TR =0000 0000000000000000 0000ffff 00008b00 DPL=0 TSS64-busy
GDT=     000000001f5dc000 00000047
IDT=     000000001efa4018 00000fff
CR0=80010033 CR2=0000000000000000 CR3=000000001f801000 CR4=00000668
DR0=0000000000000000 DR1=0000000000000000 DR2=0000000000000000 DR3=0000000000000000 
DR6=00000000ffff0ff0 DR7=0000000000000400
CCS=0000000000000004 CCD=0000000000000dbd CCO=EFLAGS
EFER=0000000000000d00
Servicing hardware INT=0x20
   124: v=20 e=0000 i=0 cpl=0 IP=0038:000000001e6d3862 pc=000000001e6d3862 SP=0030:000000001fe64e40 env->regs[R_EAX]=0000000000000f62
RAX=0000000000000f62 RBX=0000000000002710 RCX=000000000000b008 RDX=0000000000887cf7
RSI=0000000000888c59 RDI=000000001e5cab54 RBP=000000001fe64e70 RSP=000000001fe64e40
R8 =000000001fe64e90 R9 =00000000000003f6 R10=0000000000000000 R11=0000000000000000
R12=000000000000c042 R13=0000000000000011 R14=000000000000c040 R15=0000000000000000
RIP=000000001e6d3862 RFL=00000202 [-------] CPL=0 II=0 A20=1 SMM=0 HLT=0
ES =0030 0000000000000000 ffffffff 00cf9300 DPL=0 DS   [-WA]
CS =0038 0000000000000000 ffffffff 00af9a00 DPL=0 CS64 [-R-]
SS =0030 0000000000000000 ffffffff 00cf9300 DPL=0 DS   [-WA]
DS =0030 0000000000000000 ffffffff 00cf9300 DPL=0 DS   [-WA]
FS =0030 0000000000000000 ffffffff 00cf9300 DPL=0 DS   [-WA]
GS =0030 0000000000000000 ffffffff 00cf9300 DPL=0 DS   [-WA]
LDT=0000 0000000000000000 0000ffff 00008200 DPL=0 LDT
TR =0000 0000000000000000 0000ffff 00008b00 DPL=0 TSS64-busy
GDT=     000000001f5dc000 00000047
IDT=     000000001efa4018 00000fff
CR0=80010033 CR2=0000000000000000 CR3=000000001f801000 CR4=00000668
DR0=0000000000000000 DR1=0000000000000000 DR2=0000000000000000 DR3=0000000000000000 
DR6=00000000ffff0ff0 DR7=0000000000000400
CCS=0000000000000000 CCD=0000000000000f62 CCO=EFLAGS
EFER=0000000000000d00
Servicing hardware INT=0x20
   125: v=20 e=0000 i=0 cpl=0 IP=0038:000000001e6d3862 pc=000000001e6d3862 SP=0030:000000001fe64e40 env->regs[R_EAX]=0000000000002bc2
RAX=0000000000002bc2 RBX=0000000000002710 RCX=000000000000b008 RDX=000000000088fab2
RSI=0000000000892674 RDI=000000001e5cab54 RBP=000000001fe64e70 RSP=000000001fe64e40
R8 =000000001fe64e90 R9 =00000000000003f6 R10=0000000000000000 R11=0000000000000000
R12=000000000000c042 R13=0000000000000011 R14=000000000000c040 R15=0000000000000000
RIP=000000001e6d3862 RFL=00000202 [-------] CPL=0 II=0 A20=1 SMM=0 HLT=0
ES =0030 0000000000000000 ffffffff 00cf9300 DPL=0 DS   [-WA]
CS =0038 0000000000000000 ffffffff 00af9a00 DPL=0 CS64 [-R-]
SS =0030 0000000000000000 ffffffff 00cf9300 DPL=0 DS   [-WA]
DS =0030 0000000000000000 ffffffff 00cf9300 DPL=0 DS   [-WA]
FS =0030 0000000000000000 ffffffff 00cf9300 DPL=0 DS   [-WA]
GS =0030 0000000000000000 ffffffff 00cf9300 DPL=0 DS   [-WA]
LDT=0000 0000000000000000 0000ffff 00008200 DPL=0 LDT
TR =0000 0000000000000000 0000ffff 00008b00 DPL=0 TSS64-busy
GDT=     000000001f5dc000 00000047
IDT=     000000001efa4018 00000fff
CR0=80010033 CR2=0000000000000000 CR3=000000001f801000 CR4=00000668
DR0=0000000000000000 DR1=0000000000000000 DR2=0000000000000000 DR3=0000000000000000 
DR6=00000000ffff0ff0 DR7=0000000000000400
CCS=0000000000000000 CCD=0000000000002bc2 CCO=EFLAGS
EFER=0000000000000d00
Servicing hardware INT=0x20
   126: v=20 e=0000 i=0 cpl=0 IP=0038:000000001e6d3811 pc=000000001e6d3811 SP=0030:000000001fe64f70 env->regs[R_EAX]=0000000000898612
RAX=0000000000898612 RBX=000000000000b008 RCX=000000000000b008 RDX=000000000000b008
RSI=000000000089bfcb RDI=000000001e5cab54 RBP=000000001fe64fd0 RSP=000000001fe64f70
R8 =000000001fe65030 R9 =00000000000003f6 R10=0000000000000000 R11=0000000000000000
R12=0000000000000000 R13=0000000000000011 R14=000000000000c040 R15=0000000000000000
RIP=000000001e6d3811 RFL=00000293 [--S-A-C] CPL=0 II=0 A20=1 SMM=0 HLT=0
ES =0030 0000000000000000 ffffffff 00cf9300 DPL=0 DS   [-WA]
CS =0038 0000000000000000 ffffffff 00af9a00 DPL=0 CS64 [-R-]
SS =0030 0000000000000000 ffffffff 00cf9300 DPL=0 DS   [-WA]
DS =0030 0000000000000000 ffffffff 00cf9300 DPL=0 DS   [-WA]
FS =0030 0000000000000000 ffffffff 00cf9300 DPL=0 DS   [-WA]
GS =0030 0000000000000000 ffffffff 00cf9300 DPL=0 DS   [-WA]
LDT=0000 0000000000000000 0000ffff 00008200 DPL=0 LDT
TR =0000 0000000000000000 0000ffff 00008b00 DPL=0 TSS64-busy
GDT=     000000001f5dc000 00000047
IDT=     000000001efa4018 00000fff
CR0=80010033 CR2=0000000000000000 CR3=000000001f801000 CR4=00000668
DR0=0000000000000000 DR1=0000000000000000 DR2=0000000000000000 DR3=0000000000000000 
DR6=00000000ffff0ff0 DR7=0000000000000400
CCS=0000000000000091 CCD=00000000000038fe CCO=EFLAGS
EFER=0000000000000d00
Servicing hardware INT=0x20
   127: v=20 e=0000 i=0 cpl=0 IP=0038:000000001e6d3862 pc=000000001e6d3862 SP=0030:000000001fe65450 env->regs[R_EAX]=000000000000528c
RAX=000000000000528c RBX=0000000000002710 RCX=000000000000b008 RDX=00000000008a10d1
RSI=00000000008a635d RDI=000000001e5cab54 RBP=000000001fe65480 RSP=000000001fe65450
R8 =000000001fe654a0 R9 =00000000000003f6 R10=0000000000000000 R11=0000000000000000
R12=000000000000c042 R13=0000000000000011 R14=000000000000c040 R15=0000000000000000
RIP=000000001e6d3862 RFL=00000202 [-------] CPL=0 II=0 A20=1 SMM=0 HLT=0
ES =0030 0000000000000000 ffffffff 00cf9300 DPL=0 DS   [-WA]
CS =0038 0000000000000000 ffffffff 00af9a00 DPL=0 CS64 [-R-]
SS =0030 0000000000000000 ffffffff 00cf9300 DPL=0 DS   [-WA]
DS =0030 0000000000000000 ffffffff 00cf9300 DPL=0 DS   [-WA]
FS =0030 0000000000000000 ffffffff 00cf9300 DPL=0 DS   [-WA]
GS =0030 0000000000000000 ffffffff 00cf9300 DPL=0 DS   [-WA]
LDT=0000 0000000000000000 0000ffff 00008200 DPL=0 LDT
TR =0000 0000000000000000 0000ffff 00008b00 DPL=0 TSS64-busy
GDT=     000000001f5dc000 00000047
IDT=     000000001efa4018 00000fff
CR0=80010033 CR2=0000000000000000 CR3=000000001f801000 CR4=00000668
DR0=0000000000000000 DR1=0000000000000000 DR2=0000000000000000 DR3=0000000000000000 
DR6=00000000ffff0ff0 DR7=0000000000000400
CCS=0000000000000000 CCD=000000000000528c CCO=EFLAGS
EFER=0000000000000d00
Servicing hardware INT=0x20
   128: v=20 e=0000 i=0 cpl=0 IP=0038:000000001e6d3862 pc=000000001e6d3862 SP=0030:000000001fe64ac0 env->regs[R_EAX]=000000000000000e
RAX=000000000000000e RBX=0000000000000064 RCX=000000000000b008 RDX=00000000008af6a6
RSI=00000000008af6b4 RDI=000000001e5cab54 RBP=000000001fe64af0 RSP=000000001fe64ac0
R8 =000000001fe64adf R9 =000000000000c042 R10=0000000000000000 R11=0000000000000000
R12=000000000004baf1 R13=0000000000000011 R14=000000000000c040 R15=0000000000000000
RIP=000000001e6d3862 RFL=00000202 [-------] CPL=0 II=0 A20=1 SMM=0 HLT=0
ES =0030 0000000000000000 ffffffff 00cf9300 DPL=0 DS   [-WA]
CS =0038 0000000000000000 ffffffff 00af9a00 DPL=0 CS64 [-R-]
SS =0030 0000000000000000 ffffffff 00cf9300 DPL=0 DS   [-WA]
DS =0030 0000000000000000 ffffffff 00cf9300 DPL=0 DS   [-WA]
FS =0030 0000000000000000 ffffffff 00cf9300 DPL=0 DS   [-WA]
GS =0030 0000000000000000 ffffffff 00cf9300 DPL=0 DS   [-WA]
LDT=0000 0000000000000000 0000ffff 00008200 DPL=0 LDT
TR =0000 0000000000000000 0000ffff 00008b00 DPL=0 TSS64-busy
GDT=     000000001f5dc000 00000047
IDT=     000000001efa4018 00000fff
CR0=80010033 CR2=0000000000000000 CR3=000000001f801000 CR4=00000668
DR0=0000000000000000 DR1=0000000000000000 DR2=0000000000000000 DR3=0000000000000000 
DR6=00000000ffff0ff0 DR7=0000000000000400
CCS=0000000000000000 CCD=000000000000000e CCO=EFLAGS
EFER=0000000000000d00
Servicing hardware INT=0x20
   129: v=20 e=0000 i=0 cpl=0 IP=0038:000000001e6d3862 pc=000000001e6d3862 SP=0030:000000001fe64ac0 env->regs[R_EAX]=0000000000004edd
RAX=0000000000004edd RBX=0000000000002710 RCX=000000000000b008 RDX=00000000008b3694
RSI=00000000008b8571 RDI=000000001e5cab54 RBP=000000001fe64af0 RSP=000000001fe64ac0
R8 =000000001fe64b10 R9 =00000000000003f6 R10=0000000000000000 R11=0000000000000000
R12=000000000000c042 R13=0000000000000011 R14=000000000000c040 R15=0000000000000000
RIP=000000001e6d3862 RFL=00000206 [-----P-] CPL=0 II=0 A20=1 SMM=0 HLT=0
ES =0030 0000000000000000 ffffffff 00cf9300 DPL=0 DS   [-WA]
CS =0038 0000000000000000 ffffffff 00af9a00 DPL=0 CS64 [-R-]
SS =0030 0000000000000000 ffffffff 00cf9300 DPL=0 DS   [-WA]
DS =0030 0000000000000000 ffffffff 00cf9300 DPL=0 DS   [-WA]
FS =0030 0000000000000000 ffffffff 00cf9300 DPL=0 DS   [-WA]
GS =0030 0000000000000000 ffffffff 00cf9300 DPL=0 DS   [-WA]
LDT=0000 0000000000000000 0000ffff 00008200 DPL=0 LDT
TR =0000 0000000000000000 0000ffff 00008b00 DPL=0 TSS64-busy
GDT=     000000001f5dc000 00000047
IDT=     000000001efa4018 00000fff
CR0=80010033 CR2=0000000000000000 CR3=000000001f801000 CR4=00000668
DR0=0000000000000000 DR1=0000000000000000 DR2=0000000000000000 DR3=0000000000000000 
DR6=00000000ffff0ff0 DR7=0000000000000400
CCS=0000000000000004 CCD=0000000000004edd CCO=EFLAGS
EFER=0000000000000d00
Servicing hardware INT=0x20
   130: v=20 e=0000 i=0 cpl=0 IP=0038:000000001e6d3862 pc=000000001e6d3862 SP=0030:000000001fe64b20 env->regs[R_EAX]=000000000000724d
RAX=000000000000724d RBX=0000000000002710 RCX=000000000000b008 RDX=00000000008bbb86
RSI=00000000008c2dd3 RDI=000000001e5cab54 RBP=000000001fe64b50 RSP=000000001fe64b20
R8 =000000001fe64b70 R9 =00000000000003f6 R10=0000000000000000 R11=0000000000000000
R12=000000000000c042 R13=0000000000000011 R14=000000000000c040 R15=0000000000000000
RIP=000000001e6d3862 RFL=00000206 [-----P-] CPL=0 II=0 A20=1 SMM=0 HLT=0
ES =0030 0000000000000000 ffffffff 00cf9300 DPL=0 DS   [-WA]
CS =0038 0000000000000000 ffffffff 00af9a00 DPL=0 CS64 [-R-]
SS =0030 0000000000000000 ffffffff 00cf9300 DPL=0 DS   [-WA]
DS =0030 0000000000000000 ffffffff 00cf9300 DPL=0 DS   [-WA]
FS =0030 0000000000000000 ffffffff 00cf9300 DPL=0 DS   [-WA]
GS =0030 0000000000000000 ffffffff 00cf9300 DPL=0 DS   [-WA]
LDT=0000 0000000000000000 0000ffff 00008200 DPL=0 LDT
TR =0000 0000000000000000 0000ffff 00008b00 DPL=0 TSS64-busy
GDT=     000000001f5dc000 00000047
IDT=     000000001efa4018 00000fff
CR0=80010033 CR2=0000000000000000 CR3=000000001f801000 CR4=00000668
DR0=0000000000000000 DR1=0000000000000000 DR2=0000000000000000 DR3=0000000000000000 
DR6=00000000ffff0ff0 DR7=0000000000000400
CCS=0000000000000004 CCD=000000000000724d CCO=EFLAGS
EFER=0000000000000d00
Servicing hardware INT=0x20
   131: v=20 e=0000 i=0 cpl=0 IP=0038:000000001efa0419 pc=000000001efa0419 SP=0030:000000001fe64990 env->regs[R_EAX]=0000000000000004
RAX=0000000000000004 RBX=000000000000c042 RCX=000000000000c042 RDX=000000000000c042
RSI=0000000000000000 RDI=0000000000000000 RBP=000000001fe649b0 RSP=000000001fe64990
R8 =000000001fe64adf R9 =000000000000c042 R10=0000000000000000 R11=0000000000000000
R12=000000001fe64adf R13=0000000000000001 R14=0000000000000001 R15=0000000000000001
RIP=000000001efa0419 RFL=00000246 [---Z-P-] CPL=0 II=0 A20=1 SMM=0 HLT=0
ES =0030 0000000000000000 ffffffff 00cf9300 DPL=0 DS   [-WA]
CS =0038 0000000000000000 ffffffff 00af9a00 DPL=0 CS64 [-R-]
SS =0030 0000000000000000 ffffffff 00cf9300 DPL=0 DS   [-WA]
DS =0030 0000000000000000 ffffffff 00cf9300 DPL=0 DS   [-WA]
FS =0030 0000000000000000 ffffffff 00cf9300 DPL=0 DS   [-WA]
GS =0030 0000000000000000 ffffffff 00cf9300 DPL=0 DS   [-WA]
LDT=0000 0000000000000000 0000ffff 00008200 DPL=0 LDT
TR =0000 0000000000000000 0000ffff 00008b00 DPL=0 TSS64-busy
GDT=     000000001f5dc000 00000047
IDT=     000000001efa4018 00000fff
CR0=80010033 CR2=0000000000000000 CR3=000000001f801000 CR4=00000668
DR0=0000000000000000 DR1=0000000000000000 DR2=0000000000000000 DR3=0000000000000000 
DR6=00000000ffff0ff0 DR7=0000000000000400
CCS=0000000000000044 CCD=0000000000000000 CCO=EFLAGS
EFER=0000000000000d00
Servicing hardware INT=0x20
   132: v=20 e=0000 i=0 cpl=0 IP=0038:000000001e6d3862 pc=000000001e6d3862 SP=0030:000000001fe64ac0 env->regs[R_EAX]=000000000000125f
RAX=000000000000125f RBX=0000000000002710 RCX=000000000000b008 RDX=00000000008cc693
RSI=00000000008cd8f2 RDI=000000001e5cab54 RBP=000000001fe64af0 RSP=000000001fe64ac0
R8 =000000001fe64b10 R9 =00000000000003f6 R10=0000000000000000 R11=0000000000000000
R12=000000000000c042 R13=0000000000000011 R14=000000000000c040 R15=0000000000000000
RIP=000000001e6d3862 RFL=00000206 [-----P-] CPL=0 II=0 A20=1 SMM=0 HLT=0
ES =0030 0000000000000000 ffffffff 00cf9300 DPL=0 DS   [-WA]
CS =0038 0000000000000000 ffffffff 00af9a00 DPL=0 CS64 [-R-]
SS =0030 0000000000000000 ffffffff 00cf9300 DPL=0 DS   [-WA]
DS =0030 0000000000000000 ffffffff 00cf9300 DPL=0 DS   [-WA]
FS =0030 0000000000000000 ffffffff 00cf9300 DPL=0 DS   [-WA]
GS =0030 0000000000000000 ffffffff 00cf9300 DPL=0 DS   [-WA]
LDT=0000 0000000000000000 0000ffff 00008200 DPL=0 LDT
TR =0000 0000000000000000 0000ffff 00008b00 DPL=0 TSS64-busy
GDT=     000000001f5dc000 00000047
IDT=     000000001efa4018 00000fff
CR0=80010033 CR2=0000000000000000 CR3=000000001f801000 CR4=00000668
DR0=0000000000000000 DR1=0000000000000000 DR2=0000000000000000 DR3=0000000000000000 
DR6=00000000ffff0ff0 DR7=0000000000000400
CCS=0000000000000004 CCD=000000000000125f CCO=EFLAGS
EFER=0000000000000d00
Servicing hardware INT=0x20
   133: v=20 e=0000 i=0 cpl=0 IP=0038:000000001eb56266 pc=000000001eb56266 SP=0030:000000001fe65068 env->regs[R_EAX]=000000001eb6ba80
RAX=000000001eb6ba80 RBX=0000000000000010 RCX=000000001eb6ba80 RDX=000000001fe85f28
RSI=000000001fe8c0c0 RDI=0000000000000001 RBP=000000001fe650a0 RSP=000000001fe65068
R8 =0000000000000004 R9 =000000001e5b6a98 R10=000000001e7a1798 R11=000000001e7aa698
R12=0000000000000010 R13=0000000000000004 R14=000000001fe8ab90 R15=000000001e7a17a8
RIP=000000001eb56266 RFL=00000202 [-------] CPL=0 II=0 A20=1 SMM=0 HLT=0
ES =0030 0000000000000000 ffffffff 00cf9300 DPL=0 DS   [-WA]
CS =0038 0000000000000000 ffffffff 00af9a00 DPL=0 CS64 [-R-]
SS =0030 0000000000000000 ffffffff 00cf9300 DPL=0 DS   [-WA]
DS =0030 0000000000000000 ffffffff 00cf9300 DPL=0 DS   [-WA]
FS =0030 0000000000000000 ffffffff 00cf9300 DPL=0 DS   [-WA]
GS =0030 0000000000000000 ffffffff 00cf9300 DPL=0 DS   [-WA]
LDT=0000 0000000000000000 0000ffff 00008200 DPL=0 LDT
TR =0000 0000000000000000 0000ffff 00008b00 DPL=0 TSS64-busy
GDT=     000000001f5dc000 00000047
IDT=     000000001efa4018 00000fff
CR0=80010033 CR2=0000000000000000 CR3=000000001f801000 CR4=00000668
DR0=0000000000000000 DR1=0000000000000000 DR2=0000000000000000 DR3=0000000000000000 
DR6=00000000ffff0ff0 DR7=0000000000000400
CCS=0000000000000000 CCD=000000001fe65070 CCO=EFLAGS
EFER=0000000000000d00
check_exception old: 0xffffffff new 0xe
   134: v=0e e=0003 i=0 cpl=0 IP=0008:000000001de51072 pc=000000001de51072 SP=0000:ffffffff80000360 CR2=ffffffff80000358
RAX=0000000000000000 RBX=000000001de53020 RCX=0000000000000277 RDX=000000001de2c000
RSI=ffffffff80000360 RDI=000000001fe65860 RBP=000000001de56018 RSP=ffffffff80000360
R8 =000000001de2c000 R9 =000000001eb72397 R10=000000001fe64fb0 R11=0000000000000000
R12=0000000080000000 R13=00000000003e8000 R14=0000000000001001 R15=000000001de58c98
RIP=000000001de51072 RFL=00000002 [-------] CPL=0 II=0 A20=1 SMM=0 HLT=0
ES =0030 0000000000000000 ffffffff 00cf9300 DPL=0 DS   [-WA]
CS =0008 0000000000000000 ffffffff 00af9a00 DPL=0 CS64 [-R-]
SS =0000 0000000000000000 ffffffff 00c09300 DPL=0 DS   [-WA]
DS =0000 0000000000000000 00000000 00000000
FS =0030 0000000000000000 ffffffff 00cf9300 DPL=0 DS   [-WA]
GS =0030 0000000000000000 ffffffff 00cf9300 DPL=0 DS   [-WA]
LDT=0000 0000000000000000 0000ffff 00008200 DPL=0 LDT
TR =0000 0000000000000000 0000ffff 00008b00 DPL=0 TSS64-busy
GDT=     000000001de53000 0000000f
IDT=     000000001efa4018 00000fff
CR0=80010033 CR2=ffffffff80000358 CR3=000000001de2c000 CR4=00000668
DR0=0000000000000000 DR1=0000000000000000 DR2=0000000000000000 DR3=0000000000000000 
DR6=00000000ffff0ff0 DR7=0000000000000400
CCS=0000000000000000 CCD=0000000080010033 CCO=EFLAGS
EFER=0000000000000d00
check_exception old: 0xe new 0xd
   135: v=08 e=0000 i=0 cpl=0 IP=0008:000000001de51072 pc=000000001de51072 SP=0000:ffffffff80000360 env->regs[R_EAX]=0000000000000000
RAX=0000000000000000 RBX=000000001de53020 RCX=0000000000000277 RDX=000000001de2c000
RSI=ffffffff80000360 RDI=000000001fe65860 RBP=000000001de56018 RSP=ffffffff80000360
R8 =000000001de2c000 R9 =000000001eb72397 R10=000000001fe64fb0 R11=0000000000000000
R12=0000000080000000 R13=00000000003e8000 R14=0000000000001001 R15=000000001de58c98
RIP=000000001de51072 RFL=00000002 [-------] CPL=0 II=0 A20=1 SMM=0 HLT=0
ES =0030 0000000000000000 ffffffff 00cf9300 DPL=0 DS   [-WA]
CS =0008 0000000000000000 ffffffff 00af9a00 DPL=0 CS64 [-R-]
SS =0000 0000000000000000 ffffffff 00c09300 DPL=0 DS   [-WA]
DS =0000 0000000000000000 00000000 00000000
FS =0030 0000000000000000 ffffffff 00cf9300 DPL=0 DS   [-WA]
GS =0030 0000000000000000 ffffffff 00cf9300 DPL=0 DS   [-WA]
LDT=0000 0000000000000000 0000ffff 00008200 DPL=0 LDT
TR =0000 0000000000000000 0000ffff 00008b00 DPL=0 TSS64-busy
GDT=     000000001de53000 0000000f
IDT=     000000001efa4018 00000fff
CR0=80010033 CR2=ffffffff80000358 CR3=000000001de2c000 CR4=00000668
DR0=0000000000000000 DR1=0000000000000000 DR2=0000000000000000 DR3=0000000000000000 
DR6=00000000ffff0ff0 DR7=0000000000000400
CCS=0000000000000000 CCD=0000000080010033 CCO=EFLAGS
EFER=0000000000000d00
check_exception old: 0x8 new 0xd
Triple fault
